S1_Light,S2_Light,S3_Light,S4_Light,S5_CO2,S5_CO2_Slope,S6_PIR,S7_PIR,Temperature,Sound,Room_Occupancy_Count
0,0,0,0,365,-0.038461538,0,0,25.2975,0.0574999999999999,0
8,9,43,29,355,-0.119230769,0,0,25.015,0.065,0
0,0,0,0,605,-2.011538462,0,0,25.6425,0.06,0
0,0,0,0,360,0.023076923,0,0,25.1425,0.0625,0
0,0,0,0,570,-1.526923077,0,0,25.6125,0.06,0
0,0,0,0,355,-0.173076923,0,0,25.095,0.0574999999999999,0
7,7,35,24,360,-0.030769231,0,0,25.0,0.065,0
0,0,0,0,375,-0.126923077,0,0,25.3775,0.0574999999999999,0
10,11,49,33,355,0.0,0,0,25.1575,0.07,0
17,20,73,54,355,0.0,0,0,25.485,0.07,0
5,5,29,20,350,0.0,0,0,25.0,0.0725,0
0,0,0,0,475,-1.842307692,0,0,25.5325,0.0625,0
0,0,0,0,350,-0.046153846,0,0,25.1125,0.075,0
9,8,33,29,445,2.542307692,0,0,25.845,0.0825,3
161,249,83,62,575,2.684615385,1,0,26.1875,0.6275,2
116,25,185,16,700,2.373076923,1,1,25.985,1.7125,2
0,0,0,0,430,-1.926923077,0,0,25.455,0.0675,0
19,23,80,59,355,0.0,0,0,25.5325,0.0775,0
123,37,70,50,365,0.296153846,0,0,25.455,0.3424999999999999,1
0,0,0,0,385,0.0,0,0,25.425,0.0625,0
0,0,0,0,355,-0.138461538,0,0,25.5325,0.075,0
119,24,192,14,620,2.092307692,0,1,25.97,0.13,2
161,250,83,62,560,4.873076923,0,0,25.9525,0.3249999999999999,2
150,236,180,10,1160,2.957692308,1,0,26.375,0.795,3
0,0,0,0,355,-0.142307692,0,0,25.5175,0.0725,0
0,0,0,0,355,0.065384615,0,0,25.455,0.0725,0
0,0,0,0,880,-3.457692308,0,0,25.875,0.0625,0
0,0,0,0,780,-1.95,0,0,25.7975,0.0575,0
9,9,49,35,435,-1.288461538,0,0,26.0775,0.06,0
0,0,0,0,795,-1.776923077,0,0,25.8125,0.06,0
5,5,26,18,350,0.0,0,0,24.9525,0.0675,0
0,0,3,2,355,0.003846154,0,0,25.05,0.0625,0
13,14,59,43,355,0.0,0,0,25.2825,0.07,0
0,0,0,0,355,0.215384615,0,0,25.5175,0.075,0
123,35,59,45,440,0.934615385,0,0,25.1725,0.135,1
0,0,0,0,390,-0.742307692,0,0,25.44,0.0625,0
0,0,0,0,390,-1.603846154,0,0,25.485,0.0575,0
0,0,0,0,345,0.0,0,0,25.11,0.0675,0
0,0,0,0,740,-2.05,0,0,25.7825,0.0575,0
4,4,19,13,360,0.007692308,0,0,25.0325,0.0575,0
0,0,0,0,365,-0.065384615,0,0,25.1725,0.06,0
0,0,0,0,440,-1.207692308,0,0,25.515,0.0575,0
142,227,172,10,1250,1.357692308,0,0,26.735,1.235,3
8,10,42,30,355,0.0,0,0,25.6275,0.0825,0
0,0,0,0,700,-1.630769231,0,0,25.735,0.065,0
165,254,278,73,865,0.496153846,0,1,26.3925,0.6025,2
0,0,0,0,355,0.0,0,0,25.425,0.0725,0
2,2,14,8,345,0.0,0,0,24.9525,0.065,0
165,255,278,74,960,1.442307692,0,0,26.4075,0.14,3
117,19,183,7,1060,2.084615385,0,0,26.22,0.1699999999999999,2
148,234,177,10,1035,2.557692308,0,1,26.2525,0.7899999999999999,3
0,0,0,0,345,-0.115384615,0,0,25.25,0.065,0
5,5,27,18,360,0.0,0,0,25.0475,0.0575,0
119,24,195,16,575,1.765384615,0,0,25.955,0.5449999999999999,2
0,0,0,0,370,-0.238461538,0,0,25.33,0.06,0
0,0,0,0,385,-0.219230769,0,0,25.425,0.0675,0
0,0,0,0,500,-1.626923077,0,0,25.565,0.06,0
11,12,50,36,355,0.0,0,0,25.22,0.065,0
150,236,180,11,1165,3.238461538,0,0,26.345,0.7625000000000001,3
4,4,21,15,360,0.076923077,0,0,24.985,0.065,0
14,15,60,43,355,0.0,0,0,25.3,0.07,0
117,26,43,24,620,0.892307692,0,0,25.905,0.065,1
0,0,0,0,390,-1.642307692,0,0,25.47,0.065,0
0,0,0,0,640,-2.130769231,0,0,25.6725,0.06,0
14,18,70,50,355,0.0,0,0,25.6125,0.075,0
6,6,32,20,350,0.0,0,0,25.0825,0.0725,0
0,0,6,4,345,0.0,0,0,24.9525,0.0625,0
160,247,72,54,610,1.373076923,0,0,26.2825,0.8425,2
0,0,0,0,365,0.011538462,0,0,25.2975,0.0574999999999999,0
4,4,26,15,350,-0.030769231,0,0,25.5975,0.07,0
0,0,0,0,350,0.084615385,0,0,25.515,0.0675,0
0,0,0,0,360,-0.026923077,0,0,25.28,0.0625,0
4,4,20,14,360,-0.011538462,0,0,25.05,0.0574999999999999,0
14,19,70,50,355,0.0,0,0,25.5825,0.0775,0
121,25,47,35,425,0.238461538,0,0,26.14,0.095,1
0,0,0,0,365,-0.05,0,0,25.2975,0.0574999999999999,0
0,0,0,0,650,-2.280769231,0,0,25.6425,0.06,0
0,0,2,1,345,0.0,0,0,24.985,0.0675,0
115,24,180,12,735,1.392307692,0,1,26.0,0.06,2
0,0,0,0,550,-1.988461538,0,0,25.595,0.06,0
14,15,72,53,600,-1.473076923,0,0,26.1575,0.0625,0
0,0,0,0,665,-3.003846154,0,0,25.6575,0.0625,0
19,23,83,60,355,0.0,0,0,25.5675,0.075,0
0,0,0,0,365,-0.042307692,0,0,25.3775,0.055,0
1,1,7,5,360,0.161538462,0,0,25.05,0.055,0
0,0,0,0,370,0.0,0,0,25.3775,0.06,0
0,0,0,0,420,-1.407692308,0,0,25.47,0.0625,0
0,0,0,0,350,0.0,0,0,25.58,0.0725,0
12,14,57,40,355,0.0,0,0,25.2375,0.0675,0
4,4,22,15,360,0.019230769,0,0,25.0475,0.0625,0
150,239,181,11,1220,1.342307692,0,0,26.705,0.215,3
0,0,0,0,375,-0.284615385,0,0,25.3925,0.065,0
0,0,0,0,360,-0.023076923,0,0,24.985,0.06,0
0,0,0,0,360,0.096153846,0,0,25.08,0.06,0
14,14,68,49,645,0.246153846,0,0,26.1725,0.0675,0
119,23,34,24,475,1.25,0,0,26.17,0.0875,1
119,29,51,30,605,0.342307692,1,0,25.92,1.0624999999999998,1
142,228,8,8,835,0.023076923,1,1,25.9875,0.3525,2
0,0,0,0,360,-0.103846154,0,0,25.315,0.065,0
2,2,12,8,360,0.034615385,0,0,25.0175,0.0625,0
20,24,83,59,355,0.0,0,0,25.5175,0.0725,0
7,6,38,25,490,2.211538462,1,0,25.845,0.175,3
6,6,32,21,360,0.0,0,0,25.0775,0.06,0
0,0,0,0,370,-0.238461538,0,0,25.36,0.065,0
0,0,0,0,345,0.0,0,0,24.9675,0.0625,0
0,0,0,0,360,0.019230769,0,0,25.1575,0.0574999999999999,0
0,0,0,0,350,0.0,0,0,25.5325,0.0675,0
12,14,55,40,355,0.0,0,0,25.2825,0.0824999999999999,0
120,25,47,35,420,0.111538462,1,0,26.125,0.08,1
6,7,32,21,345,0.0,0,0,24.985,0.065,0
0,0,4,3,350,-0.088461538,0,0,25.0175,0.0725,0
0,0,0,0,350,-0.111538462,0,0,25.5025,0.0725,0
0,0,0,0,375,-0.261538462,0,0,25.36,0.06,0
4,4,22,15,355,0.023076923,0,0,24.97,0.0625,0
1,1,10,6,355,0.0,0,0,24.985,0.06,0
0,0,0,0,370,-0.207692308,0,0,25.33,0.0625,0
159,248,73,54,415,1.038461538,1,0,25.75,0.1225,2
148,234,184,10,945,2.992307692,0,0,26.175,0.12,3
0,0,0,0,385,-0.153846154,0,0,25.3925,0.06,0
0,0,1,1,350,-0.003846154,0,0,25.58,0.0825,0
116,25,183,14,715,1.923076923,1,1,26.0,1.5399999999999998,2
0,0,0,0,350,-0.084615385,0,0,25.4225,0.07,0
0,0,0,0,775,-2.134615385,0,0,25.795,0.065,0
0,0,0,0,355,-0.280769231,0,0,25.3,0.0675,0
0,0,0,0,680,-2.215384615,0,0,25.705,0.06,0
0,0,0,0,400,-1.053846154,0,0,25.455,0.07,0
11,13,54,37,360,0.023076923,0,0,25.25,0.08,0
0,0,0,0,355,0.119230769,0,0,25.5325,0.0725,0
3,3,15,11,355,0.011538462,0,0,24.97,0.0625,0
2,3,14,10,350,-0.030769231,0,0,25.6125,0.0725,0
0,0,0,0,380,-0.269230769,0,0,25.4375,0.06,0
8,8,40,26,360,-0.003846154,0,0,25.0475,0.0625,0
0,0,0,0,365,-0.073076923,0,0,25.315,0.0625,0
0,0,0,0,365,-0.034615385,0,0,25.1575,0.06,0
0,0,0,0,355,-0.046153846,0,0,25.1275,0.06,0
0,0,0,0,355,-0.034615385,0,0,25.0825,0.07,0
0,0,0,0,355,0.0,0,0,25.3125,0.075,0
0,0,0,0,520,-2.165384615,0,0,25.515,0.065,0
0,0,0,0,355,0.0,0,0,25.28,0.07,0
16,20,72,51,355,0.0,0,0,25.4525,0.0725,0
6,7,32,21,345,0.0,0,0,24.985,0.0625,0
10,11,48,32,355,0.0,0,0,25.1575,0.0725,0
0,0,0,0,355,0.0,0,0,25.395,0.0725,0
17,20,74,53,355,0.0,0,0,25.4375,0.075,0
14,19,87,54,705,-2.55,0,0,25.985,0.0575,0
0,0,0,0,365,-0.080769231,0,0,25.3325,0.0575,0
4,4,20,14,355,0.046153846,0,0,24.97,0.0625,0
0,0,0,0,570,-2.25,0,0,25.6125,0.06,0
10,11,57,36,370,0.769230769,1,0,25.5325,0.1625,3
3,3,17,13,360,0.038461538,0,0,24.9375,0.0625,0
0,0,0,0,840,-2.073076923,0,0,25.8425,0.06,0
0,0,0,0,785,-2.146153846,0,0,25.7975,0.055,0
0,0,0,0,820,-3.346153846,0,0,25.8425,0.06,0
0,0,0,0,355,0.0,0,0,25.33,0.075,0
115,24,179,11,745,1.25,0,1,26.0325,0.0675,2
8,8,30,27,475,2.630769231,1,0,25.7975,0.29,3
5,5,25,17,360,0.176923077,0,0,24.985,0.065,0
0,0,0,0,765,-2.469230769,0,0,25.78,0.06,0
0,0,0,0,525,-1.842307692,0,0,25.565,0.06,0
9,10,45,32,355,0.0,0,0,25.5975,0.07,0
6,6,32,21,350,0.0,0,0,25.0825,0.075,0
0,0,0,0,440,-1.365384615,0,0,25.5,0.0625,0
0,0,0,0,620,-2.5,0,0,25.6275,0.06,0
0,0,0,0,380,-0.273076923,0,0,25.4225,0.0625,0
118,24,194,15,595,1.35,1,0,25.9525,0.4775,2
0,0,0,0,360,-0.05,0,0,25.0025,0.065,0
0,0,0,0,360,3.08e-18,0,0,25.1575,0.0625,0
0,0,0,0,550,-1.992307692,0,0,25.58,0.06,0
0,0,0,0,360,0.030769231,0,0,25.1725,0.06,0
142,226,172,10,1225,0.9,1,1,26.72,0.4225,3
2,3,14,10,350,-0.034615385,0,0,25.5975,0.0775,0
150,236,186,11,805,1.273076923,0,0,26.1425,0.1525,3
0,0,0,0,410,-1.465384615,0,0,25.455,0.055,0
0,0,0,0,350,-0.080769231,0,0,25.5025,0.0725,0
150,239,180,10,1215,0.484615385,0,1,26.6875,0.7225,3
17,20,75,54,355,0.0,0,0,25.4375,0.0725,0
0,0,0,0,345,0.0,0,0,25.1725,0.07,0
10,11,49,35,355,0.0,0,0,25.205,0.0725,0
0,0,0,0,835,-0.342307692,0,0,25.895,0.065,0
0,0,0,0,365,-0.161538462,0,0,25.3625,0.0574999999999999,0
0,0,0,0,355,-0.126923077,0,0,25.1275,0.06,0
0,0,0,0,365,-0.080769231,0,0,25.28,0.0625,0
4,4,26,14,705,2.619230769,1,1,25.875,0.1425,3
0,0,0,0,365,0.042307692,0,0,25.2975,0.0525,0
0,0,0,0,345,0.0,0,0,25.035,0.0625,0
1,1,9,5,360,0.126923077,0,0,25.035,0.0625,0
0,0,0,0,370,-0.161538462,0,0,25.3625,0.06,0
116,25,185,18,685,2.588461538,0,1,25.985,0.585,2
17,20,74,54,355,0.0,0,0,25.4525,0.075,0
0,0,0,0,360,0.0,0,0,25.1725,0.065,0
1,1,10,7,350,0.0,0,0,25.595,0.0725,0
161,251,83,62,510,-0.538461538,0,0,25.8925,0.0875,2
13,16,64,46,355,0.0,0,0,25.5975,0.0975,0
115,19,181,7,1025,0.346153846,0,0,26.1425,0.525,2
3,3,15,11,350,-0.073076923,0,0,25.625,0.07,0
149,237,179,11,835,0.938461538,1,1,26.0975,0.895,3
1,1,10,7,360,0.057692308,0,0,25.0325,0.0575,0
150,234,185,10,980,1.942307692,0,0,26.205,0.3424999999999999,3
161,253,82,60,480,-2.207692308,1,0,25.8925,0.6825,2
0,0,0,0,785,-1.988461538,0,0,25.7975,0.06,0
0,0,0,0,365,-0.05,0,0,25.265,0.0625,0
0,0,0,0,345,0.0,0,0,25.065,0.065,0
0,0,0,0,365,-0.061538462,0,0,25.28,0.06,0
0,0,0,0,360,-0.211538462,0,0,25.08,0.06,0
119,24,37,27,470,1.584615385,1,1,26.14,0.4075,1
0,0,0,0,350,-0.034615385,0,0,25.2525,0.0625,0
119,27,213,25,615,0.284615385,1,1,25.94,1.005,2
16,20,75,54,355,0.0,0,0,25.5975,0.065,0
14,18,69,49,355,0.0,0,0,25.6125,0.075,0
150,239,182,11,1220,1.215384615,0,1,26.6725,1.1275,3
5,6,31,20,360,0.0,0,0,24.9675,0.065,0
0,0,0,0,385,-0.215384615,0,0,25.4225,0.0574999999999999,0
0,0,0,0,355,0.0,0,0,25.22,0.065,0
12,15,61,45,355,0.0,0,0,25.6125,0.0725,0
19,23,83,60,355,0.0,0,0,25.5675,0.07,0
0,0,0,0,350,-1.23e-17,0,0,25.485,0.07,0
150,235,185,10,1045,2.111538462,0,0,26.2375,0.0875,3
3,4,19,13,350,0.0,0,0,24.92,0.07,0
150,242,189,12,765,1.8,1,1,26.0475,0.45,3
1,1,7,5,350,0.0,0,0,25.58,0.0775,0
165,254,275,72,870,0.623076923,0,1,26.4225,0.8025000000000001,2
0,0,0,0,390,-0.073076923,0,0,25.4675,0.0625,0
14,15,62,45,360,-0.080769231,0,0,25.3125,0.0625,0
0,0,0,0,355,0.161538462,0,0,25.5325,0.07,0
0,0,0,0,360,0.007692308,0,0,25.1725,0.0625,0
7,7,38,25,485,2.315384615,1,1,25.83,0.2024999999999999,3
0,0,0,0,355,0.042307692,0,0,25.44,0.075,0
0,0,0,0,350,-0.138461538,0,0,25.47,0.0725,0
0,0,0,0,355,0.0,0,0,24.9825,0.0574999999999999,0
0,0,1,1,355,0.015384615,0,0,24.9675,0.065,0
14,19,70,51,355,0.0,0,0,25.58,0.065,0
14,18,67,49,355,0.0,0,0,25.6125,0.0725,0
122,37,67,49,370,0.280769231,0,0,25.4375,0.2249999999999999,1
0,0,0,0,365,-0.061538462,0,0,25.205,0.0574999999999999,0
0,0,0,0,355,0.092307692,0,0,25.44,0.1149999999999999,0
0,0,0,0,355,0.0,0,0,25.425,0.0675,0
148,234,177,10,995,4.480769231,1,1,26.25,0.7274999999999999,3
18,22,78,56,355,0.0,0,0,25.5325,0.07,0
0,0,0,0,355,0.0,0,0,25.2175,0.07,0
142,226,171,10,1225,0.907692308,0,1,26.735,1.1625,3
0,0,0,0,620,-1.373076923,0,0,25.595,0.09,0
8,8,40,26,360,-0.034615385,0,0,25.0475,0.0625,0
0,0,0,0,355,0.084615385,0,0,25.5025,0.0725,0
142,228,5,7,830,-0.161538462,0,0,26.0,0.345,2
0,0,0,0,515,-1.838461538,0,0,25.565,0.06,0
14,16,64,45,360,0.061538462,0,0,25.3,0.11,0
14,14,69,50,540,-4.015384615,0,0,26.1425,0.0925,0
0,0,0,0,375,-0.019230769,0,0,25.3475,0.06,0
17,20,74,53,355,0.0,0,0,25.4525,0.075,0
0,0,0,0,550,-1.903846154,0,0,25.6125,0.0625,0
118,25,49,35,415,-1.807692308,0,0,26.0775,0.2825,1
0,0,0,0,355,0.226923077,0,0,25.44,0.0725,0
0,0,0,0,355,-0.107692308,0,0,25.455,0.075,0
6,7,35,23,355,-0.026923077,0,0,25.0825,0.06,0
150,238,180,11,860,1.319230769,0,1,26.08,0.06,3
118,21,27,20,515,1.746153846,0,0,26.17,0.355,1
0,0,3,2,355,-0.065384615,0,0,25.035,0.0575,0
10,10,53,33,370,1.046153846,0,0,25.6725,0.2199999999999999,3
0,0,0,0,350,0.0,0,0,25.5325,0.0725,0
0,0,0,0,365,0.034615385,0,0,25.28,0.0625,0
18,22,98,59,950,-0.788461538,0,0,26.22,0.0999999999999999,0
0,0,0,0,365,0.0,0,0,25.3125,0.065,0
122,35,56,43,390,-0.1,0,0,24.9675,0.0825,1
0,0,0,0,365,0.0,0,0,25.28,0.055,0
155,245,72,53,385,0.161538462,0,1,25.61,0.59,2
5,5,28,19,360,0.0,0,0,25.0325,0.06,0
0,0,0,0,430,-1.361538462,0,0,25.5,0.06,0
14,17,81,50,685,-1.923076923,0,0,25.97,0.0925,0
0,0,0,0,370,-0.042307692,0,0,25.33,0.065,0
114,19,179,7,1045,0.403846154,0,0,26.1875,0.2099999999999999,2
0,0,0,0,750,-2.192307692,0,0,25.7975,0.06,0
14,15,72,53,545,-3.857692308,0,0,26.1425,0.105,0
18,20,78,55,355,0.0,0,0,25.345,0.0925,0
6,7,34,22,360,0.0,0,0,24.9975,0.0625,0
159,249,79,59,400,0.4,1,0,25.72,0.6224999999999999,2
0,0,0,0,360,-0.103846154,0,0,25.065,0.06,0
0,0,0,0,355,0.211538462,0,0,25.5325,0.0775,0
0,0,0,0,385,-0.211538462,0,0,25.4375,0.0574999999999999,0
123,37,69,49,375,0.242307692,1,0,25.5025,0.345,1
0,0,0,0,390,0.0,0,0,25.485,0.06,0
0,0,0,0,995,-2.765384615,0,0,26.0175,0.055,0
18,22,78,57,355,0.0,0,0,25.5175,0.0725,0
15,20,89,54,750,-3.646153846,0,0,26.015,0.0625,0
5,5,27,18,360,0.034615385,0,0,24.9675,0.0625,0
0,0,0,0,390,-1.023076923,0,0,25.47,0.055,0
150,236,180,10,1105,2.196153846,1,1,26.3,1.355,3
0,0,0,0,405,-1.161538462,0,0,25.5325,0.06,0
0,0,0,0,375,0.0,0,0,25.3175,0.06,0
0,0,0,0,595,-1.988461538,0,0,25.6425,0.06,0
11,13,54,38,360,0.034615385,0,0,25.235,0.0625,0
0,0,5,3,345,0.0,0,0,24.9675,0.0725,0
0,0,0,0,385,-0.269230769,0,0,25.4075,0.06,0
121,26,49,35,415,-0.138461538,0,0,26.125,0.0875,1
0,0,0,0,365,0.0,0,0,25.3625,0.055,0
2,3,14,10,350,-0.069230769,0,0,25.5975,0.07,0
20,24,87,63,355,0.0,0,0,25.5825,0.0725,0
0,0,0,0,345,0.0,0,0,25.08,0.07,0
0,0,0,0,355,0.0,0,0,24.9675,0.0575,0
0,0,0,0,365,-0.261538462,0,0,25.36,0.065,0
0,0,0,0,500,-1.946153846,0,0,25.565,0.065,0
0,0,0,0,350,-0.103846154,0,0,25.22,0.065,0
3,3,19,12,750,2.788461538,1,1,25.89,0.075,3
1,1,8,5,360,0.138461538,0,0,25.0325,0.06,0
0,0,0,0,365,0.0,0,0,25.3475,0.0525,0
119,34,70,45,575,-1.096153846,0,0,25.94,0.1925,1
0,0,0,0,355,-0.030769231,0,0,25.0025,0.0625,0
0,0,0,0,520,-1.953846154,0,0,25.58,0.06,0
5,5,25,17,360,0.0,0,0,25.0325,0.06,0
162,251,86,65,565,3.915384615,1,0,26.08,0.7425,2
12,14,56,40,355,0.0,0,0,25.2825,0.075,0
150,242,180,12,830,1.557692308,0,0,26.0625,0.1225,3
13,14,57,41,355,0.0,0,0,25.2825,0.07,0
0,0,0,0,355,0.0,0,0,25.28,0.105,0
3,3,18,13,350,0.0,0,0,24.92,0.0725,0
8,8,40,27,360,-0.007692308,0,0,25.0325,0.07,0
0,0,0,0,400,-1.307692308,0,0,25.47,0.07,0
5,6,29,21,350,0.053846154,0,0,25.5975,0.07,0
6,7,34,22,350,0.0,0,0,25.015,0.07,0
0,0,0,0,890,-3.592307692,0,0,25.875,0.0625,0
0,0,0,0,550,-2.030769231,0,0,25.595,0.06,0
14,16,64,45,355,0.0,0,0,25.2675,0.0725,0
4,4,19,14,345,0.0,0,0,24.935,0.0675,0
0,0,0,0,370,-0.119230769,0,0,25.36,0.0625,0
0,0,5,4,345,0.0,0,0,24.9375,0.065,0
149,240,180,12,830,1.880769231,0,1,26.095,0.1425,3
0,0,0,0,365,0.0,0,0,25.235,0.065,0
10,11,57,41,460,-2.211538462,0,0,26.1075,0.0625,0
0,0,0,0,355,-0.076923077,0,0,25.0175,0.06,0
0,0,0,0,370,-0.080769231,0,0,25.345,0.0625,0
2,3,14,10,350,-0.057692308,0,0,25.6275,0.0725,0
17,20,73,53,355,0.0,0,0,25.47,0.075,0
0,0,0,0,385,-0.261538462,0,0,25.4525,0.0574999999999999,0
11,14,55,40,355,0.0,0,0,25.5975,0.075,0
0,0,0,0,360,-0.061538462,0,0,25.1575,0.0625,0
7,7,36,24,355,-0.015384615,0,0,25.0825,0.0875,0
0,0,0,0,360,-0.034615385,0,0,25.11,0.0575,0
0,0,2,1,355,0.038461538,0,0,24.985,0.0575,0
6,7,35,23,355,-0.065384615,0,0,25.0825,0.06,0
18,20,75,55,355,0.0,0,0,25.5025,0.0725,0
0,0,0,0,365,-0.042307692,0,0,25.3625,0.0574999999999999,0
2,2,11,7,355,0.023076923,0,0,24.985,0.0625,0
5,5,29,20,360,0.0,0,0,25.065,0.0625,0
0,0,0,0,695,-1.319230769,0,0,25.72,0.0725,0
116,22,186,10,735,2.319230769,1,0,26.035,0.2375,2
160,251,81,60,545,4.880769231,0,0,25.9075,0.7925,2
14,15,63,45,360,-0.038461538,0,0,25.2825,0.065,0
0,0,0,0,975,-2.188461538,0,0,25.97,0.0575,0
18,23,99,60,855,-4.769230769,0,0,26.175,0.075,0
0,0,0,0,355,-0.046153846,0,0,25.095,0.06,0
0,0,0,0,675,-2.253846154,0,0,25.6425,0.0675,0
0,0,0,0,415,-1.169230769,0,0,25.5,0.0549999999999999,0
118,19,184,7,1040,0.788461538,0,1,26.235,0.5225,2
0,0,0,0,1165,-4.242307692,0,0,26.2825,0.0625,0
5,5,24,17,360,0.196153846,0,0,24.985,0.0625,0
0,0,0,0,390,0.0,0,0,25.4525,0.065,0
0,0,0,0,375,-0.288461538,0,0,25.41,0.06,0
160,243,223,65,675,1.707692308,1,1,26.565,2.2675,3
4,5,23,15,360,0.080769231,0,0,24.9525,0.0625,0
150,235,186,10,890,3.769230769,0,1,26.1575,0.135,3
0,0,0,0,585,-2.45,0,0,25.595,0.0575,0
0,0,0,0,720,-2.15,0,0,25.75,0.0575,0
0,0,2,2,355,0.007692308,0,0,24.9675,0.0625,0
0,0,0,0,675,-1.65,0,0,25.69,0.0625,0
0,0,0,0,595,-2.846153846,0,0,25.6425,0.06,0
114,24,178,10,760,1.230769231,0,0,26.015,0.065,2
5,6,29,20,345,0.0,0,0,24.985,0.065,0
14,14,69,49,610,-0.488461538,0,0,26.1725,0.0625,0
142,226,171,10,1220,0.742307692,1,1,26.72,0.3675,3
12,13,54,39,355,-0.076923077,0,0,25.205,0.0625,0
115,19,181,7,1025,0.35,0,0,26.1275,0.1425,2
165,256,279,71,935,2.026923077,1,0,26.4075,0.21,3
12,13,63,45,540,-0.123076923,0,0,26.1575,0.1,0
150,236,180,10,1155,3.019230769,0,1,26.345,0.09,3
0,0,0,0,345,-0.253846154,0,0,25.25,0.065,0
160,249,76,57,405,0.830769231,0,0,25.7525,0.175,2
10,12,49,35,355,0.0,0,0,25.5825,0.0725,0
0,0,0,0,365,0.0,0,0,25.33,0.0575,0
3,4,18,13,350,-0.030769231,0,0,25.6275,0.08,0
0,0,0,0,350,-0.088461538,0,0,25.2825,0.065,0
157,243,80,61,625,1.130769231,1,1,26.0325,0.4449999999999999,2
150,235,179,10,1070,2.542307692,0,1,26.315,0.1025,3
0,0,0,0,370,0.0,0,0,25.345,0.065,0
0,0,0,0,385,-0.234615385,0,0,25.425,0.065,0
3,3,16,12,355,-0.011538462,0,0,24.97,0.0625,0
0,0,4,3,345,0.0,0,0,24.9525,0.0625,0
0,0,0,0,350,0.038461538,0,0,25.5475,0.0725,0
0,0,0,0,450,-1.4,0,0,25.47,0.065,0
0,0,0,0,355,0.123076923,0,0,25.4725,0.07,0
0,0,0,0,670,-2.215384615,0,0,25.69,0.0575,0
0,0,0,0,345,-0.046153846,0,0,25.25,0.0675,0
5,7,23,21,580,3.630769231,0,0,25.845,0.19,3
3,3,13,11,750,2.353846154,1,1,25.9075,0.1975,3
150,236,185,11,790,1.242307692,1,0,26.11,0.27,3
3,3,17,12,350,-0.015384615,0,0,25.5975,0.0725,0
0,0,0,0,850,-3.315384615,0,0,25.8775,0.065,0
6,7,33,21,345,0.0,0,0,24.985,0.0675,0
0,0,0,0,350,-0.138461538,0,0,25.5175,0.07,0
12,14,55,39,355,0.0,0,0,25.2675,0.0675,0
0,0,0,0,365,0.003846154,0,0,25.1575,0.06,0
164,251,273,74,960,1.984615385,1,0,26.4375,0.5275,3
0,0,0,0,355,0.019230769,0,0,25.5175,0.0725,0
0,0,5,3,345,0.0,0,0,24.9675,0.0825,0
0,0,0,0,620,-2.030769231,0,0,25.6425,0.06,0
14,14,67,49,645,-0.407692308,0,0,26.1875,0.0725,0
12,14,54,38,355,0.0,0,0,25.2675,0.0675,0
4,4,20,14,355,-0.088461538,0,0,25.5975,0.09,0
0,0,0,0,360,-0.080769231,0,0,25.1575,0.06,0
0,0,5,3,345,0.0,0,0,24.9675,0.0675,0
150,239,180,11,1220,1.365384615,1,1,26.6875,1.0475,3
0,0,0,0,360,0.0,0,0,25.22,0.0574999999999999,0
117,27,45,27,610,0.842307692,0,0,25.92,0.0725,1
0,0,0,0,770,-2.05,0,0,25.7825,0.0575,0
0,0,0,0,655,-2.426923077,0,0,25.675,0.0625,0
6,6,30,20,345,0.0,0,0,25.0025,0.065,0
0,0,0,0,910,-3.653846154,0,0,25.89,0.06,0
0,0,0,0,355,0.065384615,0,0,25.47,0.0725,0
11,13,53,36,360,0.011538462,0,0,25.22,0.0725,0
123,37,68,49,370,0.292307692,0,0,25.47,0.26,1
17,21,75,54,355,0.0,0,0,25.4875,0.07,0
0,0,0,0,775,-2.084615385,0,0,25.7975,0.0575,0
162,249,228,70,845,8.980769231,1,1,26.47,0.3999999999999999,3
0,0,0,0,355,-0.003846154,0,0,25.05,0.06,0
150,239,180,10,1220,1.288461538,0,0,26.6725,0.5075000000000001,3
0,0,0,0,360,0.0,0,0,25.0325,0.065,0
116,35,77,49,590,-3.173076923,1,0,25.94,0.0925,1
0,0,0,0,630,-2.326923077,0,0,25.625,0.0625,0
124,38,72,52,365,0.161538462,0,0,25.4225,0.5299999999999999,1
10,11,50,34,360,0.030769231,0,0,25.22,0.07,0
0,0,3,2,355,-0.015384615,0,0,24.9675,0.06,0
13,14,59,42,360,-0.05,0,0,25.2525,0.0625,0
6,8,35,24,355,-0.196153846,0,0,25.5975,0.075,0
0,0,0,0,630,-1.657692308,0,0,25.6125,0.0675,0
0,0,0,0,365,-0.142307692,0,0,25.3625,0.0625,0
3,3,15,10,350,0.0,0,0,24.9375,0.075,0
107,33,77,49,595,-3.634615385,1,1,25.9075,0.475,1
0,0,0,0,365,-0.042307692,0,0,25.1875,0.0625,0
10,11,50,35,360,0.138461538,0,0,25.16,0.065,0
0,0,0,0,495,-1.869230769,0,0,25.5175,0.0675,0
0,0,0,0,425,-1.803846154,0,0,25.47,0.065,0
0,0,0,0,375,-0.192307692,0,0,25.36,0.0625,0
0,0,0,0,365,-0.007692308,0,0,25.2975,0.0574999999999999,0
0,0,0,0,725,-2.057692308,0,0,25.765,0.0625,0
123,36,60,45,440,0.719230769,1,0,25.1875,0.23,1
0,0,0,0,520,-1.865384615,0,0,25.565,0.06,0
6,7,34,22,360,0.0,0,0,25.0325,0.065,0
7,7,37,24,360,0.042307692,0,0,25.015,0.085,0
7,8,36,24,355,-0.153846154,0,0,24.9675,0.0675,0
14,16,65,45,360,0.069230769,0,0,25.2825,0.0625,0
115,19,180,7,1020,0.646153846,0,0,26.1275,0.25,2
10,11,50,35,360,0.084615385,0,0,25.19,0.0625,0
0,0,0,0,1250,1.476923077,0,0,26.435,0.0625,0
155,234,70,54,515,3.226923077,1,0,25.455,0.7425,2
10,12,49,36,355,0.0,0,0,25.5975,0.0725,0
0,0,0,0,455,-0.992307692,0,0,25.5475,0.065,0
114,19,180,7,1005,-0.130769231,0,0,26.1425,0.775,2
0,0,0,0,355,0.0,0,0,25.345,0.07,0
0,0,0,0,360,-0.165384615,0,0,25.1725,0.06,0
0,0,0,0,355,0.019230769,0,0,25.44,0.07,0
6,6,34,22,360,0.0,0,0,24.9825,0.065,0
18,22,98,59,850,-5.257692308,0,0,26.1575,0.06,0
14,15,60,43,355,0.0,0,0,25.2675,0.0725,0
15,20,73,53,355,0.0,0,0,25.5825,0.07,0
0,0,0,0,350,-0.038461538,0,0,25.2525,0.065,0
6,6,34,22,360,0.0,0,0,24.9675,0.065,0
148,235,178,11,895,2.873076923,0,1,26.425,0.07,3
6,6,32,21,350,0.0,0,0,25.065,0.0775,0
122,36,65,47,360,0.130769231,1,0,25.36,0.175,1
149,234,185,10,955,2.426923077,0,0,26.1725,0.1525,3
115,19,181,7,1025,0.338461538,0,0,26.1425,0.2,2
11,14,58,42,355,0.0,0,0,25.6125,0.075,0
8,8,40,27,360,-0.007692308,0,0,25.0475,0.0625,0
19,24,85,61,355,0.0,0,0,25.5825,0.075,0
5,6,31,20,360,0.0,0,0,24.985,0.065,0
0,0,0,0,515,-1.857692308,0,0,25.58,0.0574999999999999,0
5,5,28,19,360,0.034615385,0,0,24.9825,0.065,0
0,0,0,0,345,0.0,0,0,25.17,0.0625,0
0,0,0,0,350,0.034615385,0,0,25.4875,0.07,0
5,5,27,19,360,0.019230769,0,0,25.0,0.06,0
8,9,42,29,355,0.0,0,0,25.0625,0.07,0
0,0,0,0,375,-0.296153846,0,0,25.3625,0.06,0
12,14,54,39,355,0.0,0,0,25.205,0.0725,0
124,37,70,50,365,0.261538462,0,0,25.4225,0.74,1
6,6,33,22,360,0.0,0,0,25.0675,0.0625,0
0,0,0,0,355,0.073076923,0,0,25.44,0.0725,0
17,20,74,53,355,0.0,0,0,25.3775,0.0725,0
117,26,44,26,620,0.846153846,0,0,25.92,0.0675,1
0,0,0,0,575,-1.715384615,0,0,25.565,0.065,0
150,235,187,10,1050,2.119230769,1,1,26.2375,0.285,3
156,239,70,54,460,0.384615385,1,0,25.3775,0.53,2
124,38,70,50,370,0.046153846,0,0,25.5025,0.28,1
148,234,177,10,985,4.638461538,0,0,26.2525,0.5675,3
0,0,0,0,355,0.0,0,0,25.1875,0.0675,0
123,36,65,46,360,0.0,1,0,25.3925,0.0675,1
142,226,5,6,840,-0.065384615,1,1,25.985,0.2125,2
114,24,175,10,795,2.311538462,1,1,26.015,0.76,2
0,0,0,0,360,-0.057692308,0,0,25.265,0.065,0
0,0,0,0,380,-0.126923077,0,0,25.44,0.06,0
8,8,40,26,355,-0.076923077,0,0,25.0475,0.0625,0
14,17,67,48,355,0.0,0,0,25.3125,0.075,0
0,0,5,4,350,0.0,0,0,25.58,0.075,0
0,0,0,0,735,-2.353846154,0,0,25.75,0.0575,0
143,228,5,7,835,-0.403846154,1,1,26.0,0.555,2
0,0,0,0,385,0.0,0,0,25.41,0.0675,0
122,35,64,46,360,0.0,0,0,25.4075,0.315,1
0,0,0,0,350,-0.073076923,0,0,25.5175,0.07,0
118,28,208,25,620,0.138461538,1,0,25.9375,1.2950000000000002,2
0,0,0,0,345,0.0,0,0,25.0025,0.065,0
0,0,0,0,350,0.157692308,0,0,25.5175,0.07,0
0,0,0,0,750,-2.280769231,0,0,25.7825,0.0525,0
119,24,191,13,650,2.7,1,1,25.97,1.1225,2
0,0,0,0,375,-0.276923077,0,0,25.36,0.06,0
0,0,0,0,765,-2.261538462,0,0,25.765,0.065,0
15,18,68,48,355,0.0,0,0,25.315,0.0825,0
0,0,0,0,375,-0.226923077,0,0,25.375,0.065,0
0,0,0,0,360,-0.138461538,0,0,25.265,0.06,0
2,2,11,7,345,0.0,0,0,24.9525,0.07,0
162,249,84,64,575,3.142307692,1,0,26.1575,0.5225,2
0,0,0,0,355,-0.003846154,0,0,25.5175,0.0725,0
3,3,18,12,360,0.057692308,0,0,25.0175,0.0625,0
5,7,24,22,595,3.626923077,0,0,25.845,1.025,3
0,0,0,0,390,0.0,0,0,25.4675,0.0625,0
0,0,0,0,360,-0.138461538,0,0,25.0325,0.06,0
12,13,62,45,535,0.465384615,0,0,26.125,0.1525,0
0,0,0,0,465,-1.026923077,0,0,25.565,0.06,0
0,0,0,0,480,-1.4,0,0,25.565,0.0625,0
0,0,0,0,705,-1.930769231,0,0,25.72,0.0625,0
6,7,36,24,360,-0.015384615,0,0,25.015,0.0625,0
0,0,0,0,360,0.0,0,0,25.1725,0.0625,0
0,0,0,0,1165,-4.503846154,0,0,26.2525,0.06,0
0,0,0,0,675,-2.315384615,0,0,25.69,0.0625,0
5,7,24,22,585,3.615384615,0,0,25.845,0.0725,3
2,2,14,9,350,0.0,0,0,24.9525,0.07,0
0,0,1,1,345,0.0,0,0,24.9675,0.0675,0
116,24,177,9,810,1.761538462,0,1,26.0325,0.2375,2
122,35,58,44,395,-0.711538462,0,0,25.0325,0.11,1
0,0,0,0,435,-1.230769231,0,0,25.515,0.0575,0
114,19,179,7,1040,-0.315384615,0,0,26.1875,0.3725,2
3,4,18,13,350,-6.16e-18,0,0,25.6125,0.075,0
0,0,0,0,355,0.080769231,0,0,25.4225,0.0775,0
0,0,0,0,785,-2.092307692,0,0,25.795,0.0625,0
0,0,0,0,375,-0.046153846,0,0,25.3775,0.0625,0
0,0,0,0,695,-1.9,0,0,25.6725,0.065,0
0,0,0,0,365,-0.226923077,0,0,25.28,0.0625,0
0,0,0,0,355,0.0,0,0,25.3275,0.075,0
0,0,0,0,350,0.0,0,0,25.25,0.06,0
8,8,40,27,355,0.0,0,0,25.0475,0.0725,0
119,29,50,29,600,0.334615385,0,0,25.9375,0.255,1
0,0,3,2,350,0.0,0,0,25.5475,0.0675,0
0,0,0,0,355,0.103846154,0,0,25.5,0.07,0
6,6,32,21,350,0.0,0,0,25.0325,0.0725,0
0,0,0,0,350,-0.073076923,0,0,25.485,0.065,0
0,0,0,0,360,0.0,0,0,25.0175,0.065,0
6,7,34,22,350,0.0,0,0,25.0,0.07,0
0,0,0,0,355,0.0,0,0,25.41,0.0725,0
0,0,0,0,355,0.184615385,0,0,25.5175,0.0725,0
149,234,185,10,990,2.115384615,0,0,26.2025,0.1125,3
0,0,0,0,350,0.019230769,0,0,25.5175,0.0725,0
6,6,33,23,350,0.0,0,0,25.0325,0.0675,0
0,0,0,0,360,0.0,0,0,25.11,0.055,0
0,0,0,0,810,-3.076923077,0,0,25.845,0.0625,0
161,251,81,60,525,3.538461538,0,0,25.9075,0.4399999999999999,2
5,5,29,20,360,0.0,0,0,24.985,0.06,0
0,0,4,3,350,0.0,0,0,25.58,0.075,0
160,247,76,57,635,1.192307692,0,0,26.285,0.915,2
0,0,0,0,345,0.0,0,0,25.05,0.065,0
0,0,0,0,355,0.0,0,0,24.9675,0.065,0
12,13,61,45,540,-0.696153846,0,0,26.155,0.1949999999999999,0
0,0,0,0,355,0.026923077,0,0,25.5025,0.0675,0
149,235,178,10,965,4.015384615,0,0,26.2675,1.4325,3
0,0,0,0,355,-0.234615385,0,0,25.2825,0.06,0
0,0,0,0,360,0.026923077,0,0,25.1275,0.06,0
155,232,74,57,560,2.8,1,1,25.5475,0.2225,1
0,0,0,0,355,-0.042307692,0,0,25.4875,0.075,0
155,236,70,54,490,1.380769231,0,1,25.4375,0.175,2
123,36,65,47,360,0.130769231,0,0,25.3425,0.075,1
8,8,40,26,360,-0.030769231,0,0,25.0325,0.065,0
0,0,0,0,355,-0.019230769,0,0,25.5025,0.0725,0
0,0,0,0,355,-0.153846154,0,0,25.2975,0.0625,0
11,12,53,36,360,0.084615385,0,0,25.205,0.0625,0
149,234,180,10,1080,2.565384615,0,1,26.3,0.3875,3
149,235,185,11,835,1.973076923,1,1,26.14,0.7575,3
0,0,0,0,355,0.080769231,0,0,25.47,0.075,0
8,8,40,27,355,0.0,0,0,25.015,0.065,0
0,0,0,0,355,-0.103846154,0,0,24.97,0.06,0
150,236,186,11,805,1.419230769,1,1,26.16,1.3375,3
0,0,0,0,355,-1.23e-17,0,0,25.11,0.0625,0
0,0,0,0,355,0.0,0,0,25.295,0.075,0
1,1,7,5,345,0.0,0,0,24.9675,0.065,0
0,0,0,0,355,-0.096153846,0,0,25.4875,0.0675,0
0,0,0,0,805,-1.65,0,0,25.8625,0.13,0
2,2,13,10,350,0.003846154,0,0,25.58,0.0725,0
0,0,0,0,355,0.0,0,0,25.2025,0.07,0
160,249,77,58,500,2.634615385,0,0,25.8775,0.61,2
117,19,183,7,1060,1.923076923,0,0,26.22,0.15,2
159,249,79,59,390,0.334615385,0,0,25.72,0.78,2
0,0,0,0,350,0.0,0,0,25.5475,0.0725,0
0,0,0,0,845,-2.673076923,0,0,25.8425,0.055,0
0,0,0,0,350,-0.088461538,0,0,25.4575,0.0725,0
114,19,179,7,1025,-0.311538462,0,0,26.1725,0.1549999999999999,2
0,0,0,0,360,0.0,0,0,25.265,0.0575,0
17,20,75,54,355,0.0,0,0,25.36,0.07,0
0,0,0,0,355,0.019230769,0,0,25.44,0.075,0
0,0,0,0,355,0.103846154,0,0,25.5025,0.07,0
114,19,179,7,1050,-0.184615385,1,0,26.1875,0.4275,2
3,3,17,12,350,-0.030769231,0,0,25.6125,0.07,0
119,24,193,15,595,1.473076923,1,0,25.9875,0.1225,2
6,6,32,21,350,0.0,0,0,25.015,0.075,0
0,0,0,0,440,-1.130769231,0,0,25.5325,0.0625,0
114,24,176,10,785,1.534615385,0,0,26.03,0.07,2
164,251,267,69,855,1.823076923,1,1,26.4075,1.3775,3
0,0,0,0,715,-2.053846154,0,0,25.72,0.0625,0
0,0,4,2,350,0.007692308,0,0,25.0325,0.07,0
6,6,32,21,360,0.0,0,0,25.065,0.0574999999999999,0
0,0,0,0,355,0.0,0,0,25.4075,0.0775,0
123,37,67,49,375,0.296153846,0,0,25.55,0.2674999999999999,1
0,0,0,0,725,-1.469230769,0,0,25.7175,0.065,0
0,0,0,0,360,-0.046153846,0,0,25.2975,0.0625,0
119,30,56,35,595,1.315384615,0,0,25.92,0.07,1
0,0,0,0,370,-0.015384615,0,0,25.3775,0.06,0
0,0,0,0,795,-2.780769231,0,0,25.845,0.0575,0
17,20,73,53,355,0.0,0,0,25.485,0.0725,0
0,0,0,0,355,-0.042307692,0,0,25.0975,0.0675,0
0,0,0,0,455,-1.026923077,0,0,25.565,0.065,0
148,235,178,10,935,2.819230769,1,0,26.2825,0.215,3
0,0,0,0,770,-2.080769231,0,0,25.7675,0.0575,0
0,0,0,0,370,-0.273076923,0,0,25.375,0.07,0
5,6,30,20,350,0.0,0,0,24.9825,0.0725,0
1,1,6,5,350,0.0,0,0,24.9525,0.0675,0
0,0,0,0,355,-0.184615385,0,0,25.3,0.065,0
0,0,0,0,360,-0.030769231,0,0,25.1725,0.0574999999999999,0
149,234,178,10,1055,2.819230769,1,1,26.2975,0.24,3
0,0,0,0,355,-0.188461538,0,0,25.095,0.0574999999999999,0
0,0,0,0,970,-2.503846154,0,0,25.9575,0.0575,0
0,0,0,0,350,-0.126923077,0,0,25.25,0.0625,0
0,0,0,0,380,-0.242307692,0,0,25.4225,0.0575,0
0,0,0,0,360,0.05,0,0,25.25,0.055,0
0,0,0,0,360,0.0,0,0,25.235,0.0525,0
7,8,39,26,360,-0.019230769,0,0,25.0475,0.06,0
160,249,77,57,420,1.492307692,1,0,25.78,0.2224999999999999,2
6,6,32,22,360,0.0,0,0,24.9675,0.065,0
10,10,48,33,355,-0.153846154,0,0,25.175,0.0625,0
10,12,50,35,355,0.0,0,0,25.19,0.0725,0
114,19,178,7,1045,-0.873076923,1,0,26.22,0.3225,2
0,0,0,0,605,-1.996153846,0,0,25.6425,0.06,0
0,0,0,0,355,0.0,0,0,25.1275,0.075,0
0,0,0,0,360,0.023076923,0,0,25.08,0.06,0
0,0,3,2,350,0.0,0,0,25.565,0.07,0
124,38,70,50,365,0.3,1,0,25.4375,0.255,1
3,3,17,12,350,-0.046153846,0,0,25.6125,0.0725,0
164,255,278,71,875,1.111538462,0,0,26.375,0.1825,3
17,20,74,53,355,0.0,0,0,25.36,0.0675,0
0,0,0,0,355,-0.080769231,0,0,25.08,0.06,0
7,8,38,25,360,0.046153846,0,0,25.015,0.0675,0
0,0,0,0,410,-0.75,0,0,25.5025,0.0625,0
0,0,0,0,415,-1.488461538,0,0,25.485,0.0575,0
6,6,33,21,350,0.0,0,0,25.0325,0.07,0
0,0,0,0,430,-1.380769231,0,0,25.5,0.0574999999999999,0
0,0,0,0,355,-0.153846154,0,0,25.05,0.065,0
9,10,49,30,385,0.55,1,1,25.83,0.4075,3
6,6,32,22,350,0.0,0,0,25.0325,0.0775,0
114,19,180,7,1015,-0.323076923,0,0,26.1575,0.295,2
113,18,178,7,1035,-1.430769231,0,0,26.2025,0.075,2
7,7,35,24,355,-0.080769231,0,0,25.0325,0.075,0
2,2,14,9,355,-0.023076923,0,0,24.985,0.06,0
163,250,85,65,570,3.307692308,0,0,26.1575,0.4175,2
0,0,0,0,350,0.015384615,0,0,25.5025,0.07,0
0,0,0,0,385,-0.319230769,0,0,25.4225,0.0625,0
6,7,32,21,345,0.0,0,0,25.0175,0.065,0
8,10,43,31,355,0.0,0,0,25.5975,0.0725,0
2,2,13,8,350,0.0,0,0,24.985,0.0725,0
0,0,0,0,360,-0.026923077,0,0,25.1275,0.06,0
18,20,76,54,355,0.0,0,0,25.345,0.0725,0
149,241,180,12,830,1.569230769,1,1,26.08,0.3874999999999999,3
2,1,10,6,345,0.0,0,0,24.9675,0.065,0
0,0,0,0,355,-0.042307692,0,0,24.97,0.065,0
150,236,180,10,1155,2.934615385,0,0,26.33,0.4725,3
0,0,0,0,365,0.0,0,0,25.265,0.0525,0
0,0,0,0,350,-0.007692308,0,0,25.5025,0.07,0
2,2,10,6,345,0.0,0,0,24.9525,0.0675,0
0,0,0,0,380,0.0,0,0,25.4075,0.0825,0
10,11,57,41,470,-2.238461538,0,0,26.0925,0.0625,0
0,0,0,0,360,0.134615385,0,0,25.095,0.0574999999999999,0
17,20,92,56,835,-6.296153846,0,0,26.1275,0.0575,0
11,12,53,36,360,-0.065384615,0,0,25.16,0.085,0
10,10,46,31,355,-0.088461538,0,0,25.1275,0.07,0
0,0,1,1,350,0.011538462,0,0,25.5475,0.075,0
5,6,30,20,360,0.0,0,0,24.9675,0.065,0
19,22,97,60,950,-0.069230769,1,1,26.5025,1.94,0
0,0,0,0,515,-1.730769231,0,0,25.5975,0.065,0
160,251,81,60,390,0.380769231,1,1,25.6725,1.1075,2
0,0,0,0,360,-0.05,0,0,25.095,0.0575,0
6,6,33,22,360,0.0,0,0,24.985,0.0574999999999999,0
113,19,177,7,1030,-1.4,0,0,26.2025,0.185,2
14,16,64,45,360,0.034615385,0,0,25.2825,0.0625,0
0,0,0,0,355,0.0,0,0,25.2975,0.0625,0
144,229,170,19,830,0.688461538,1,1,25.9875,0.6775000000000001,3
115,19,180,7,1025,0.715384615,0,0,26.1275,0.3475,2
7,7,37,24,360,0.038461538,0,0,25.015,0.0675,0
7,8,37,24,355,0.0,0,0,25.015,0.0725,0
0,0,0,0,410,-0.926923077,0,0,25.5,0.0575,0
9,9,42,29,355,-0.096153846,0,0,25.0325,0.065,0
0,0,0,0,355,0.065384615,0,0,25.47,0.07,0
10,11,57,41,465,-2.288461538,0,0,26.1075,0.065,0
12,15,61,45,355,0.0,0,0,25.6125,0.08,0
17,20,73,53,355,0.0,0,0,25.3275,0.075,0
7,7,29,26,475,3.057692308,1,1,25.7975,0.8775,3
0,0,0,0,375,-0.161538462,0,0,25.3775,0.06,0
2,2,11,7,350,0.0,0,0,24.9825,0.075,0
118,27,198,24,630,0.35,0,0,25.94,0.26,2
0,0,0,0,360,-0.034615385,0,0,25.2025,0.0574999999999999,0
120,26,48,35,420,-1.623076923,0,0,26.11,0.1075,1
2,2,14,9,355,-0.103846154,0,0,25.05,0.0574999999999999,0
20,24,85,62,355,0.0,0,0,25.565,0.075,0
149,234,185,10,965,2.115384615,0,1,26.19,0.15,3
0,0,0,0,360,-0.1,0,0,24.9525,0.06,0
6,6,31,21,360,0.0,0,0,25.0,0.065,0
0,0,0,0,355,-0.015384615,0,0,25.44,0.0675,0
15,19,89,54,680,-2.680769231,0,0,25.9525,0.0625,0
0,0,0,0,430,-1.415384615,0,0,25.47,0.0625,0
0,0,0,0,355,-0.092307692,0,0,25.455,0.0725,0
157,242,67,53,455,0.696153846,1,0,25.36,0.355,2
0,0,0,0,370,0.0,0,0,25.3475,0.0574999999999999,0
0,0,0,0,385,-0.234615385,0,0,25.3925,0.0574999999999999,0
0,0,0,0,735,-2.407692308,0,0,25.75,0.0575,0
10,11,48,34,355,0.0,0,0,25.1575,0.075,0
0,0,0,0,360,0.0,0,0,25.235,0.0574999999999999,0
18,22,78,57,355,0.0,0,0,25.5175,0.07,0
0,0,1,1,350,0.015384615,0,0,25.5325,0.0725,0
149,237,180,10,1210,2.188461538,0,0,26.5625,0.36,3
160,247,80,60,495,3.003846154,1,1,25.8475,0.4475,2
0,0,0,0,545,-2.096153846,0,0,25.595,0.06,0
0,0,0,0,350,-0.176923077,0,0,25.4875,0.0725,0
118,23,190,11,690,2.5,0,0,26.0,0.505,2
0,0,0,0,950,-2.776923077,0,0,25.9575,0.0675,0
0,0,0,0,585,-1.584615385,0,0,25.565,0.0675,0
0,0,1,1,350,0.038461538,0,0,25.565,0.0725,0
5,5,29,17,650,2.784615385,1,1,25.8425,0.11,3
0,0,0,0,360,-0.007692308,0,0,25.1425,0.0625,0
2,2,12,10,765,1.75,1,1,25.9075,0.6425,3
0,0,0,0,380,-0.165384615,0,0,25.405,0.0574999999999999,0
118,21,28,20,510,1.607692308,1,0,26.17,0.0975,1
14,15,62,44,360,-0.023076923,0,0,25.2825,0.065,0
7,7,35,24,360,-0.034615385,0,0,24.9825,0.08,0
0,0,0,0,365,-0.123076923,0,0,25.3625,0.0574999999999999,0
0,0,0,0,650,-2.196153846,0,0,25.6575,0.0575,0
5,5,25,18,355,-0.030769231,0,0,25.58,0.075,0
0,0,0,0,1025,-4.311538462,0,0,26.0625,0.0575,0
6,7,33,21,345,0.0,0,0,25.0175,0.0625,0
0,0,0,0,540,-2.319230769,0,0,25.5475,0.065,0
0,0,0,0,375,-0.273076923,0,0,25.36,0.0625,0
0,0,0,0,445,-2.188461538,0,0,25.5475,0.06,0
5,5,25,17,360,0.0,0,0,25.0475,0.055,0
155,235,72,55,520,3.446153846,0,1,25.4875,0.2249999999999999,2
10,12,50,35,355,0.0,0,0,25.19,0.07,0
160,249,77,57,470,2.857692308,0,0,25.815,0.5575,2
16,20,72,53,355,0.0,0,0,25.4525,0.07,0
14,15,62,44,355,0.0,0,0,25.2675,0.07,0
1,1,10,6,350,0.0,0,0,24.985,0.07,0
0,0,3,2,355,-0.030769231,0,0,25.05,0.0574999999999999,0
0,0,0,0,1030,0.161538462,0,0,26.1425,0.0625,0
0,0,0,0,355,-0.019230769,0,0,25.44,0.0725,0
5,6,29,20,350,0.0,0,0,24.9825,0.075,0
155,234,74,56,545,3.75,0,0,25.5475,0.2324999999999999,2
7,8,38,25,360,0.0,0,0,25.015,0.0625,0
0,0,0,0,1015,0.453846154,0,0,26.08,0.0625,0
0,0,0,0,360,-0.065384615,0,0,25.265,0.06,0
10,11,49,34,360,0.192307692,0,0,25.205,0.0625,0
6,6,37,23,525,2.515384615,1,0,25.845,0.1674999999999999,3
142,227,6,7,835,0.607692308,0,0,26.0,0.15,2
7,8,37,24,355,0.0,0,0,25.03,0.065,0
0,0,0,0,360,-0.038461538,0,0,25.1725,0.06,0
119,24,42,31,435,0.846153846,0,0,26.125,0.1625,1
0,0,0,0,385,-0.119230769,0,0,25.4525,0.0625,0
0,0,0,0,355,0.053846154,0,0,25.5175,0.07,0
150,237,186,11,795,1.169230769,1,0,26.1275,0.2,3
0,0,4,3,355,-0.134615385,0,0,25.05,0.065,0
9,10,45,30,355,0.0,0,0,25.0925,0.07,0
14,17,80,49,675,-1.830769231,0,0,25.97,0.0725,0
164,253,268,70,965,1.738461538,1,1,26.485,0.3025,3
0,0,0,0,355,-0.019230769,0,0,25.0,0.065,0
150,236,180,11,1090,2.146153846,0,1,26.315,0.7925,3
0,0,0,0,650,-2.073076923,0,0,25.6875,0.0574999999999999,0
7,9,39,29,355,0.0,0,0,25.6275,0.1175,0
18,21,76,55,355,0.0,0,0,25.485,0.0675,0
0,0,0,0,355,-7.7e-19,0,0,24.9675,0.06,0
156,244,79,60,615,0.957692308,1,0,26.0325,0.3,2
114,19,180,7,1015,-0.596153846,0,0,26.1725,0.15,2
1,1,8,5,350,0.0,0,0,25.0025,0.0725,0
0,0,0,0,370,-0.223076923,0,0,25.3475,0.0574999999999999,0
0,0,0,0,355,0.0,0,0,25.455,0.0775,0
115,25,184,15,710,2.269230769,0,0,25.985,0.355,2
0,0,0,0,360,0.0,0,0,25.205,0.065,0
0,0,0,0,1195,-2.226923077,0,0,26.3275,0.065,0
9,9,50,30,405,0.734615385,1,1,25.83,1.1625,3
0,0,0,0,365,-0.034615385,0,0,25.22,0.06,0
0,0,0,0,350,-0.1,0,0,25.5025,0.0725,0
0,0,0,0,355,0.0,0,0,25.1575,0.0675,0
6,7,35,23,360,0.0,0,0,25.05,0.0574999999999999,0
10,12,51,35,360,0.053846154,0,0,25.19,0.135,0
0,0,0,0,945,-2.865384615,0,0,25.94,0.065,0
4,4,20,14,355,0.080769231,0,0,24.97,0.0625,0
0,0,0,0,360,-0.042307692,0,0,25.1275,0.06,0
0,0,0,0,370,0.015384615,0,0,25.3475,0.055,0
14,17,65,47,355,0.0,0,0,25.315,0.07,0
0,0,0,0,825,-1.219230769,0,0,25.88,0.065,0
155,237,71,55,500,1.996153846,1,1,25.4375,0.7000000000000001,2
0,0,0,0,360,0.0,0,0,25.2825,0.0675,0
5,5,29,20,360,0.0,0,0,25.05,0.06,0
10,13,56,35,370,1.153846154,0,0,25.6125,0.29,3
10,10,45,30,355,0.0,0,0,25.11,0.07,0
0,0,0,0,355,0.111538462,0,0,25.5325,0.0725,0
6,6,32,21,350,0.0,0,0,25.0,0.08,0
12,13,54,39,355,0.0,0,0,25.22,0.07,0
124,36,61,47,435,0.869230769,0,0,25.1725,0.255,1
123,35,57,44,390,-0.542307692,1,0,25.015,0.5199999999999999,1
123,31,61,46,450,1.1,1,1,25.2975,0.355,1
2,2,12,7,360,0.019230769,0,0,25.035,0.06,0
0,0,0,0,355,-0.292307692,0,0,25.2975,0.065,0
0,0,0,0,450,-2.246153846,0,0,25.5475,0.0574999999999999,0
162,253,85,63,440,-0.684615385,0,0,25.845,0.5825,2
114,19,180,7,1040,0.003846154,0,0,26.1725,0.09,2
9,8,50,30,425,1.707692308,1,1,25.86,0.97,3
0,0,0,0,385,-0.292307692,0,0,25.4225,0.0575,0
0,0,0,0,350,-0.084615385,0,0,25.5175,0.07,0
10,10,50,36,450,-1.146153846,0,0,26.0625,0.0625,0
124,39,74,54,380,0.219230769,1,0,25.565,0.31,1
0,0,0,0,365,-0.219230769,0,0,25.345,0.065,0
0,0,0,0,605,-2.9,0,0,25.6275,0.0625,0
0,0,0,0,355,0.023076923,0,0,25.4225,0.07,0
121,26,49,36,410,-1.030769231,1,0,26.125,0.0775,1
9,10,45,30,355,0.073076923,0,0,25.08,0.065,0
0,0,0,0,360,-0.046153846,0,0,24.9525,0.0574999999999999,0
162,247,227,70,840,8.446153846,1,1,26.455,3.0925,3
14,14,68,49,630,0.326923077,0,0,26.1575,0.0625,0
0,0,0,0,355,0.0,0,0,25.22,0.07,0
13,14,58,41,360,-0.011538462,0,0,25.19,0.065,0
3,3,16,12,355,-0.003846154,0,0,24.955,0.0625,0
0,0,0,0,400,-1.280769231,0,0,25.47,0.07,0
0,0,0,0,380,-0.242307692,0,0,25.4225,0.0574999999999999,0
0,0,0,0,360,-0.107692308,0,0,25.0325,0.065,0
163,249,267,69,845,4.103846154,0,1,26.4225,1.1375,3
0,0,0,0,355,0.015384615,0,0,25.065,0.0574999999999999,0
0,0,0,0,760,-2.115384615,0,0,25.78,0.0675,0
16,20,93,57,755,-3.665384615,0,0,26.0625,0.06,0
0,0,0,0,355,0.061538462,0,0,25.5325,0.0675,0
0,0,0,0,350,-0.192307692,0,0,25.5325,0.0725,0
0,0,0,0,350,-0.096153846,0,0,25.5325,0.07,0
9,10,33,29,430,2.523076923,1,1,25.86,0.3025,3
116,25,186,16,700,2.446153846,1,0,25.985,0.1925,2
165,254,275,70,910,1.553846154,1,1,26.3425,0.4650000000000001,3
0,0,0,0,915,-3.261538462,0,0,25.9225,0.0575,0
5,5,23,15,360,0.034615385,0,0,25.0325,0.06,0
12,14,56,40,355,0.0,0,0,25.2525,0.13,0
3,4,18,13,355,-0.023076923,0,0,24.9375,0.0625,0
0,0,0,0,355,-0.176923077,0,0,25.095,0.0625,0
1,1,10,6,350,0.0,0,0,24.985,0.0675,0
0,0,0,0,795,-1.8,0,0,25.8475,0.0625,0
0,0,0,0,735,-1.461538462,0,0,25.7175,0.07,0
1,1,10,6,360,0.046153846,0,0,24.985,0.0625,0
0,0,0,0,355,-0.084615385,0,0,24.955,0.06,0
17,21,93,58,830,-5.542307692,0,0,26.095,0.065,0
3,3,15,10,350,0.0,0,0,24.9675,0.07,0
156,241,77,59,625,1.738461538,0,1,26.19,0.645,2
7,9,39,28,355,0.0,0,0,25.6425,0.095,0
0,0,0,0,375,0.0,0,0,25.3625,0.0549999999999999,0
0,0,0,0,365,0.011538462,0,0,25.2975,0.0625,0
6,6,39,24,520,2.161538462,1,0,25.845,0.15,3
14,17,65,46,355,0.0,0,0,25.315,0.0925,0
0,0,0,0,350,-0.053846154,0,0,25.55,0.0725,0
120,34,68,44,575,-1.053846154,0,0,25.9575,0.615,1
10,11,36,34,375,0.242307692,0,1,25.735,0.1825,3
0,0,0,0,350,-0.184615385,0,0,25.44,0.0725,0
0,0,0,0,355,0.230769231,0,0,25.5325,0.075,0
0,0,0,0,370,-0.038461538,0,0,25.3625,0.06,0
149,236,180,10,965,3.876923077,0,0,26.2675,0.59,3
0,0,0,0,370,-0.034615385,0,0,25.3925,0.105,0
0,0,0,0,345,0.0,0,0,25.1875,0.0575,0
0,0,0,0,355,-0.061538462,0,0,25.5175,0.0725,0
118,22,187,10,725,2.580769231,0,1,26.0,0.395,2
160,249,77,58,475,2.942307692,0,0,25.8325,0.2775,2
3,4,21,13,720,2.465384615,1,1,25.875,0.245,3
0,0,5,4,350,0.0,0,0,25.565,0.0775,0
0,0,0,0,355,0.069230769,0,0,25.08,0.055,0
160,249,80,59,400,0.484615385,1,1,25.72,1.035,2
0,0,0,0,355,0.0,0,0,25.3475,0.075,0
7,7,37,24,360,0.023076923,0,0,25.0325,0.0574999999999999,0
10,11,56,41,460,-2.119230769,0,0,26.0925,0.0625,0
0,0,0,0,355,-0.026923077,0,0,24.9525,0.06,0
5,5,26,18,360,0.069230769,0,0,24.9825,0.065,0
0,0,0,0,365,0.0,0,0,25.3325,0.065,0
1,1,7,5,350,0.0,0,0,25.58,0.0725,0
0,0,0,0,375,-0.296153846,0,0,25.345,0.0574999999999999,0
0,0,0,0,355,0.0,0,0,25.1725,0.075,0
0,0,0,0,360,-0.138461538,0,0,25.0,0.0625,0
0,0,0,0,355,0.0,0,0,25.44,0.0825,0
2,2,13,8,345,0.0,0,0,24.9675,0.065,0
10,11,48,33,355,0.0,0,0,25.1275,0.0675,0
9,10,43,29,355,0.0,0,0,25.0925,0.0725,0
6,6,32,21,345,0.0,0,0,24.9875,0.065,0
0,0,0,0,390,-1.257692308,0,0,25.44,0.065,0
0,0,0,0,430,-2.057692308,0,0,25.455,0.0675,0
162,248,228,70,820,7.707692308,0,1,26.5175,1.72,3
6,7,35,22,355,-0.046153846,0,0,25.0675,0.06,0
0,0,0,0,345,0.0,0,0,25.22,0.0625,0
0,0,0,0,370,0.0,0,0,25.3625,0.0625,0
17,20,75,54,355,0.0,0,0,25.4075,0.0725,0
119,24,195,16,575,1.703846154,0,1,25.97,0.9825,2
120,26,48,35,415,-1.188461538,0,0,26.11,0.1425,1
0,0,0,0,360,-0.115384615,0,0,25.2975,0.0625,0
0,0,0,0,360,0.0,0,0,25.205,0.055,0
118,22,186,9,740,-0.296153846,0,0,26.015,0.7725000000000001,2
161,249,83,62,585,2.073076923,1,0,26.1875,0.685,2
149,234,185,10,925,3.815384615,0,1,26.19,0.115,3
4,4,19,14,360,0.065384615,0,0,24.97,0.0625,0
10,12,49,35,355,0.0,0,0,25.19,0.0675,0
0,0,0,0,590,-1.665384615,0,0,25.565,0.07,0
115,19,180,7,1005,-0.357692308,0,1,26.1425,0.615,2
0,0,5,3,350,-0.15,0,0,24.985,0.07,0
0,0,0,0,360,-0.265384615,0,0,25.3,0.1725,0
19,23,99,60,890,-2.688461538,0,0,26.175,0.06,0
0,0,0,0,570,-1.869230769,0,0,25.55,0.065,0
0,0,0,0,405,-1.25,0,0,25.5175,0.06,0
1,1,7,5,355,0.0,0,0,24.9525,0.065,0
0,0,0,0,355,0.0,0,0,25.3625,0.07,0
0,0,0,0,410,-0.869230769,0,0,25.485,0.0574999999999999,0
0,0,3,2,355,-0.023076923,0,0,24.985,0.055,0
150,239,181,11,1205,0.357692308,1,1,26.6575,1.3224999999999998,3
114,18,178,7,1045,-0.503846154,0,0,26.1875,0.0825,2
0,0,0,0,790,-1.919230769,0,0,25.83,0.0725,0
1,1,9,6,350,0.0,0,0,25.595,0.075,0
0,0,0,0,360,0.0,0,0,25.2025,0.0625,0
0,0,0,0,380,-0.219230769,0,0,25.4075,0.06,0
0,0,0,0,660,-3.065384615,0,0,25.6575,0.065,0
0,0,0,0,390,-1.515384615,0,0,25.47,0.0574999999999999,0
0,0,0,0,355,0.065384615,0,0,25.5175,0.0725,0
0,0,6,4,360,0.192307692,0,0,25.05,0.055,0
0,0,0,0,355,0.042307692,0,0,25.0825,0.0725,0
20,24,85,62,355,0.0,0,0,25.5325,0.0725,0
17,20,73,53,355,0.0,0,0,25.4675,0.0675,0
0,0,0,0,360,-0.092307692,0,0,25.265,0.06,0
123,36,68,49,360,0.065384615,0,1,25.3925,0.1625,1
118,29,50,29,595,0.273076923,0,0,25.92,0.065,1
4,4,20,14,355,0.065384615,0,0,24.97,0.0625,0
0,0,4,3,355,-0.019230769,0,0,24.985,0.0625,0
16,20,76,54,355,0.0,0,0,25.5975,0.0725,0
150,235,185,10,1010,2.442307692,0,1,26.22,0.1775,3
0,0,5,4,345,0.0,0,0,24.9675,0.0675,0
0,0,0,0,345,-0.092307692,0,0,25.22,0.06,0
0,0,0,0,590,-1.719230769,0,0,25.565,0.065,0
0,0,0,0,360,0.034615385,0,0,25.1575,0.06,0
0,0,0,0,355,0.0,0,0,25.3475,0.0725,0
0,0,0,0,755,-2.057692308,0,0,25.7825,0.0575,0
15,15,71,52,660,2.961538462,0,0,26.265,0.065,0
0,0,0,0,365,-0.073076923,0,0,25.315,0.0575,0
0,0,0,0,355,0.0,0,0,25.3925,0.065,0
0,0,0,0,360,-0.092307692,0,0,25.28,0.0574999999999999,0
5,5,24,17,345,0.0,0,0,24.9375,0.0675,0
5,5,28,20,360,0.088461538,0,0,25.015,0.06,0
0,0,0,0,730,-1.569230769,0,0,25.7175,0.0675,0
10,12,51,36,355,0.0,0,0,25.6125,0.0675,0
0,0,0,0,360,0.0,0,0,25.1425,0.065,0
118,24,192,14,630,2.2,0,0,25.97,0.375,2
1,1,8,5,345,0.0,0,0,24.9525,0.0625,0
161,249,228,70,845,8.838461538,1,1,26.5175,0.575,3
5,6,29,20,345,0.0,0,0,24.97,0.065,0
0,0,1,0,355,0.023076923,0,0,25.0825,0.07,0
149,236,186,11,785,2.473076923,0,1,26.1075,0.4399999999999999,3
8,8,40,26,360,-0.030769231,0,0,25.0625,0.06,0
116,24,183,14,720,1.873076923,1,0,25.985,0.065,2
0,0,0,0,780,-2.361538462,0,0,25.7975,0.0625,0
0,0,0,0,415,-1.103846154,0,0,25.5025,0.0625,0
117,28,50,28,605,0.434615385,0,0,25.9375,0.08,1
150,237,187,11,785,1.673076923,0,0,26.0925,0.0875,3
0,0,0,0,355,-0.080769231,0,0,25.1275,0.0725,0
148,234,177,10,1050,2.630769231,0,1,26.2525,1.4325,3
0,0,0,0,385,-0.196153846,0,0,25.455,0.0625,0
0,0,0,0,360,-0.030769231,0,0,25.2825,0.0625,0
11,12,51,35,355,0.0,0,0,25.19,0.0725,0
0,0,0,0,715,-1.976923077,0,0,25.705,0.0625,0
0,0,0,0,355,0.0,0,0,25.395,0.0675,0
10,10,53,33,370,0.769230769,1,1,25.6725,0.1649999999999999,3
14,16,65,45,355,0.0,0,0,25.33,0.075,0
146,231,172,20,840,1.407692308,0,1,25.9875,0.4325,2
19,22,98,61,965,0.373076923,0,0,26.2675,0.0875,0
0,0,0,0,360,-0.084615385,0,0,25.05,0.0625,0
0,0,0,0,350,0.096153846,0,0,25.5175,0.0725,0
121,26,48,35,420,-0.076923077,0,0,26.125,0.4925,1
3,3,17,13,345,0.0,0,0,24.935,0.07,0
157,241,67,53,445,0.623076923,0,1,25.345,0.2925,2
2,2,14,9,355,-0.026923077,0,0,24.985,0.06,0
15,15,71,51,665,2.592307692,0,0,26.2675,0.0625,0
3,3,16,10,360,0.034615385,0,0,25.0325,0.06,0
0,0,0,0,375,-0.015384615,0,0,25.3475,0.06,0
0,0,0,0,540,-2.223076923,0,0,25.5475,0.07,0
0,0,0,0,370,0.0,0,0,25.33,0.065,0
0,0,0,0,370,-0.042307692,0,0,25.36,0.065,0
1,1,8,5,350,0.0,0,0,24.9675,0.07,0
2,3,14,10,350,-0.023076923,0,0,25.5975,0.0725,0
0,0,0,0,360,7.7e-19,0,0,25.1425,0.0625,0
0,0,0,0,360,0.0,0,0,25.08,0.0574999999999999,0
0,0,0,0,360,-0.219230769,0,0,25.315,0.065,0
0,0,0,0,750,-1.796153846,0,0,25.735,0.0675,0
149,237,180,11,860,1.580769231,1,1,26.1275,0.8225,3
0,0,0,0,380,0.0,0,0,25.3775,0.06,0
0,0,0,0,795,-2.092307692,0,0,25.8125,0.0575,0
13,13,64,46,535,0.353846154,0,0,26.11,0.19,0
1,1,9,5,360,0.080769231,0,0,25.0175,0.0575,0
12,13,62,45,540,0.492307692,0,0,26.125,0.0675,0
0,0,0,0,355,0.069230769,0,0,25.4075,0.0975,0
0,0,0,0,360,-0.038461538,0,0,25.2025,0.06,0
10,12,51,35,360,0.130769231,0,0,25.19,0.065,0
8,8,40,26,360,-0.065384615,0,0,25.0475,0.0625,0
0,0,0,0,355,0.0,0,0,25.1125,0.065,0
0,0,0,0,385,-0.292307692,0,0,25.4375,0.0575,0
114,19,180,7,1050,0.369230769,0,0,26.205,0.2075,2
0,0,0,0,1075,-4.273076923,0,0,26.1425,0.06,0
0,0,0,0,390,0.0,0,0,25.4675,0.0574999999999999,0
6,6,32,22,350,0.0,0,0,25.015,0.07,0
0,0,0,0,355,-0.023076923,0,0,25.1125,0.06,0
5,6,31,21,360,0.0,0,0,24.9375,0.065,0
0,0,0,0,350,-0.180769231,0,0,25.5325,0.0725,0
124,36,63,48,440,0.846153846,0,0,25.2175,0.1175,1
0,0,0,0,375,-0.207692308,0,0,25.3625,0.0625,0
0,0,3,2,350,-0.023076923,0,0,25.0175,0.075,0
19,23,99,61,960,0.407692308,0,0,26.2175,0.1075,0
0,0,1,1,355,0.011538462,0,0,24.9825,0.065,0
6,6,32,21,350,0.0,0,0,25.08,0.0775,0
157,240,70,54,450,0.311538462,1,0,25.3775,0.2425,2
157,244,77,59,595,2.223076923,0,0,26.0925,0.1025,2
17,20,75,54,355,0.0,0,0,25.4375,0.1025,0
150,237,186,11,790,1.503846154,0,0,26.0925,0.1875,3
1,1,8,5,350,0.0,0,0,25.58,0.0725,0
0,0,0,0,345,0.0,0,0,25.25,0.065,0
0,0,0,0,355,0.0,0,0,25.3925,0.075,0
0,0,0,0,345,0.0,0,0,25.1575,0.07,0
0,0,0,0,390,-0.85,0,0,25.5025,0.06,0
124,39,72,53,370,0.119230769,1,0,25.5025,0.1925,1
10,10,51,37,455,-1.257692308,0,0,26.0625,0.065,0
0,0,0,0,725,-1.469230769,0,0,25.7025,0.0625,0
19,22,80,58,355,0.0,0,0,25.515,0.0725,0
0,0,0,0,380,-0.126923077,0,0,25.4225,0.0625,0
10,11,56,41,470,-2.030769231,0,0,26.1075,0.0625,0
7,8,37,24,355,0.0,0,0,25.015,0.07,0
0,0,0,0,370,-0.292307692,0,0,25.3625,0.0575,0
15,20,89,54,755,-3.788461538,0,0,26.03,0.0625,0
7,7,36,24,360,0.038461538,0,0,25.0325,0.0625,0
0,0,2,2,355,0.023076923,0,0,25.05,0.06,0
0,0,0,0,345,0.0,0,0,25.14,0.07,0
118,23,188,10,720,2.5,0,1,26.0,0.155,2
0,0,0,0,360,0.0,0,0,25.11,0.0625,0
150,235,180,10,1170,2.588461538,0,1,26.36,0.75,3
8,8,40,26,360,-0.042307692,0,0,25.0325,0.065,0
6,7,35,23,360,-0.026923077,0,0,25.1125,0.0574999999999999,0
159,248,76,57,390,0.357692308,0,0,25.69,0.3575,2
6,6,30,20,345,0.0,0,0,24.9875,0.07,0
0,0,0,0,385,-0.153846154,0,0,25.4525,0.0575,0
0,0,0,0,385,-0.080769231,0,0,25.4225,0.06,0
5,5,25,17,360,0.0,0,0,25.0175,0.0574999999999999,0
5,5,22,15,345,0.0,0,0,24.935,0.0625,0
2,3,14,10,360,-0.034615385,0,0,25.0175,0.06,0
0,0,0,0,405,-1.476923077,0,0,25.485,0.0575,0
142,226,7,7,850,0.065384615,1,0,26.0,0.495,2
147,227,187,12,760,0.75,1,1,26.0625,0.6400000000000001,3
4,4,29,14,690,2.884615385,1,1,25.875,0.0925,3
0,0,0,0,345,0.0,0,0,25.235,0.06,0
0,0,0,0,355,0.057692308,0,0,25.035,0.0574999999999999,0
13,14,58,41,355,0.0,0,0,25.3,0.065,0
0,0,0,0,375,0.0,0,0,25.3325,0.06,0
156,244,81,62,640,0.615384615,1,0,26.33,0.2025,2
0,0,0,0,475,-1.261538462,0,0,25.485,0.065,0
0,0,5,4,350,0.0,0,0,25.5475,0.0725,0
4,4,22,14,360,0.011538462,0,0,25.0325,0.0575,0
9,8,32,29,445,2.534615385,0,0,25.845,0.1375,3
16,20,71,51,355,0.0,0,0,25.3925,0.0725,0
0,0,0,0,360,-0.046153846,0,0,25.2975,0.0574999999999999,0
16,20,93,57,760,-3.473076923,0,0,26.0625,0.0625,0
2,2,14,10,350,0.007692308,0,0,25.6125,0.0725,0
120,26,48,35,415,-1.857692308,0,0,26.1075,0.1599999999999999,1
0,0,0,0,360,0.0,0,0,25.2825,0.0925,0
0,0,1,1,355,-0.061538462,0,0,25.05,0.0575,0
0,0,0,0,725,-1.553846154,0,0,25.72,0.065,0
0,0,0,0,420,-1.442307692,0,0,25.485,0.0625,0
0,0,0,0,390,-0.719230769,0,0,25.4675,0.0575,0
0,0,0,0,355,0.0,0,0,25.1875,0.0699999999999999,0
10,12,52,35,355,-0.073076923,0,0,25.16,0.065,0
0,0,0,0,595,-2.957692308,0,0,25.625,0.06,0
0,0,0,0,375,-0.080769231,0,0,25.375,0.065,0
150,235,186,10,890,3.623076923,1,0,26.1575,0.3425000000000001,3
12,15,62,45,355,0.0,0,0,25.6125,0.0725,0
119,24,193,14,600,1.5,0,0,25.9875,1.0025,2
17,20,74,53,355,0.0,0,0,25.3925,0.075,0
4,5,21,15,345,0.0,0,0,24.9375,0.0625,0
0,0,0,0,355,0.0,0,0,25.395,0.07,0
119,24,40,29,450,1.388461538,0,0,26.14,0.19,1
0,0,0,0,360,0.034615385,0,0,25.25,0.0625,0
0,0,0,0,355,0.0,0,0,24.985,0.065,0
0,0,0,0,390,-0.626923077,0,0,25.455,0.06,0
0,0,0,0,380,-0.192307692,0,0,25.4075,0.06,0
120,34,69,43,570,-1.265384615,1,0,25.94,0.6050000000000001,1
0,0,0,0,365,-0.084615385,0,0,25.28,0.06,0
0,0,0,0,345,0.0,0,0,25.205,0.085,0
10,12,49,36,355,0.0,0,0,25.6275,0.075,0
0,0,0,0,355,-0.088461538,0,0,25.47,0.07,0
0,0,0,0,380,-0.161538462,0,0,25.4075,0.06,0
6,7,35,23,360,0.0,0,0,24.9825,0.055,0
10,10,51,32,370,0.0,0,1,25.705,0.2774999999999999,3
17,20,76,54,355,0.0,0,0,25.3425,0.0675,0
0,0,2,1,360,0.046153846,0,0,24.985,0.06,0
160,248,79,59,450,2.292307692,1,0,25.7825,0.6675,2
20,24,85,62,355,0.0,0,0,25.485,0.0725,0
0,0,0,0,495,-1.853846154,0,0,25.5325,0.065,0
0,0,0,0,990,-3.011538462,0,0,26.0325,0.06,0
0,0,0,0,375,0.0,0,0,25.3625,0.065,0
0,0,0,0,865,-2.757692308,0,0,25.8925,0.06,0
156,244,190,64,645,0.411538462,1,1,26.33,0.6575,3
18,20,76,54,355,0.0,0,0,25.4375,0.0725,0
1,1,7,5,360,0.157692308,0,0,25.035,0.06,0
0,0,0,0,345,-0.126923077,0,0,25.235,0.065,0
7,7,36,24,355,-0.203846154,0,0,24.9675,0.0725,0
0,0,0,0,715,-1.984615385,0,0,25.765,0.06,0
12,14,54,37,355,0.0,0,0,25.205,0.0725,0
0,0,0,0,420,-1.503846154,0,0,25.485,0.06,0
17,20,76,54,355,0.0,0,0,25.4375,0.07,0
11,14,55,40,355,0.0,0,0,25.6275,0.0775,0
150,239,180,11,1200,0.819230769,0,0,26.655,0.435,3
17,21,94,58,805,-2.211538462,0,0,26.0775,0.06,0
142,227,173,10,1265,2.157692308,1,1,26.705,1.22,3
0,0,0,0,345,0.0,0,0,24.985,0.06,0
0,0,0,0,365,-0.1,0,0,25.315,0.0574999999999999,0
161,249,78,59,610,0.988461538,0,0,26.2825,0.8125,2
155,232,75,58,565,2.369230769,1,1,25.5625,0.455,2
0,0,0,0,390,-1.303846154,0,0,25.485,0.06,0
0,0,0,0,785,-2.053846154,0,0,25.795,0.135,0
0,0,0,0,380,-0.088461538,0,0,25.4075,0.0574999999999999,0
0,0,0,0,370,0.0,0,0,25.3775,0.0549999999999999,0
0,0,0,0,365,0.0,0,0,25.3775,0.06,0
0,0,0,0,990,-2.384615385,0,0,26.0025,0.0575,0
0,0,0,0,350,-0.034615385,0,0,25.485,0.0675,0
150,236,180,10,1085,2.523076923,1,1,26.2975,0.5625,3
13,14,59,43,355,0.0,0,0,25.19,0.07,0
0,0,0,0,345,0.0,0,0,25.0025,0.07,0
10,11,50,35,360,0.138461538,0,0,25.19,0.06,0
0,0,0,0,355,-0.219230769,0,0,25.095,0.0549999999999999,0
13,14,60,43,355,-0.034615385,0,0,25.2675,0.0625,0
0,0,0,0,520,-1.965384615,0,0,25.58,0.06,0
150,237,180,10,1210,2.35,0,0,26.5775,0.1825,3
0,0,0,0,380,0.0,0,0,25.3775,0.0575,0
12,14,56,40,355,0.0,0,0,25.2525,0.1075,0
0,0,0,0,345,-0.157692308,0,0,25.25,0.0625,0
149,235,180,24,785,1.653846154,1,1,25.955,0.8125,3
0,0,0,0,360,0.130769231,0,0,25.08,0.065,0
0,0,0,0,355,-0.15,0,0,25.08,0.0574999999999999,0
7,7,36,24,355,-0.161538462,0,0,24.985,0.075,0
5,5,26,18,355,-0.153846154,0,0,25.595,0.075,0
148,235,177,10,890,2.442307692,1,1,26.3775,0.48,3
0,0,0,0,365,-0.019230769,0,0,25.2025,0.0574999999999999,0
142,227,172,10,1270,2.315384615,1,1,26.7525,1.475,3
150,236,180,10,1165,2.834615385,0,0,26.345,0.07,3
19,23,81,59,355,0.0,0,0,25.485,0.0725,0
119,29,53,33,590,0.557692308,0,0,25.9225,0.0675,1
149,234,185,10,935,3.234615385,0,0,26.19,0.6799999999999999,3
0,0,0,0,355,0.0,0,0,25.485,0.0725,0
7,8,39,26,360,-0.015384615,0,0,25.0325,0.065,0
0,0,0,0,440,-1.234615385,0,0,25.5325,0.0574999999999999,0
0,0,0,0,385,-0.296153846,0,0,25.44,0.06,0
0,0,0,0,400,-1.373076923,0,0,25.47,0.055,0
120,25,47,35,420,0.019230769,0,0,26.11,0.065,1
5,7,24,21,605,3.580769231,1,1,25.86,0.1325,3
119,22,33,23,485,0.75,0,0,26.155,0.09,1
8,9,41,28,355,0.0,0,0,25.0475,0.0725,0
17,20,75,53,355,0.0,0,0,25.36,0.065,0
124,37,65,49,445,0.903846154,1,0,25.2025,0.1275,1
16,20,72,52,355,0.0,0,0,25.3775,0.07,0
0,0,0,0,355,-0.038461538,0,0,25.44,0.075,0
0,0,0,0,350,-0.146153846,0,0,25.2675,0.065,0
0,0,0,0,805,-2.846153846,0,0,25.8275,0.0575,0
117,22,186,10,730,2.75,1,1,26.0175,0.5824999999999999,2
14,15,72,52,595,-1.757692308,0,0,26.1725,0.1575,0
7,8,37,24,355,0.0,0,0,25.0475,0.0725,0
124,207,188,11,760,0.357692308,1,1,26.0325,1.59,3
0,0,0,0,355,0.176923077,0,0,25.5325,0.0675,0
0,0,0,0,380,-0.273076923,0,0,25.4375,0.0575,0
0,0,6,4,355,0.0,0,0,24.9675,0.065,0
0,0,0,0,375,-0.296153846,0,0,25.36,0.065,0
0,0,0,0,360,-0.169230769,0,0,25.1725,0.0625,0
0,0,0,0,355,0.0,0,0,25.315,0.075,0
0,0,0,0,345,0.0,0,0,25.095,0.0625,0
7,7,36,24,355,-0.111538462,0,0,24.9525,0.0675,0
7,7,35,24,360,0.0,0,0,25.0825,0.065,0
0,0,0,0,630,-1.646153846,0,0,25.595,0.065,0
0,0,0,0,495,-1.796153846,0,0,25.515,0.0675,0
11,13,54,38,355,0.0,0,0,25.205,0.0725,0
9,10,44,29,355,0.0,0,0,25.11,0.0675,0
0,0,0,0,360,-0.130769231,0,0,25.28,0.0575,0
0,0,0,0,350,-0.126923077,0,0,25.5325,0.075,0
3,3,13,11,750,2.55,0,1,25.89,0.09,3
0,0,0,0,680,-2.146153846,0,0,25.705,0.055,0
5,6,31,20,360,0.0,0,0,25.065,0.06,0
148,236,179,11,890,2.719230769,1,1,26.3775,0.2075,3
0,0,0,0,355,0.0,0,0,25.44,0.075,0
7,8,38,25,360,0.0,0,0,25.015,0.065,0
0,0,0,0,350,0.161538462,0,0,25.5025,0.0725,0
0,0,0,0,360,-0.034615385,0,0,25.265,0.06,0
0,0,0,0,385,-0.161538462,0,0,25.425,0.065,0
0,0,0,0,475,-0.911538462,0,0,25.485,0.0625,0
0,0,0,0,540,-1.723076923,0,0,25.5975,0.0625,0
19,23,81,60,355,0.0,0,0,25.5325,0.0675,0
0,0,0,0,345,0.0,0,0,25.125,0.0625,0
0,0,3,2,350,0.0,0,0,25.565,0.075,0
0,0,0,0,355,-0.003846154,0,0,24.9825,0.0625,0
160,249,80,59,435,1.707692308,0,0,25.7825,0.165,2
0,0,0,0,605,-1.988461538,0,0,25.6575,0.0625,0
148,234,178,10,900,2.169230769,1,1,26.3,1.7,3
19,22,80,59,355,0.0,0,0,25.5325,0.0975,0
0,0,0,0,480,-0.915384615,0,0,25.47,0.065,0
0,0,0,0,990,-2.646153846,0,0,26.0175,0.0625,0
18,21,75,54,355,0.0,0,0,25.4375,0.0725,0
0,0,0,0,360,-0.019230769,0,0,25.1725,0.06,0
0,0,0,0,355,-0.061538462,0,0,25.47,0.0675,0
0,0,0,0,1255,1.303846154,0,0,26.4075,0.06,0
0,0,0,0,345,-0.242307692,0,0,25.235,0.06,0
17,20,73,53,355,0.0,0,0,25.4525,0.0725,0
163,251,266,70,850,1.888461538,1,1,26.3925,1.015,3
0,0,0,0,365,-0.019230769,0,0,25.2025,0.0625,0
0,0,0,0,375,-0.126923077,0,0,25.4075,0.06,0
0,0,0,0,655,-1.7,0,0,25.6425,0.0675,0
0,0,0,0,760,-2.188461538,0,0,25.78,0.065,0
0,0,0,0,1205,-1.253846154,0,0,26.3275,0.0575,0
0,0,0,0,735,-2.107692308,0,0,25.735,0.0625,0
5,5,28,20,350,0.0,0,0,24.9525,0.075,0
0,0,0,0,360,-0.046153846,0,0,25.22,0.06,0
0,0,6,5,355,0.123076923,0,0,25.0475,0.0574999999999999,0
155,234,73,56,530,3.738461538,1,1,25.47,0.4,2
150,235,185,10,890,3.473076923,0,0,26.1575,0.16,3
0,0,0,0,360,-0.042307692,0,0,25.25,0.065,0
0,0,0,0,355,0.061538462,0,0,25.455,0.07,0
0,0,0,0,365,-0.296153846,0,0,25.33,0.0675,0
0,0,2,2,350,0.0,0,0,25.5325,0.075,0
0,0,0,0,365,-0.053846154,0,0,25.3625,0.0574999999999999,0
0,0,0,0,355,0.0,0,0,25.22,0.0675,0
0,0,3,2,355,-0.038461538,0,0,24.985,0.06,0
0,0,0,0,355,-0.053846154,0,0,25.4375,0.075,0
8,8,40,26,360,-0.053846154,0,0,25.0325,0.0625,0
12,14,57,40,360,-0.019230769,0,0,25.235,0.06,0
0,0,0,0,360,-0.007692308,0,0,25.1425,0.0574999999999999,0
4,5,21,15,345,0.0,0,0,24.9525,0.0675,0
6,7,35,23,360,0.0,0,0,25.05,0.06,0
0,0,0,0,370,-0.046153846,0,0,25.345,0.06,0
5,5,27,18,360,0.069230769,0,0,24.985,0.06,0
162,253,85,63,515,0.015384615,1,1,25.8925,1.28,2
9,10,43,29,355,0.0,0,0,25.1275,0.07,0
119,24,192,14,640,2.319230769,1,0,26.0025,0.5375000000000001,2
0,0,0,0,365,-0.05,0,0,25.25,0.065,0
0,0,0,0,355,-0.015384615,0,0,25.08,0.0574999999999999,0
0,0,0,0,355,0.0,0,0,25.44,0.0775,0
2,2,14,9,360,0.019230769,0,0,25.0325,0.06,0
10,11,56,41,470,-2.123076923,0,0,26.1075,0.0625,0
164,254,273,73,965,1.703846154,1,1,26.47,0.7775,3
1,1,10,6,350,0.0,0,0,24.985,0.0775,0
15,20,89,54,750,-3.234615385,0,0,26.0475,0.06,0
16,19,70,50,355,0.0,0,0,25.4525,0.0775,0
0,0,0,0,370,0.0,0,0,25.315,0.055,0
17,21,94,58,830,-4.834615385,0,0,26.1275,0.06,0
7,9,37,27,355,-0.038461538,0,0,25.6125,0.0725,0
14,14,70,50,605,-0.765384615,0,0,26.1725,0.0625,0
0,0,0,0,355,-0.103846154,0,0,25.095,0.06,0
0,0,0,0,360,0.0,0,0,25.11,0.06,0
7,7,36,24,355,-0.215384615,0,0,24.9675,0.0725,0
165,254,280,72,870,1.376923077,1,1,26.4225,0.515,2
0,0,0,0,775,-2.442307692,0,0,25.7975,0.06,0
6,7,32,21,345,0.0,0,0,25.0025,0.07,0
157,249,74,54,385,0.288461538,1,0,25.655,0.46,2
0,0,0,0,370,0.0,0,0,25.3925,0.0575,0
123,37,66,48,370,0.288461538,1,0,25.455,0.3424999999999999,1
0,0,0,0,385,-0.234615385,0,0,25.4375,0.0575,0
0,0,0,0,365,0.0,0,0,25.28,0.0574999999999999,0
0,0,0,0,355,-0.080769231,0,0,25.2825,0.0625,0
114,19,180,7,1010,-0.453846154,0,0,26.1875,0.3425,2
13,14,57,40,355,0.0,0,0,25.2525,0.07,0
0,0,0,0,345,0.0,0,0,25.19,0.0625,0
0,0,0,0,355,0.007692308,0,0,25.44,0.0725,0
9,10,45,31,355,0.0,0,0,25.0625,0.07,0
124,37,70,50,365,0.192307692,0,0,25.4225,0.135,1
19,23,80,58,355,0.0,0,0,25.515,0.1175,0
8,9,41,28,360,-0.015384615,0,0,25.0625,0.0675,0
0,0,0,0,345,0.0,0,0,24.985,0.0625,0
0,0,0,0,360,-0.119230769,0,0,25.1575,0.06,0
120,25,48,35,415,-1.865384615,1,0,26.1075,0.305,1
13,14,59,42,360,-0.015384615,0,0,25.2675,0.06,0
0,0,5,3,345,0.0,0,0,24.9525,0.065,0
119,33,65,41,575,-0.888461538,1,0,25.9375,0.07,1
0,0,0,0,350,-0.169230769,0,0,25.485,0.07,0
10,10,46,31,360,-0.034615385,0,0,25.125,0.065,0
0,0,0,0,350,-0.107692308,0,0,25.47,0.0725,0
0,0,0,0,415,-1.219230769,0,0,25.5175,0.0625,0
0,0,0,0,370,-0.215384615,0,0,25.375,0.0675,0
1,1,10,6,355,0.0,0,0,24.9825,0.0625,0
120,33,65,41,575,-1.073076923,0,0,25.9225,0.0725,1
0,0,0,0,355,0.092307692,0,0,25.5,0.0725,0
150,234,185,10,970,1.992307692,0,0,26.205,0.3725,3
0,0,0,0,365,0.0,0,0,25.25,0.0574999999999999,0
5,5,29,20,360,0.0,0,0,25.0,0.06,0
13,15,59,43,355,0.0,0,0,25.2525,0.0675,0
0,0,0,0,525,-1.85,0,0,25.58,0.0625,0
14,15,62,44,360,-0.015384615,0,0,25.3,0.0625,0
2,2,12,7,355,0.007692308,0,0,24.9525,0.0625,0
114,19,179,7,1035,0.253846154,0,0,26.1875,0.19,2
164,249,229,70,810,4.207692308,1,1,26.44,1.1875,3
114,19,179,7,1035,-0.242307692,1,0,26.1875,0.08,2
14,16,61,45,355,0.0,0,0,25.3125,0.0725,0
0,0,0,0,495,-1.853846154,0,0,25.515,0.07,0
17,20,75,54,355,0.0,0,0,25.4675,0.075,0
0,0,0,0,355,0.092307692,0,0,25.5175,0.0725,0
0,0,0,0,545,-2.146153846,0,0,25.61,0.0625,0
0,0,0,0,355,-0.034615385,0,0,25.44,0.0725,0
0,0,0,0,355,-0.007692308,0,0,25.5025,0.07,0
7,7,35,24,360,-0.030769231,0,0,25.015,0.07,0
0,0,0,0,355,0.019230769,0,0,25.0975,0.0574999999999999,0
13,14,59,43,355,0.0,0,0,25.2675,0.0775,0
7,7,36,24,360,0.026923077,0,0,25.015,0.0575,0
160,249,79,59,480,2.946153846,0,0,25.83,0.21,2
0,0,0,0,860,-2.7,0,0,25.86,0.0575,0
10,11,48,35,355,0.0,0,0,25.6125,0.0725,0
0,0,0,0,360,0.038461538,0,0,25.1575,0.06,0
117,25,184,14,720,1.769230769,0,1,26.0,0.0775,2
147,232,177,23,815,1.576923077,1,1,25.955,0.465,2
116,27,45,26,610,0.746153846,1,0,25.92,0.295,1
118,23,188,11,710,2.392307692,1,1,26.0175,0.8375,2
148,234,178,10,980,4.55,1,0,26.2975,0.385,3
12,15,61,45,355,0.0,0,0,25.5975,0.105,0
1,1,8,5,355,0.0,0,0,25.0,0.065,0
0,0,0,0,345,-0.157692308,0,0,25.25,0.07,0
0,0,0,0,345,0.0,0,0,25.1575,0.0675,0
0,0,0,0,350,-0.088461538,0,0,25.5325,0.075,0
0,0,0,0,375,-7.7e-19,0,0,25.3625,0.065,0
0,0,0,0,445,-1.811538462,0,0,25.485,0.17,0
0,0,0,0,370,-0.073076923,0,0,25.3775,0.06,0
10,11,56,41,485,-1.861538462,0,0,26.1225,0.125,0
114,19,180,7,1005,-0.6,0,0,26.1725,0.0775,2
0,0,0,0,555,-2.007692308,0,0,25.565,0.075,0
0,0,0,0,690,-1.876923077,0,0,25.72,0.0775,0
0,0,0,0,380,0.0,0,0,25.36,0.0625,0
0,0,0,0,355,0.0,0,0,25.265,0.0725,0
9,10,45,32,355,0.0,0,0,25.5975,0.075,0
0,0,0,0,750,-2.446153846,0,0,25.7825,0.06,0
0,0,0,0,605,-2.896153846,0,0,25.6425,0.06,0
0,0,1,1,355,0.034615385,0,0,24.9675,0.065,0
9,11,46,34,355,0.0,0,0,25.6125,0.0725,0
0,0,0,0,650,-1.511538462,0,0,25.6425,0.0625,0
2,2,12,7,350,0.0,0,0,24.9525,0.0725,0
111,24,50,36,430,-1.469230769,0,0,26.0775,0.2199999999999999,1
0,0,0,0,750,-2.026923077,0,0,25.7825,0.0625,0
118,21,27,20,515,1.696153846,1,0,26.2025,0.095,1
7,8,40,26,360,0.0,0,0,25.0475,0.0625,0
0,0,0,0,360,0.0,0,0,25.315,0.0625,0
0,0,0,0,350,-0.046153846,0,0,25.5025,0.07,0
149,238,179,11,830,0.976923077,1,1,26.0975,1.2075,3
0,0,0,0,350,0.034615385,0,0,25.5025,0.075,0
20,24,83,60,355,0.0,0,0,25.5175,0.08,0
114,19,180,7,1015,-0.415384615,0,0,26.1425,0.1525,2
0,0,0,0,365,-0.103846154,0,0,25.265,0.06,0
16,20,72,52,355,0.0,0,0,25.3925,0.08,0
5,5,27,18,345,0.0,0,0,24.9525,0.0675,0
0,0,0,0,590,-2.938461538,0,0,25.6275,0.0625,0
0,0,0,0,370,-0.296153846,0,0,25.36,0.0625,0
0,0,0,0,355,0.111538462,0,0,25.44,0.0725,0
0,0,0,0,355,0.05,0,0,25.4875,0.07,0
14,17,66,48,355,0.0,0,0,25.5975,0.075,0
14,16,63,44,355,0.0,0,0,25.2675,0.0725,0
4,5,21,15,345,0.0,0,0,24.9525,0.065,0
15,20,90,54,750,-3.957692308,0,0,26.065,0.06,0
5,5,23,16,355,0.038461538,0,0,24.9525,0.0675,0
118,28,205,25,615,0.103846154,1,1,25.97,1.2950000000000002,2
0,0,0,0,375,-0.146153846,0,0,25.375,0.065,0
0,0,0,0,355,-0.153846154,0,0,25.44,0.075,0
0,0,0,0,655,-2.965384615,0,0,25.6425,0.07,0
119,33,67,41,570,-0.546153846,0,0,25.9375,0.2125,1
123,36,68,49,360,0.111538462,0,0,25.345,0.1325,1
0,0,0,0,380,0.0,0,0,25.375,0.06,0
116,26,41,24,620,0.680769231,0,0,25.9225,0.0575,1
115,24,38,21,625,0.434615385,0,1,25.94,0.2625,1
142,228,172,10,1255,2.288461538,1,1,26.755,0.6275000000000001,3
5,5,24,17,350,0.05,0,0,25.5975,0.075,0
149,234,180,10,1080,2.538461538,1,1,26.315,0.1825,3
0,0,0,0,345,-0.184615385,0,0,25.25,0.065,0
0,0,0,0,350,-0.088461538,0,0,25.1125,0.0725,0
0,0,0,0,355,0.126923077,0,0,25.5175,0.08,0
6,7,34,22,345,0.0,0,0,25.0325,0.0675,0
0,0,0,0,345,0.0,0,0,25.08,0.0575,0
13,14,59,41,360,-0.034615385,0,0,25.2675,0.06,0
0,0,0,0,465,-0.942307692,0,0,25.485,0.065,0
118,29,51,30,605,0.230769231,1,0,25.92,0.0925,1
0,0,0,0,355,0.0,0,0,25.315,0.07,0
10,10,53,32,380,0.480769231,1,1,25.7675,0.1225,3
119,23,36,26,470,1.565384615,1,0,26.14,0.1499999999999999,1
0,0,0,0,850,1.0,0,0,25.955,0.0625,0
0,0,0,0,370,-0.023076923,0,0,25.3775,0.06,0
0,0,0,0,370,0.0,0,0,25.28,0.055,0
0,0,0,0,370,-0.026923077,0,0,25.3925,0.0625,0
3,3,15,10,360,0.011538462,0,0,25.0325,0.06,0
0,0,0,0,355,0.111538462,0,0,25.5175,0.075,0
0,0,0,0,595,-2.069230769,0,0,25.6425,0.0675,0
150,236,180,10,1160,2.857692308,0,0,26.36,0.2625,3
0,0,0,0,390,-0.576923077,0,0,25.455,0.0675,0
117,19,184,7,1045,0.542307692,1,1,26.2375,0.31,2
123,37,68,49,375,0.3,0,0,25.55,0.2425,1
5,6,30,20,360,0.0,0,0,24.9525,0.0625,0
4,4,19,14,355,-0.011538462,0,0,24.97,0.065,0
12,12,63,45,505,-1.611538462,0,0,26.125,0.065,0
114,19,180,7,1020,-0.530769231,0,0,26.1575,0.3,2
5,5,28,19,360,0.0,0,0,25.05,0.0625,0
119,32,65,40,570,-0.396153846,0,0,25.9375,0.0675,1
157,244,76,59,595,1.411538462,1,0,25.985,0.2975,2
6,7,32,21,345,0.0,0,0,25.0175,0.07,0
13,15,62,45,355,0.0,0,0,25.6125,0.075,0
4,5,22,15,360,0.023076923,0,0,25.0475,0.06,0
161,247,79,58,610,0.896153846,1,0,26.2525,0.9975,2
6,6,31,20,345,0.0,0,0,25.0175,0.0675,0
0,0,0,0,360,-0.026923077,0,0,25.1575,0.0625,0
165,255,272,72,880,1.157692308,0,0,26.3425,0.2525,3
1,1,8,5,360,0.15,0,0,25.0325,0.06,0
5,6,30,20,360,0.0,0,0,25.065,0.065,0
0,0,0,0,355,0.0,0,0,24.985,0.0625,0
11,14,56,41,355,0.0,0,0,25.6125,0.1149999999999999,0
4,4,24,14,730,2.773076923,1,1,25.875,0.1125,3
118,23,191,13,650,2.815384615,1,1,26.0025,0.585,2
0,0,0,0,350,-0.019230769,0,0,25.485,0.07,0
159,248,75,54,420,1.288461538,1,0,25.7675,0.2625,2
16,18,70,50,355,0.0,0,0,25.345,0.07,0
120,25,45,34,430,0.846153846,0,0,26.125,0.07,1
20,24,85,61,355,0.0,0,0,25.5675,0.0725,0
0,0,0,0,355,0.088461538,0,0,25.0825,0.0725,0
0,0,0,0,360,-0.023076923,0,0,25.065,0.0525,0
118,27,46,27,620,0.884615385,0,0,25.92,0.0625,1
2,2,14,9,355,-0.065384615,0,0,25.05,0.06,0
143,228,6,7,835,0.496153846,0,0,26.0,0.2175,2
0,0,0,0,990,-1.307692308,0,0,26.0325,0.0625,0
14,16,80,49,675,-1.796153846,0,0,25.9525,0.07,0
155,242,77,60,635,1.961538462,1,1,26.205,0.5275,2
6,7,34,22,350,0.0,0,0,25.015,0.0725,0
0,0,0,0,800,-1.738461538,0,0,25.845,0.0625,0
17,20,75,54,355,0.0,0,0,25.3275,0.0849999999999999,0
4,4,20,14,355,0.096153846,0,0,24.9525,0.065,0
5,6,29,20,350,0.0,0,0,24.9675,0.0725,0
119,24,39,29,455,1.407692308,0,0,26.14,0.2274999999999999,1
0,0,0,0,360,-0.157692308,0,0,25.095,0.06,0
124,39,74,53,380,0.219230769,1,0,25.55,0.2625,1
7,7,36,24,360,-0.011538462,0,0,25.0975,0.0625,0
9,9,43,29,360,-0.092307692,0,0,25.095,0.0625,0
0,0,0,0,360,0.107692308,0,0,25.05,0.0625,0
0,0,0,0,480,-1.307692308,0,0,25.58,0.06,0
0,0,0,0,385,-0.184615385,0,0,25.4675,0.06,0
15,18,69,48,355,0.0,0,0,25.33,0.105,0
10,12,51,35,355,0.184615385,0,0,25.19,0.0625,0
9,10,44,29,355,0.0,0,0,25.0925,0.0725,0
0,0,0,0,360,-0.015384615,0,0,25.1575,0.065,0
12,14,57,41,355,-0.042307692,0,0,25.235,0.065,0
14,17,64,45,355,0.0,0,0,25.3275,0.075,0
155,235,73,56,540,3.923076923,1,0,25.47,0.27,2
0,0,0,0,490,-1.634615385,0,0,25.5,0.065,0
146,231,173,20,830,0.196153846,1,1,25.9725,0.665,2
142,228,5,7,835,-0.461538462,1,1,25.955,0.4649999999999999,2
0,0,0,0,345,0.0,0,0,25.14,0.06,0
150,239,180,11,860,1.065384615,1,1,26.1125,0.935,3
0,0,0,0,355,0.0,0,0,25.455,0.07,0
1,1,9,5,345,0.0,0,0,24.9525,0.065,0
0,0,0,0,360,-0.138461538,0,0,25.2975,0.0675,0
4,5,33,15,685,3.892307692,0,1,25.9075,0.44,3
115,19,181,7,1025,0.280769231,0,0,26.1275,0.4899999999999999,2
0,0,0,0,590,-2.584615385,0,0,25.61,0.06,0
9,10,45,30,355,-0.096153846,0,0,25.1275,0.06,0
0,0,0,0,470,-1.4,0,0,25.5475,0.0574999999999999,0
0,0,0,0,365,-0.046153846,0,0,25.315,0.065,0
0,0,2,2,355,-0.080769231,0,0,25.0325,0.0725,0
156,243,81,63,640,0.915384615,0,0,26.2825,0.4299999999999999,2
14,16,65,46,360,-0.011538462,0,0,25.2975,0.0625,0
9,9,50,30,420,2.434615385,1,1,25.86,0.3175,3
0,0,0,0,355,0.0,0,0,25.1125,0.075,0
0,0,0,0,525,-2.580769231,0,0,25.55,0.0725,0
4,5,24,16,350,0.119230769,0,0,25.6125,0.08,0
114,19,180,7,1035,-0.742307692,0,0,26.1725,0.3899999999999999,2
0,0,0,0,360,0.057692308,0,0,24.9525,0.06,0
10,11,49,35,355,0.096153846,0,0,25.175,0.0625,0
10,11,48,33,355,0.0,0,0,25.175,0.075,0
150,235,185,10,845,2.126923077,0,1,26.14,0.175,3
15,17,67,48,355,0.0,0,0,25.315,0.1025,0
0,0,0,0,1045,-4.9,0,0,26.0775,0.065,0
0,0,0,0,375,-0.3,0,0,25.3925,0.06,0
0,0,0,0,380,-0.219230769,0,0,25.4375,0.0625,0
0,0,0,0,360,-0.034615385,0,0,25.2975,0.06,0
0,0,0,0,365,-0.034615385,0,0,25.28,0.06,0
0,0,0,0,425,-1.3,0,0,25.47,0.065,0
0,0,0,0,360,-0.107692308,0,0,25.265,0.0574999999999999,0
0,0,0,0,350,-0.073076923,0,0,25.455,0.075,0
0,0,0,0,355,0.0,0,0,25.3275,0.0675,0
0,0,0,0,355,-0.023076923,0,0,25.065,0.075,0
124,37,69,49,365,0.046153846,1,0,25.4225,0.1999999999999999,1
0,0,0,0,350,-0.153846154,0,0,25.5175,0.075,0
0,0,0,0,675,-2.288461538,0,0,25.69,0.0625,0
0,0,0,0,380,-0.234615385,0,0,25.4225,0.0574999999999999,0
121,26,49,35,415,-0.130769231,0,0,26.095,0.3075,1
11,11,58,42,515,-1.411538462,0,0,26.11,0.0725,0
19,23,83,59,355,0.0,0,0,25.5825,0.075,0
143,228,5,7,835,-0.619230769,1,1,25.985,0.3399999999999999,2
0,0,0,0,355,-0.019230769,0,0,24.9675,0.0625,0
115,24,180,12,735,1.330769231,0,0,26.0,0.1125,2
0,0,0,0,355,-0.038461538,0,0,25.44,0.07,0
0,0,0,0,1030,-0.392307692,0,1,26.1425,3.1825,0
6,7,33,22,360,0.0,0,0,25.05,0.0625,0
0,0,5,4,350,-0.084615385,0,0,24.985,0.075,0
0,0,0,0,355,-0.026923077,0,0,25.0475,0.0725,0
115,24,181,13,730,1.615384615,0,1,26.0,0.0875,2
0,0,0,0,350,0.026923077,0,0,25.5175,0.0725,0
0,0,0,0,355,0.0,0,0,25.395,0.0775,0
114,24,176,10,800,2.076923077,0,1,26.015,0.1025,2
148,234,178,10,985,4.55,1,1,26.2525,0.7150000000000001,3
0,0,0,0,375,-0.276923077,0,0,25.41,0.06,0
160,247,72,54,605,1.534615385,0,0,26.25,0.675,2
5,5,23,16,345,0.0,0,0,24.935,0.065,0
11,12,59,44,515,-1.303846154,0,0,26.11,0.065,0
119,31,59,37,590,0.938461538,1,0,25.9225,0.065,1
0,0,0,0,350,-0.157692308,0,0,25.5325,0.0725,0
141,225,171,10,1210,0.130769231,1,1,26.7825,1.0074999999999998,3
160,249,80,59,595,1.707692308,0,1,26.2175,0.7875,2
114,24,175,10,800,2.261538462,1,1,26.0,1.3625,2
0,0,0,0,355,-0.003846154,0,0,24.9675,0.0625,0
0,0,0,0,360,0.019230769,0,0,25.0175,0.0625,0
0,0,0,0,360,-0.123076923,0,0,25.0325,0.0625,0
13,15,60,42,355,-0.103846154,0,0,25.2525,0.075,0
117,23,189,12,685,2.730769231,0,1,26.0,0.7025,2
5,6,30,20,360,0.0,0,0,24.9525,0.065,0
2,2,13,8,350,0.0,0,0,24.985,0.07,0
0,0,0,0,355,0.0,0,0,25.1425,0.0625,0
7,7,37,24,360,0.019230769,0,0,25.0,0.0625,0
0,0,0,0,495,-1.819230769,0,0,25.515,0.06,0
16,19,69,50,355,0.0,0,0,25.4525,0.0725,0
0,0,0,0,505,-2.061538462,0,0,25.5825,0.0575,0
124,38,71,51,380,0.242307692,1,0,25.55,0.0825,1
0,0,0,0,530,-2.015384615,0,0,25.5975,0.06,0
0,0,0,0,350,-0.069230769,0,0,25.0975,0.075,0
0,0,0,0,380,-0.161538462,0,0,25.4075,0.0625,0
4,5,35,16,685,3.938461538,1,1,25.9225,0.235,3
5,6,29,20,360,0.0,0,0,24.9675,0.0625,0
0,0,0,0,390,-1.665384615,0,0,25.5325,0.06,0
8,9,40,27,355,0.0,0,0,25.0325,0.07,0
0,0,0,0,360,-0.103846154,0,0,25.015,0.065,0
0,0,0,0,350,-0.026923077,0,0,25.455,0.0775,0
8,8,30,28,480,2.676923077,0,1,25.7975,0.1874999999999999,3
0,0,0,0,450,-1.030769231,0,0,25.53,0.06,0
114,19,182,7,1020,-1.092307692,1,1,26.1575,0.775,2
14,15,63,45,355,0.0,0,0,25.2675,0.1,0
11,13,53,36,355,0.0,0,0,25.175,0.07,0
7,7,35,23,360,-0.019230769,0,0,25.0825,0.0574999999999999,0
0,0,0,0,370,-0.184615385,0,0,25.345,0.0575,0
0,0,0,0,465,-1.423076923,0,0,25.5475,0.06,0
121,34,53,40,390,0.769230769,0,0,24.9075,0.0975,1
0,0,0,0,770,-2.442307692,0,0,25.78,0.06,0
6,7,33,21,345,0.0,0,0,25.02,0.065,0
0,0,0,0,355,-0.05,0,0,25.08,0.0575,0
150,235,185,10,995,2.3,0,0,26.22,0.1925,3
0,0,0,0,380,-0.019230769,0,0,25.39,0.06,0
0,0,0,0,380,-0.296153846,0,0,25.39,0.07,0
0,0,0,0,870,-2.680769231,0,0,25.8775,0.0575,0
0,0,0,0,360,-0.069230769,0,0,25.095,0.0574999999999999,0
114,24,176,10,790,2.184615385,1,1,26.015,1.4275,2
0,0,0,0,360,3.08e-18,0,0,25.1275,0.06,0
0,0,0,0,365,-0.065384615,0,0,25.28,0.065,0
12,14,55,39,355,0.0,0,0,25.2675,0.0925,0
2,3,14,9,345,0.0,0,0,24.9525,0.0675,0
0,0,0,0,355,0.0,0,0,25.455,0.0725,0
124,38,71,51,365,0.126923077,0,0,25.4225,0.3525,1
8,9,41,28,355,0.0,0,0,25.0625,0.075,0
4,5,29,14,695,3.103846154,1,1,25.875,0.1725,3
0,0,0,0,375,0.0,0,0,25.3775,0.055,0
114,19,179,7,1020,-0.95,0,0,26.1575,0.075,2
13,14,57,41,355,0.0,0,0,25.2825,0.095,0
0,0,0,0,750,-2.019230769,0,0,25.735,0.0675,0
122,37,67,48,375,0.288461538,0,0,25.55,0.1825,1
13,16,80,49,625,-2.792307692,0,0,25.94,0.06,0
10,13,53,39,355,0.0,0,0,25.6125,0.0725,0
5,5,29,19,360,0.0,0,0,25.0475,0.0575,0
1,1,10,7,355,0.034615385,0,0,24.9675,0.0625,0
8,9,40,27,355,0.0,0,0,25.0925,0.0675,0
0,0,0,0,510,-1.953846154,0,0,25.515,0.0625,0
6,6,34,22,350,0.0,0,0,25.0325,0.07,0
18,22,81,59,355,0.0,1,0,25.6125,0.075,0
5,5,24,16,345,0.0,0,0,24.9525,0.06,0
150,235,185,10,915,4.061538462,0,1,26.175,0.13,3
0,0,0,0,355,-0.038461538,0,0,25.44,0.0725,0
11,11,57,42,490,-1.880769231,0,0,26.125,0.07,0
0,0,0,0,805,-1.523076923,0,0,25.845,0.06,0
0,0,0,0,350,-0.080769231,0,0,25.0475,0.0675,0
0,0,0,0,360,0.057692308,0,0,25.11,0.055,0
0,0,0,0,360,-0.069230769,0,0,25.28,0.06,0
17,20,75,54,355,0.0,0,0,25.3275,0.0775,0
16,20,73,52,355,0.0,0,0,25.3775,0.0675,0
9,10,45,30,360,0.092307692,0,0,25.125,0.0675,0
0,0,0,0,360,-0.088461538,0,0,25.265,0.055,0
0,0,0,0,940,-2.846153846,0,0,25.9225,0.0625,0
0,0,0,0,390,-0.046153846,0,0,25.47,0.0575,0
160,249,75,55,405,0.753846154,1,0,25.72,0.0875,2
119,23,35,25,475,1.384615385,0,0,26.17,0.1875,1
7,8,39,26,360,0.0,0,0,25.0475,0.065,0
0,0,0,0,410,-0.953846154,0,0,25.455,0.0675,0
0,0,0,0,355,0.173076923,0,0,25.455,0.0725,0
0,0,0,0,355,0.069230769,0,0,25.5175,0.075,0
118,23,190,12,670,2.938461538,0,0,26.0175,0.7450000000000001,2
150,235,185,11,805,1.203846154,1,0,26.1275,1.2675,3
116,24,181,13,730,1.719230769,0,1,25.985,0.2125,2
0,0,1,1,350,-0.169230769,0,0,25.065,0.07,0
0,0,0,0,825,-0.761538462,0,0,25.895,0.06,0
13,14,59,43,355,0.0,0,0,25.2675,0.0725,0
1,1,10,6,345,0.0,0,0,24.97,0.065,0
0,0,0,0,380,-0.034615385,0,0,25.375,0.0575,0
0,0,0,0,355,0.25,0,0,25.065,0.0575,0
116,27,45,26,610,0.692307692,0,0,25.92,0.0825,1
2,2,11,7,345,0.0,0,0,24.9675,0.0675,0
119,24,195,15,590,1.311538462,1,1,25.9525,0.2825,2
0,0,1,0,355,0.042307692,0,0,24.9675,0.065,0
165,254,274,73,875,1.469230769,1,1,26.4225,0.6875,2
0,0,0,0,365,-0.019230769,0,0,25.3475,0.06,0
0,0,0,0,1010,1.0,0,0,26.11,0.055,0
0,0,0,0,420,-1.542307692,0,0,25.455,0.065,0
0,0,0,0,360,0.0,0,0,25.235,0.055,0
6,7,35,24,355,-0.026923077,0,0,25.5975,0.0775,0
0,0,0,0,650,-2.319230769,0,0,25.675,0.0625,0
160,247,75,56,640,1.415384615,0,0,26.285,0.5,2
0,0,0,0,365,0.0,0,0,25.28,0.06,0
114,19,179,7,1015,-0.411538462,0,1,26.1725,0.49,2
0,0,0,0,590,-1.834615385,0,0,25.61,0.065,0
0,0,4,3,350,0.0,0,0,25.5475,0.075,0
119,22,33,24,475,1.096153846,0,0,26.17,0.0675,1
5,5,24,15,360,0.042307692,0,0,25.0475,0.0575,0
14,18,70,50,355,0.0,0,0,25.6125,0.07,0
0,0,0,0,360,-0.207692308,0,0,25.1725,0.0625,0
1,1,10,6,345,0.0,0,0,24.9375,0.065,0
0,0,3,2,345,0.0,0,0,24.9675,0.06,0
0,0,0,0,355,0.003846154,0,0,25.44,0.0725,0
17,20,75,54,355,0.0,0,0,25.3775,0.07,0
149,238,184,25,780,1.573076923,0,1,25.9075,0.2125,3
149,235,180,10,1165,3.257692308,1,0,26.345,1.035,3
14,14,70,51,530,-4.076923077,0,0,26.1425,0.0875,0
5,5,23,16,350,0.0,0,0,24.92,0.07,0
0,0,0,0,365,-0.019230769,0,0,25.28,0.06,0
0,0,0,0,440,-1.234615385,0,0,25.5175,0.0625,0
155,248,74,54,385,0.219230769,1,1,25.64,0.7775,2
148,234,177,24,800,1.515384615,0,0,25.955,0.105,2
0,0,0,0,375,-0.146153846,0,0,25.375,0.0625,0
123,35,58,45,400,0.319230769,0,0,25.05,0.3950000000000001,1
114,19,178,7,1040,-1.334615385,0,0,26.2025,0.6875,2
0,0,4,3,355,-0.026923077,0,0,24.985,0.0625,0
0,0,0,0,560,-2.215384615,0,0,25.595,0.06,0
157,244,78,59,630,1.626923077,1,1,26.1425,0.5025000000000001,2
150,236,187,10,880,2.746153846,0,1,26.1575,0.8575,3
116,26,186,19,670,1.973076923,0,1,25.97,0.085,2
4,4,23,14,350,-0.134615385,0,0,25.5975,0.075,0
160,249,80,59,425,1.588461538,0,0,25.7825,0.2725,2
17,20,74,53,355,0.0,0,0,25.3775,0.0824999999999999,0
0,0,0,0,480,-1.369230769,0,0,25.58,0.0625,0
4,4,20,14,350,0.0,0,0,24.9525,0.0725,0
159,243,224,67,690,2.057692308,1,1,26.5625,2.9825000000000004,3
150,239,180,11,1225,0.8,0,0,26.6875,0.4775,3
0,0,0,0,410,-1.215384615,0,0,25.5,0.0625,0
14,16,65,46,360,0.103846154,0,0,25.2825,0.0675,0
10,10,45,31,355,0.0,0,0,25.125,0.0725,0
114,19,180,7,1050,0.280769231,0,1,26.1875,0.465,2
20,24,87,63,355,0.0,0,0,25.5825,0.0675,0
0,0,3,2,350,0.0,0,0,25.5475,0.07,0
0,0,0,0,360,0.0,0,0,25.22,0.06,0
118,29,53,32,595,0.273076923,0,0,25.9375,0.0824999999999999,1
0,0,0,0,360,-0.203846154,0,0,25.1725,0.0625,0
0,0,0,0,470,-1.184615385,0,0,25.5475,0.0574999999999999,0
165,256,273,73,925,2.157692308,1,1,26.3925,1.225,3
0,0,0,0,365,-0.007692308,0,0,25.2975,0.06,0
0,0,0,0,635,-1.353846154,0,0,25.6425,0.0675,0
0,0,0,0,835,-0.15,0,0,25.925,0.0675,0
0,0,0,0,350,-0.176923077,0,0,25.5175,0.0725,0
0,0,0,0,360,0.080769231,0,0,25.1125,0.0625,0
150,236,187,11,815,1.592307692,0,1,26.1275,0.1025,3
0,0,0,0,365,-0.015384615,0,0,25.1725,0.0574999999999999,0
156,243,80,60,645,0.861538462,0,0,26.36,0.0625,2
114,19,180,7,1015,-0.603846154,0,0,26.1875,0.5175000000000001,2
0,0,2,2,350,0.0,0,0,25.58,0.075,0
0,0,0,0,365,0.0,0,0,25.3325,0.0625,0
153,216,63,49,450,1.003846154,1,1,25.345,0.4475,2
6,7,34,23,360,0.0,0,0,24.9825,0.065,0
9,10,45,30,355,0.0,0,0,25.125,0.0725,0
7,7,39,24,520,2.069230769,0,0,25.845,0.225,3
0,0,0,0,365,-0.215384615,0,0,25.295,0.0625,0
164,254,276,70,910,1.661538462,1,1,26.375,0.32,3
0,0,0,0,605,-1.196153846,0,0,25.595,0.0625,0
0,0,0,0,755,-1.976923077,0,0,25.75,0.065,0
148,234,178,10,995,3.892307692,1,1,26.25,1.175,3
18,21,77,55,355,0.0,0,0,25.4375,0.0725,0
0,0,0,0,360,-0.026923077,0,0,25.25,0.06,0
0,0,0,0,375,0.0,0,0,25.3625,0.0574999999999999,0
14,14,68,49,640,-0.903846154,0,0,26.2025,0.0625,0
0,0,0,0,370,0.0,0,0,25.345,0.0675,0
0,0,0,0,370,0.0,0,0,25.2975,0.0549999999999999,0
6,6,32,20,360,0.0,0,0,24.9825,0.06,0
165,254,272,70,860,0.923076923,1,1,26.47,0.9075,3
0,0,0,0,365,-0.019230769,0,0,25.2975,0.06,0
4,3,19,13,360,0.007692308,0,0,24.97,0.0625,0
0,0,0,0,375,0.0,0,0,25.3625,0.0625,0
163,252,227,70,845,7.519230769,0,0,26.44,0.1425,3
0,0,0,0,360,0.115384615,0,0,25.1275,0.0574999999999999,0
0,0,0,0,345,0.0,0,0,25.035,0.07,0
116,24,178,9,810,1.815384615,1,1,26.0475,0.165,2
8,9,41,28,355,0.0,0,0,25.0325,0.07,0
0,0,0,0,520,-2.073076923,0,0,25.515,0.065,0
142,228,173,10,1265,1.957692308,1,0,26.7525,0.1925,3
0,0,0,0,360,0.215384615,0,0,25.065,0.06,0
0,0,0,0,355,-0.119230769,0,0,25.05,0.065,0
0,0,0,0,350,0.0,0,0,25.235,0.065,0
118,24,192,14,605,1.6,0,0,25.97,0.5325,2
117,21,26,20,510,1.426923077,0,0,26.17,0.0875,1
0,0,0,0,360,-0.061538462,0,0,24.97,0.065,0
0,0,0,0,355,0.026923077,0,0,25.5175,0.0625,0
0,0,0,0,450,-1.719230769,0,0,25.455,0.2675,0
0,0,0,0,365,0.0,0,0,25.3325,0.0575,0
0,0,0,0,780,-2.057692308,0,0,25.8125,0.1,0
0,0,0,0,350,0.088461538,0,0,25.5025,0.0725,0
7,7,36,24,355,-0.138461538,0,0,24.9825,0.0725,0
142,227,173,10,1245,0.846153846,0,0,26.7525,0.12,3
6,6,37,23,530,2.657692308,0,0,25.8275,0.2774999999999999,3
0,0,0,0,345,0.0,0,0,25.22,0.065,0
0,0,0,0,360,-0.084615385,0,0,25.28,0.055,0
115,19,180,7,1015,0.103846154,0,0,26.1425,0.7325,2
160,248,77,57,620,0.946153846,1,0,26.285,0.4975,2
0,0,0,0,385,-0.273076923,0,0,25.4525,0.06,0
142,227,173,10,1260,1.673076923,0,0,26.72,0.0725,3
14,17,80,49,675,-1.788461538,0,0,25.97,0.07,0
0,0,0,0,360,0.0,0,0,25.1725,0.06,0
119,23,35,26,470,1.519230769,1,0,26.14,0.095,1
146,231,175,22,810,1.803846154,0,0,25.955,0.2425,2
0,0,0,0,910,-3.419230769,0,0,25.9225,0.0625,0
0,0,0,0,810,-1.576923077,0,0,25.8125,0.06,0
2,2,12,9,350,-0.019230769,0,0,25.595,0.0725,0
5,5,28,19,360,0.05,0,0,25.0,0.0625,0
0,0,0,0,355,-0.073076923,0,0,24.9225,0.0625,0
0,0,0,0,345,0.0,0,0,25.0175,0.065,0
0,0,0,0,380,-0.3,0,0,25.3925,0.0574999999999999,0
0,0,0,0,365,0.0,0,0,25.33,0.0625,0
0,0,0,0,370,0.0,0,0,25.31,0.055,0
0,0,0,0,375,-0.034615385,0,0,25.3325,0.065,0
150,236,186,11,790,1.211538462,0,0,26.11,0.91,3
0,0,0,0,370,-0.057692308,0,0,25.33,0.06,0
0,0,0,0,490,-1.461538462,0,0,25.58,0.06,0
124,35,59,45,400,0.334615385,0,0,25.035,0.0875,1
0,0,0,0,360,-0.088461538,0,0,25.315,0.065,0
19,22,98,59,960,-0.226923077,1,1,26.44,1.535,0
0,0,0,0,795,-2.003846154,0,0,25.83,0.0625,0
7,7,36,24,355,-0.219230769,0,0,24.9675,0.07,0
12,12,60,44,505,-1.569230769,0,0,26.0925,0.0625,0
12,14,55,40,355,0.0,0,0,25.2525,0.0725,0
0,0,0,0,365,-0.084615385,0,0,25.3775,0.0625,0
0,0,0,0,365,0.0,0,0,25.3625,0.06,0
0,0,0,0,855,-2.634615385,0,0,25.8425,0.055,0
1,1,7,5,350,0.0,0,0,25.58,0.075,0
0,0,0,0,560,-2.180769231,0,0,25.58,0.0574999999999999,0
157,244,75,58,600,2.230769231,0,0,26.03,0.0625,2
142,229,5,7,830,-0.846153846,1,1,25.955,0.235,2
17,20,73,53,355,0.0,0,0,25.4525,0.075,0
17,21,93,58,830,-4.319230769,0,0,26.095,0.06,0
6,7,33,22,345,0.0,0,0,25.02,0.0824999999999999,0
156,244,80,61,640,0.846153846,0,0,26.345,0.2525,2
150,239,180,10,1205,0.257692308,1,1,26.6725,1.79,3
0,0,0,0,380,-0.276923077,0,0,25.4225,0.06,0
17,21,94,58,820,-3.903846154,0,0,26.08,0.0675,0
6,7,35,22,360,-0.042307692,0,0,25.05,0.06,0
0,0,0,0,360,-0.096153846,0,0,25.265,0.0625,0
0,0,5,4,345,0.0,0,0,24.9675,0.065,0
148,234,178,24,785,1.573076923,0,1,25.955,0.2475,2
0,0,0,0,370,-0.084615385,0,0,25.345,0.07,0
0,0,0,0,360,-0.034615385,0,0,25.25,0.0574999999999999,0
0,0,0,0,380,-0.261538462,0,0,25.4225,0.0625,0
0,0,0,0,390,-0.126923077,0,0,25.5,0.06,0
7,7,29,26,475,2.826923077,0,1,25.815,0.22,3
0,0,0,0,380,-0.242307692,0,0,25.3625,0.0625,0
0,0,0,0,360,-0.138461538,0,0,25.05,0.06,0
123,37,67,49,375,0.288461538,0,0,25.52,0.2925,1
0,0,0,0,355,0.0,0,0,25.2975,0.075,0
16,19,71,52,355,0.0,0,0,25.2975,0.0824999999999999,0
114,19,179,7,1035,0.473076923,1,0,26.1875,0.1924999999999999,2
0,0,0,0,1020,-3.969230769,0,0,26.0325,0.0625,0
0,0,3,2,355,-0.015384615,0,0,25.0325,0.0725,0
0,0,0,0,360,-0.130769231,0,0,25.315,0.06,0
0,0,0,0,525,-2.653846154,0,0,25.515,0.065,0
5,6,30,21,350,0.107692308,0,0,25.5975,0.07,0
0,0,3,2,355,-0.007692308,0,0,25.05,0.0574999999999999,0
0,0,0,0,355,0.0,0,0,24.9675,0.0625,0
118,22,29,20,500,1.3,1,0,26.2025,0.3925,1
0,0,0,0,975,-2.184615385,0,0,26.0175,0.0574999999999999,0
5,6,30,21,360,0.0,0,0,24.9675,0.0625,0
1,1,9,5,355,0.0,0,0,24.9675,0.06,0
16,20,72,52,355,0.0,0,0,25.4525,0.07,0
1,1,9,6,350,0.0,0,0,25.595,0.0725,0
14,16,65,45,360,0.165384615,0,0,25.2675,0.0625,0
9,10,49,35,435,-1.273076923,0,0,26.0775,0.06,0
2,2,14,8,345,0.0,0,0,24.985,0.0675,0
1,1,8,5,355,0.0,0,0,24.9675,0.0625,0
119,29,54,33,590,0.707692308,0,0,25.9375,0.0625,1
133,216,172,25,770,1.676923077,1,1,25.9075,0.2925,3
0,0,0,0,355,-0.011538462,0,0,25.0475,0.07,0
8,8,30,29,475,2.673076923,0,1,25.7975,0.2499999999999999,3
0,0,0,0,365,0.0,0,0,25.315,0.0625,0
161,252,81,61,530,2.15,1,0,25.8925,0.64,2
12,14,55,40,355,0.0,0,0,25.2375,0.0824999999999999,0
160,249,78,59,405,0.603846154,1,1,25.72,0.495,2
160,248,75,58,465,2.776923077,1,0,25.83,0.2,2
0,0,0,0,370,-1.23e-17,0,0,25.3625,0.06,0
14,18,82,51,715,-2.742307692,0,0,26.0,0.065,0
164,247,279,72,865,-0.892307692,1,1,26.39,1.185,3
160,248,72,54,605,1.442307692,0,0,26.25,0.7475,2
0,0,0,0,390,-0.342307692,0,0,25.425,0.06,0
0,0,0,0,355,-0.057692308,0,0,25.08,0.07,0
0,0,0,0,355,0.003846154,0,0,24.9675,0.06,0
0,0,0,0,450,-0.946153846,0,0,25.5325,0.06,0
6,6,33,21,360,0.0,0,0,24.9825,0.0675,0
16,19,73,53,355,0.0,0,0,25.3425,0.0725,0
6,7,33,21,345,0.0,0,0,25.0175,0.0675,0
119,24,195,17,565,1.996153846,0,0,25.97,0.72,2
0,0,0,0,360,-0.273076923,0,0,25.315,0.0675,0
114,19,179,7,1030,-0.165384615,0,0,26.1725,0.2425,2
0,0,0,0,385,-0.042307692,0,0,25.4075,0.0625,0
124,38,70,51,370,0.292307692,0,0,25.485,0.3749999999999999,1
9,10,45,30,355,0.0,0,0,25.0625,0.07,0
0,0,0,0,435,-2.126923077,0,0,25.455,0.065,0
0,0,0,0,355,0.0,0,0,25.2975,0.0675,0
0,0,0,0,360,-0.026923077,0,0,25.1725,0.0625,0
0,0,0,0,370,0.0,0,0,25.3775,0.0574999999999999,0
10,10,53,32,370,0.353846154,0,1,25.705,0.455,3
0,0,0,0,365,0.0,0,0,25.3475,0.065,0
116,20,24,17,535,0.95,0,0,26.155,0.065,1
124,39,73,53,380,0.288461538,0,0,25.565,0.445,1
147,234,177,23,800,1.553846154,1,1,25.97,0.37,2
0,0,0,0,365,7.7e-19,0,0,25.22,0.06,0
0,0,0,0,385,-0.334615385,0,0,25.44,0.065,0
0,0,0,0,530,-2.630769231,0,0,25.5325,0.0625,0
0,0,0,0,355,0.076923077,0,0,25.095,0.06,0
0,0,0,0,390,0.0,0,0,25.485,0.055,0
124,38,72,52,370,0.288461538,0,0,25.485,0.355,1
142,227,171,10,1225,0.603846154,1,1,26.7375,1.0575,3
0,0,0,0,420,-1.107692308,0,0,25.515,0.0625,0
0,0,0,0,365,-0.219230769,0,0,25.315,0.0625,0
6,6,31,20,345,0.0,0,0,25.0325,0.065,0
15,15,71,52,660,2.907692308,0,0,26.25,0.0625,0
19,23,99,60,970,-0.1,0,0,26.375,0.0625,0
114,21,181,7,1020,-0.769230769,1,1,26.1725,1.8225,2
150,239,186,12,780,3.488461538,1,1,26.0775,1.1,3
0,0,0,0,360,-0.084615385,0,0,25.1575,0.06,0
6,6,31,21,350,0.0,0,0,24.985,0.07,0
0,0,0,0,355,-0.023076923,0,0,25.44,0.0725,0
10,11,50,34,355,0.011538462,0,0,25.16,0.065,0
122,35,59,44,405,0.892307692,0,0,25.1125,0.065,1
120,24,42,31,450,1.207692308,0,0,26.14,0.2675,1
122,36,66,48,370,0.307692308,1,0,25.47,0.4874999999999999,1
0,0,0,0,360,-0.061538462,0,0,25.28,0.06,0
0,0,0,0,365,-0.007692308,0,0,25.1725,0.065,0
0,0,0,0,355,-0.019230769,0,0,25.5025,0.07,0
148,234,177,23,805,1.6,1,1,25.955,0.33,2
2,2,10,7,350,0.0,0,0,24.9525,0.0775,0
120,25,48,35,415,-1.284615385,0,0,26.0925,0.285,1
150,239,181,11,1195,2.042307692,1,1,26.61,0.665,3
0,0,4,2,345,0.0,0,0,24.9675,0.065,0
119,23,34,24,475,1.276923077,0,0,26.14,0.065,1
0,0,0,0,700,-1.876923077,0,0,25.72,0.06,0
9,9,49,36,430,-1.373076923,0,0,26.0625,0.0625,0
123,35,58,44,390,-0.630769231,1,0,25.0325,0.27,1
10,10,47,31,360,0.138461538,0,0,25.145,0.0625,0
0,0,0,0,600,-2.015384615,0,0,25.6575,0.06,0
9,10,44,30,355,0.0,0,0,25.11,0.0675,0
19,22,98,59,970,0.023076923,0,0,26.36,0.06,0
0,0,0,0,720,-2.130769231,0,0,25.72,0.06,0
0,0,0,0,455,-2.219230769,0,0,25.53,0.06,0
17,20,73,51,355,0.0,0,0,25.3125,0.15,0
20,24,85,62,355,0.0,0,0,25.5975,0.0775,0
10,12,52,35,360,0.123076923,0,0,25.19,0.07,0
0,0,0,0,370,0.0,0,0,25.3775,0.0575,0
0,0,3,2,350,0.046153846,0,0,25.0325,0.0725,0
18,23,82,59,355,0.0,0,0,25.5825,0.075,0
6,6,35,23,510,1.923076923,1,1,25.845,0.3849999999999999,3
17,20,74,53,355,0.0,0,0,25.4075,0.07,0
5,6,30,22,355,0.165384615,0,0,25.5975,0.0725,0
0,0,0,0,360,0.0,0,0,25.25,0.06,0
0,0,0,0,755,-2.303846154,0,0,25.765,0.06,0
156,244,75,58,600,2.146153846,0,0,26.015,0.0675,2
0,0,0,0,360,0.0,0,0,25.3,0.065,0
0,0,0,0,645,-1.380769231,0,0,25.6425,0.065,0
6,6,32,20,360,0.0,0,0,25.03,0.0625,0
11,13,53,37,355,0.0,0,0,25.175,0.075,0
8,9,32,29,465,2.65,0,1,25.8425,0.125,3
10,13,56,35,370,1.184615385,0,1,25.5975,0.365,3
0,0,4,3,355,-0.034615385,0,0,24.9675,0.0625,0
0,0,0,0,370,0.0,0,0,25.31,0.06,0
15,15,73,53,630,-1.223076923,0,0,26.2175,0.09,0
6,7,33,21,345,0.0,0,0,25.0325,0.0675,0
15,16,75,54,635,1.25,0,0,26.2325,0.065,0
150,236,187,10,1010,2.253846154,0,0,26.205,0.1025,3
0,0,0,0,350,-0.184615385,0,0,25.265,0.0625,0
0,0,1,0,345,0.0,0,0,24.9825,0.065,0
0,0,0,0,355,-0.046153846,0,0,25.0975,0.0725,0
141,226,171,10,1235,0.792307692,0,1,26.735,0.4875,3
6,6,32,22,350,0.0,0,0,25.0,0.07,0
155,234,73,56,545,3.907692308,1,0,25.47,0.19,2
11,12,53,36,360,0.046153846,0,0,25.19,0.0625,0
3,4,19,13,350,-0.057692308,0,0,25.6275,0.095,0
6,6,30,20,345,0.0,0,0,25.0025,0.0675,0
118,24,194,15,590,1.3,0,0,25.955,0.8825000000000001,2
0,0,0,0,585,-1.746153846,0,0,25.565,0.065,0
0,0,0,0,465,-1.053846154,0,0,25.5475,0.06,0
6,7,34,22,345,0.0,0,0,25.0325,0.085,0
124,38,70,49,365,0.088461538,0,0,25.3925,0.2025,1
0,0,0,0,555,-2.015384615,0,0,25.61,0.06,0
0,0,0,0,380,0.0,0,0,25.405,0.0725,0
12,14,57,40,360,-0.007692308,0,0,25.205,0.06,0
160,249,76,56,405,0.892307692,0,0,25.7025,0.41,2
117,26,194,21,635,0.526923077,0,0,25.9875,0.1025,2
0,0,0,0,1110,-4.734615385,0,0,26.1725,0.0575,0
150,234,185,10,915,4.065384615,0,0,26.19,0.095,3
115,24,180,11,750,1.207692308,0,1,26.0475,1.2775,2
0,0,0,0,355,-0.180769231,0,0,25.5175,0.0675,0
0,0,0,0,880,-2.730769231,0,0,25.8925,0.055,0
0,0,0,0,655,-2.373076923,0,0,25.675,0.0625,0
161,253,83,62,530,1.361538462,1,0,25.8925,0.7475,2
0,0,0,0,355,0.0,0,0,25.1575,0.0775,0
160,248,80,60,435,1.838461538,1,0,25.7975,1.3850000000000002,2
0,0,0,0,545,-2.011538462,0,0,25.6125,0.0575,0
4,4,22,15,350,0.0,0,0,24.905,0.0725,0
0,0,0,0,365,-0.276923077,0,0,25.345,0.09,0
0,0,0,0,355,-0.146153846,0,0,25.485,0.0725,0
10,11,50,34,355,0.153846154,0,0,25.175,0.06,0
0,0,0,0,525,-1.796153846,0,0,25.58,0.06,0
11,14,57,41,355,0.0,0,0,25.6125,0.0725,0
147,234,177,10,1055,2.730769231,0,1,26.2825,1.0875,3
0,0,0,0,370,-0.053846154,0,0,25.3925,0.065,0
10,13,57,35,370,1.2,0,0,25.6275,0.3749999999999999,3
0,0,1,1,350,-0.019230769,0,0,25.065,0.0725,0
0,0,0,0,785,-2.307692308,0,0,25.7975,0.055,0
162,246,227,70,845,8.780769231,1,0,26.455,0.98,3
19,23,99,61,865,-4.196153846,0,0,26.175,0.0875,0
9,10,45,29,360,0.069230769,0,0,25.0925,0.0625,0
0,0,0,0,445,-1.630769231,0,0,25.515,0.06,0
9,10,50,36,435,-1.119230769,0,0,26.0775,0.06,0
145,230,170,19,830,1.538461538,0,1,26.0025,0.3425,2
0,0,0,0,355,0.0,0,0,25.2675,0.0675,0
114,19,180,7,1025,0.726923077,1,0,26.1275,0.2375,2
0,0,5,3,350,0.0,0,0,25.5475,0.0725,0
15,20,74,53,355,0.0,0,0,25.6125,0.075,0
0,0,0,0,485,-1.446153846,0,0,25.565,0.06,0
5,5,27,18,360,0.003846154,0,0,24.985,0.06,0
13,14,59,42,360,0.019230769,0,0,25.2675,0.0625,0
0,0,0,0,370,-0.157692308,0,0,25.36,0.0725,0
150,236,180,11,1215,-0.334615385,1,0,26.78,0.7,3
148,237,179,11,840,0.873076923,0,1,26.0975,0.125,3
10,12,51,35,355,-0.030769231,0,0,25.175,0.0625,0
0,0,0,0,380,-0.023076923,0,0,25.4075,0.0574999999999999,0
0,0,0,0,355,-0.026923077,0,0,25.5025,0.075,0
1,1,10,5,345,0.0,0,0,24.9525,0.07,0
0,0,0,0,370,-0.038461538,0,0,25.3925,0.06,0
0,0,0,0,355,1.23e-17,0,0,25.0825,0.07,0
1,1,8,5,355,0.0,0,0,24.985,0.0625,0
118,24,196,17,565,2.123076923,0,0,25.97,0.8675,2
160,244,225,68,680,1.319230769,1,1,26.4825,0.7525,3
117,22,185,10,715,-0.730769231,0,0,26.015,0.7450000000000001,2
0,0,0,0,800,-2.757692308,0,0,25.845,0.065,0
115,19,182,7,1015,-1.223076923,1,1,26.1425,0.7300000000000001,2
0,0,0,0,355,0.0,0,0,25.0975,0.0675,0
157,244,81,62,640,0.834615385,1,0,26.2975,0.26,2
160,248,74,54,610,1.326923077,0,0,26.2675,0.235,2
13,16,65,47,355,0.0,0,0,25.6125,0.1025,0
0,0,0,0,350,1.23e-17,0,0,25.5325,0.0725,0
0,0,0,0,355,0.0,0,0,25.47,0.0675,0
0,0,0,0,360,0.0,0,0,25.05,0.0625,0
0,0,0,0,345,0.0,0,0,25.05,0.06,0
0,0,0,0,630,-1.534615385,0,0,25.58,0.0675,0
1,1,7,5,345,0.0,0,0,24.9675,0.0675,0
0,0,0,0,675,-1.457692308,0,0,25.735,0.0574999999999999,0
0,0,0,0,940,-2.4,0,0,25.925,0.06,0
10,11,57,41,490,-1.838461538,0,0,26.1225,0.0625,0
6,6,33,21,360,0.0,0,0,24.9825,0.0625,0
13,15,60,43,360,0.05,0,0,25.2825,0.0675,0
19,23,82,59,355,0.0,0,0,25.55,0.0775,0
1,1,6,5,350,0.0,0,0,25.5475,0.0675,0
118,24,192,14,625,2.142307692,0,0,25.9875,0.1275,2
0,0,0,0,355,0.0,0,0,25.2975,0.0725,0
0,0,0,0,355,0.084615385,0,0,25.47,0.07,0
0,0,0,0,355,0.134615385,0,0,25.4875,0.075,0
0,0,0,0,450,-0.965384615,0,0,25.5475,0.0574999999999999,0
4,4,22,15,355,-0.003846154,0,0,24.9675,0.06,0
2,2,13,9,350,-0.007692308,0,0,25.6125,0.0725,0
160,249,80,59,465,2.557692308,1,0,25.83,0.4724999999999999,2
117,27,170,25,625,0.326923077,1,1,25.9375,0.64,1
0,0,0,0,360,0.0,0,0,25.1575,0.06,0
0,0,0,0,355,0.184615385,0,0,25.5175,0.07,0
15,15,73,53,635,-1.023076923,0,0,26.25,0.0675,0
0,0,0,0,390,-0.111538462,0,0,25.47,0.06,0
0,0,0,0,355,0.026923077,0,0,25.455,0.0725,0
0,0,0,0,355,-0.088461538,0,0,24.9225,0.06,0
0,0,2,1,350,-0.211538462,0,0,25.0325,0.0725,0
0,0,0,0,385,-0.073076923,0,0,25.4225,0.06,0
123,35,57,43,390,-0.453846154,1,0,25.0175,0.1225,1
0,0,0,0,375,-0.219230769,0,0,25.3925,0.0625,0
1,1,10,6,360,0.057692308,0,0,25.0175,0.0625,0
0,0,0,0,355,0.0,0,0,25.22,0.075,0
119,24,199,18,575,1.8,0,0,25.97,0.0975,2
160,249,77,56,460,2.769230769,0,0,25.815,0.8650000000000001,2
0,0,0,0,845,-2.380769231,0,0,25.86,0.06,0
0,0,0,0,410,-1.053846154,0,0,25.5175,0.0525,0
0,0,0,0,415,-1.119230769,0,0,25.47,0.07,0
14,18,70,51,355,0.0,0,0,25.5975,0.075,0
6,6,38,24,515,2.334615385,0,1,25.845,0.4025000000000001,3
118,29,51,30,605,0.292307692,1,0,25.92,0.2825,1
0,0,0,0,760,-2.307692308,0,0,25.8125,0.0574999999999999,0
10,11,49,35,355,0.0,0,0,25.5825,0.0725,0
0,0,0,0,1155,-4.965384615,0,0,26.2525,0.06,0
119,32,64,40,575,-0.992307692,0,0,25.9075,0.075,1
14,16,65,46,355,-0.034615385,0,0,25.2975,0.065,0
9,10,45,30,355,0.0,0,0,25.0925,0.0725,0
0,0,0,0,355,0.0,0,0,25.1125,0.0675,0
10,10,56,41,460,-2.015384615,0,0,26.095,0.0625,0
142,228,5,7,835,-0.684615385,1,1,25.955,0.3149999999999999,2
114,19,180,7,1025,0.565384615,0,0,26.1425,0.3424999999999999,2
0,0,0,0,355,0.0,0,0,25.235,0.0725,0
2,2,11,8,350,-0.034615385,0,0,25.5625,0.0725,0
0,0,0,0,345,-0.088461538,0,0,25.25,0.065,0
0,0,0,0,850,0.753846154,0,1,25.97,0.07,0
9,10,45,30,355,0.0,0,0,25.125,0.07,0
12,12,62,45,505,-1.603846154,0,0,26.0925,0.0675,0
0,0,0,0,355,0.046153846,0,0,25.5175,0.0725,0
18,21,75,54,355,0.0,0,0,25.4375,0.075,0
0,0,0,0,350,-0.142307692,0,0,25.485,0.0775,0
119,25,49,35,415,-1.884615385,0,0,26.1075,0.2825,1
0,0,0,0,355,0.034615385,0,0,25.5325,0.0675,0
0,0,0,0,360,0.069230769,0,0,25.1275,0.06,0
0,0,0,0,370,0.0,0,0,25.295,0.0625,0
155,234,73,56,545,3.865384615,1,0,25.485,0.175,2
0,0,0,0,385,-0.288461538,0,0,25.425,0.065,0
1,1,8,5,350,0.0,0,0,25.0,0.0725,0
160,248,72,54,610,1.696153846,0,0,26.25,0.5375000000000001,2
10,11,49,33,355,-0.184615385,0,0,25.16,0.0625,0
11,11,59,43,485,-1.892307692,0,0,26.125,0.065,0
119,24,38,28,460,1.526923077,1,0,26.1725,0.0825,1
0,0,0,0,365,0.046153846,0,0,25.265,0.06,0
150,239,181,10,1190,2.276923077,0,0,26.61,0.0625,3
7,7,37,24,360,0.034615385,0,0,25.015,0.065,0
12,14,55,39,355,0.0,0,0,25.2525,0.07,0
4,4,21,14,360,0.007692308,0,0,25.0475,0.06,0
161,252,81,61,470,-2.715384615,1,0,25.8925,0.5875,2
2,2,13,8,355,-0.019230769,0,0,24.985,0.06,0
6,7,33,22,345,0.0,0,0,25.035,0.0675,0
5,5,26,18,360,0.0,0,0,25.0325,0.06,0
8,9,42,29,355,0.0,0,0,25.0325,0.0675,0
0,0,0,0,355,0.119230769,0,0,25.4875,0.07,0
0,0,0,0,445,-1.207692308,0,0,25.5625,0.0625,0
149,235,179,10,1060,2.757692308,0,0,26.2525,0.7625,3
6,6,33,22,360,0.0,0,0,25.065,0.06,0
123,183,73,53,380,0.0,1,1,25.595,0.6975,2
15,20,89,54,750,-3.992307692,0,0,26.0475,0.06,0
114,19,180,7,1025,0.403846154,0,0,26.1275,0.3,2
16,20,75,54,355,0.0,0,0,25.5975,0.07,0
0,0,0,0,390,0.0,0,0,25.4375,0.065,0
0,0,0,0,360,-0.034615385,0,0,25.1425,0.06,0
115,19,180,7,1005,-0.576923077,1,1,26.1425,1.0275,2
0,0,0,0,350,-0.115384615,0,0,25.25,0.0675,0
0,0,0,0,730,-2.061538462,0,0,25.735,0.0575,0
119,29,54,34,595,1.276923077,1,0,25.92,0.1225,1
20,24,84,61,355,0.0,0,0,25.5325,0.07,0
0,0,0,0,355,0.0,0,0,25.345,0.075,0
6,6,31,20,360,0.0,0,0,25.065,0.0625,0
0,0,5,4,355,-0.003846154,0,0,25.0175,0.0574999999999999,0
17,21,77,56,355,0.0,0,0,25.5825,0.0775,0
123,38,70,51,380,0.276923077,0,0,25.565,0.155,1
0,0,0,0,355,0.0,0,0,25.345,0.0675,0
0,0,0,0,640,-2.053846154,0,0,25.675,0.06,0
2,2,12,7,355,0.011538462,0,0,24.985,0.0625,0
0,0,3,2,355,-0.007692308,0,0,24.985,0.0625,0
0,0,0,0,460,-0.992307692,0,0,25.515,0.0625,0
0,0,0,0,630,-1.476923077,0,0,25.6275,0.0849999999999999,0
6,7,35,23,360,0.0,0,0,25.0675,0.0625,0
8,8,30,29,460,2.592307692,1,1,25.8275,0.3475,3
14,14,67,49,635,0.311538462,0,0,26.1875,0.0625,0
0,0,0,0,360,0.288461538,0,0,25.065,0.0574999999999999,0
0,0,0,0,355,-0.157692308,0,0,25.2825,0.065,0
0,0,1,1,350,-7.7e-19,0,0,25.5475,0.0725,0
0,0,0,0,735,-1.423076923,0,0,25.72,0.0675,0
150,236,185,10,1015,2.376923077,0,0,26.22,0.08,3
148,234,179,10,1015,2.757692308,1,1,26.2525,0.3775,3
12,14,56,39,355,0.0,0,0,25.2525,0.0675,0
0,0,0,0,365,-0.238461538,0,0,25.28,0.065,0
13,16,65,47,355,0.0,0,0,25.6125,0.0775,0
0,0,0,0,365,0.0,0,0,25.235,0.06,0
0,0,0,0,355,-0.05,0,0,25.4225,0.0725,0
0,0,0,0,350,0.0,0,0,25.5475,0.0675,0
117,23,189,12,680,2.757692308,0,1,26.0175,0.7625,2
0,0,0,0,350,-0.088461538,0,0,25.4875,0.07,0
1,1,9,5,350,0.0,0,0,25.0175,0.075,0
150,234,185,10,1035,2.076923077,0,0,26.22,0.155,3
9,10,45,31,360,-0.096153846,0,0,25.16,0.0675,0
0,0,0,0,370,-0.219230769,0,0,25.33,0.0625,0
6,7,33,22,345,0.0,0,0,25.0325,0.07,0
0,0,0,0,560,-1.746153846,0,0,25.6125,0.0575,0
7,9,38,27,350,-0.046153846,0,0,25.6425,0.07,0
0,0,0,0,375,0.0,0,0,25.3475,0.065,0
0,0,0,0,825,-3.5,0,0,25.86,0.0575,0
0,0,0,0,360,0.0,0,0,25.095,0.065,0
0,0,0,0,590,-1.765384615,0,0,25.6275,0.0575,0
11,12,58,42,515,-0.980769231,1,0,26.125,0.1674999999999999,0
0,0,0,0,355,0.134615385,0,0,25.47,0.075,0
0,0,0,0,360,0.0,0,0,25.205,0.06,0
114,19,179,7,1020,-1.073076923,0,0,26.1725,0.1125,2
12,13,61,45,530,0.315384615,0,0,26.125,0.0975,0
0,0,0,0,360,0.0,0,0,25.235,0.0625,0
0,0,6,4,350,0.0,0,0,25.0,0.0725,0
0,0,0,0,350,-0.138461538,0,0,25.5025,0.0725,0
0,0,0,0,360,0.038461538,0,0,25.11,0.0549999999999999,0
155,233,74,56,555,3.238461538,1,1,25.515,0.3325,2
14,16,64,45,355,0.015384615,0,0,25.2825,0.065,0
14,16,65,46,360,-0.046153846,0,0,25.2975,0.0625,0
122,35,63,45,360,0.0,0,0,25.3925,0.12,1
14,15,71,51,570,-3.107692308,0,0,26.1575,0.0675,0
160,243,222,66,685,1.811538462,1,1,26.5475,0.6000000000000001,3
0,0,0,0,450,-0.965384615,0,0,25.5325,0.0574999999999999,0
14,17,81,50,635,-2.380769231,0,0,25.9375,0.0574999999999999,0
1,1,10,6,355,0.030769231,0,0,25.035,0.065,0
116,24,177,9,800,1.957692308,1,1,26.0475,0.7150000000000001,2
164,254,274,70,910,1.265384615,0,0,26.4075,0.115,3
17,20,75,54,355,0.0,0,0,25.4075,0.0775,0
0,0,0,0,350,-0.065384615,0,0,25.1125,0.0675,0
159,249,78,58,390,0.373076923,0,1,25.6725,0.4225,2
0,0,0,0,365,-0.134615385,0,0,25.28,0.0625,0
0,0,2,1,345,0.0,0,0,24.9675,0.07,0
0,0,0,0,355,-0.015384615,0,0,25.47,0.0725,0
5,5,24,16,345,0.0,0,0,24.9525,0.0625,0
7,9,40,29,355,0.0,0,0,25.6125,0.07,0
0,0,0,0,970,-2.526923077,0,0,25.9725,0.06,0
8,9,41,28,360,-0.003846154,0,0,25.0475,0.08,0
0,0,0,0,355,-0.038461538,0,0,25.4875,0.075,0
0,0,0,0,370,-0.269230769,0,0,25.315,0.0625,0
0,0,0,0,430,-2.192307692,0,0,25.47,0.0625,0
6,6,33,22,350,0.0,0,0,25.015,0.0775,0
0,0,0,0,350,-0.196153846,0,0,25.455,0.0725,0
14,17,65,46,360,-0.026923077,0,0,25.2825,0.065,0
0,0,0,0,355,-0.034615385,0,0,25.0175,0.06,0
0,0,0,0,365,-0.103846154,0,0,25.3925,0.0625,0
0,0,4,2,355,-0.015384615,0,0,24.985,0.065,0
2,2,13,8,355,-0.003846154,0,0,24.9675,0.065,0
0,0,0,0,370,-0.246153846,0,0,25.3475,0.0574999999999999,0
120,24,43,32,440,0.876923077,0,0,26.1725,0.275,1
6,7,34,22,350,0.0,0,0,25.03,0.075,0
0,0,0,0,375,-0.073076923,0,0,25.3625,0.06,0
0,0,0,0,480,-0.888461538,0,0,25.5,0.0675,0
0,0,0,0,810,-1.392307692,0,0,25.8125,0.0625,0
0,0,0,0,360,-0.142307692,0,0,25.1425,0.065,0
150,239,180,11,1195,1.826923077,0,1,26.61,0.465,3
6,7,35,23,360,-0.053846154,0,0,25.08,0.0575,0
157,245,79,60,610,0.953846154,1,0,26.0175,0.285,2
5,5,27,19,345,0.0,0,0,24.97,0.0625,0
18,22,96,59,940,-0.996153846,0,0,26.22,0.06,0
0,0,0,0,360,0.0,0,0,25.0175,0.06,0
0,0,0,0,750,-2.303846154,0,0,25.75,0.06,0
165,254,276,72,885,-0.788461538,1,1,26.375,1.0,3
0,0,3,2,355,-0.030769231,0,0,25.0,0.0574999999999999,0
150,239,181,11,1200,-0.407692308,0,0,26.705,1.005,3
155,242,78,60,645,0.765384615,0,0,26.345,0.09,2
0,0,0,0,365,-0.026923077,0,0,25.1575,0.0625,0
10,12,51,37,355,0.0,0,0,25.6125,0.0725,0
0,0,0,0,355,0.0,0,0,25.295,0.0675,0
0,0,0,0,360,-0.115384615,0,0,25.1275,0.0625,0
6,6,32,20,350,0.0,0,0,25.08,0.07,0
0,0,0,0,375,-0.161538462,0,0,25.345,0.0574999999999999,0
160,249,76,56,400,0.892307692,1,0,25.735,0.6975,2
0,0,0,0,345,-0.265384615,0,0,25.235,0.0625,0
0,0,0,0,350,-0.146153846,0,0,25.4875,0.0725,0
116,25,182,14,715,1.892307692,0,1,25.985,0.2825,2
0,0,0,0,350,0.126923077,0,0,25.5025,0.0725,0
6,6,32,21,360,0.0,0,0,25.0,0.0625,0
2,3,13,10,760,1.873076923,0,0,25.875,0.4025,3
0,0,5,3,355,-0.046153846,0,0,24.9675,0.0574999999999999,0
0,0,0,0,450,-1.046153846,0,0,25.53,0.0625,0
151,239,182,11,1205,0.311538462,0,0,26.6875,0.4499999999999999,3
0,0,0,0,355,0.034615385,0,0,25.5025,0.0725,0
0,0,0,0,370,-0.038461538,0,0,25.28,0.0625,0
155,239,75,58,570,2.142307692,1,1,25.61,1.2275,2
0,0,0,0,350,-0.092307692,0,0,25.455,0.075,0
0,0,0,0,380,-0.161538462,0,0,25.425,0.07,0
149,234,185,10,1045,2.092307692,0,0,26.2225,0.2625,3
151,241,188,12,760,1.423076923,1,1,26.0625,0.385,3
0,0,0,0,350,-0.261538462,0,0,25.2675,0.06,0
0,0,0,0,360,0.0,0,0,25.1575,0.0625,0
165,255,280,73,965,1.534615385,0,1,26.4375,0.1925,3
0,0,0,0,460,-1.015384615,0,0,25.53,0.0625,0
150,235,180,10,1110,2.380769231,1,1,26.3,1.3125,3
0,0,0,0,360,0.103846154,0,0,25.065,0.06,0
116,26,44,25,620,0.938461538,0,0,25.92,0.085,1
0,0,3,2,345,0.0,0,0,24.9675,0.065,0
117,21,26,19,525,1.430769231,0,0,26.155,0.085,1
7,7,37,24,360,0.061538462,0,0,25.015,0.085,0
5,5,26,18,350,0.0,0,0,24.9825,0.0725,0
0,0,0,0,375,-0.088461538,0,0,25.36,0.0625,0
12,14,54,40,355,0.0,0,0,25.22,0.0725,0
0,0,0,0,555,-1.923076923,0,0,25.565,0.065,0
146,231,175,22,815,1.730769231,0,0,25.955,0.1325,2
0,0,0,0,355,0.0,0,0,25.3925,0.07,0
20,23,82,60,355,0.0,0,0,25.5175,0.0925,0
0,0,0,0,615,-0.903846154,0,0,25.58,0.065,0
0,0,0,0,345,0.0,0,0,25.175,0.065,0
155,243,73,56,585,1.934615385,1,1,25.89,0.4574999999999999,2
160,248,75,57,595,1.538461538,0,0,26.2325,0.0875,2
6,7,36,23,560,3.588461538,1,1,25.8275,0.4325,3
19,22,79,57,355,0.0,0,0,25.5175,0.0675,0
6,6,32,20,360,0.0,0,0,24.985,0.06,0
146,231,175,21,805,0.469230769,1,1,25.97,0.08,2
0,0,0,0,350,0.146153846,0,0,25.4875,0.0725,0
0,0,0,0,360,-0.011538462,0,0,25.095,0.0625,0
0,0,0,0,775,-2.423076923,0,0,25.78,0.0625,0
150,236,187,11,810,1.511538462,0,1,26.1275,0.2275,3
10,11,56,41,460,-1.923076923,0,0,26.0925,0.065,0
0,0,0,0,420,-1.423076923,0,0,25.47,0.0625,0
0,0,0,0,1140,-5.465384615,0,0,26.2525,0.0625,0
0,0,0,0,845,-2.503846154,0,0,25.8425,0.06,0
142,227,7,7,855,0.276923077,0,0,26.0,0.6175,2
0,0,0,0,355,0.0,0,0,25.41,0.07,0
0,0,0,0,500,-1.769230769,0,0,25.5325,0.065,0
5,5,27,18,360,0.080769231,0,0,24.985,0.065,0
0,0,0,0,355,0.026923077,0,0,25.44,0.07,0
0,0,0,0,850,-3.346153846,0,0,25.875,0.0575,0
123,35,58,44,410,0.719230769,1,0,25.065,0.2075,1
2,2,12,8,360,0.042307692,0,0,25.0325,0.055,0
150,239,182,11,1205,0.526923077,0,0,26.6875,0.1375,3
0,0,0,0,355,0.126923077,0,0,25.4875,0.0725,0
8,9,42,29,355,-0.069230769,0,0,25.11,0.08,0
148,239,186,26,780,1.503846154,1,1,25.9075,0.1525,3
0,0,0,0,355,0.057692308,0,0,25.4225,0.1124999999999999,0
0,0,0,0,480,-1.403846154,0,0,25.5475,0.0574999999999999,0
165,254,275,70,870,1.219230769,0,1,26.4225,0.5974999999999999,2
0,0,0,0,355,-0.080769231,0,0,25.25,0.07,0
0,0,0,0,355,-0.269230769,0,0,25.2825,0.0625,0
0,0,0,0,1180,-2.746153846,0,0,26.2825,0.0625,0
0,0,0,0,380,-0.3,0,0,25.3925,0.06,0
13,15,59,41,355,0.0,0,0,25.2825,0.0725,0
0,0,0,0,915,-2.915384615,0,0,25.8925,0.0675,0
15,18,68,49,355,0.0,0,0,25.3425,0.075,0
6,6,32,20,360,0.0,0,0,25.015,0.06,0
0,0,0,0,590,-2.103846154,0,0,25.6275,0.0625,0
0,0,0,0,355,0.0,0,0,25.41,0.0675,0
160,249,76,57,605,1.519230769,0,0,26.2325,0.8300000000000001,2
17,20,73,53,355,0.0,0,0,25.4375,0.075,0
0,0,1,0,360,0.046153846,0,0,24.9675,0.0625,0
0,0,0,0,370,-0.280769231,0,0,25.345,0.055,0
121,34,53,40,390,0.519230769,0,0,24.9225,0.1699999999999999,1
0,0,0,0,355,0.046153846,0,0,25.4225,0.0849999999999999,0
164,251,269,70,965,1.796153846,0,1,26.485,0.385,3
2,2,13,9,350,-7.7e-19,0,0,25.58,0.065,0
0,0,0,0,440,-1.523076923,0,0,25.53,0.065,0
0,0,2,2,350,-0.073076923,0,0,25.0325,0.0725,0
13,13,64,46,540,0.423076923,0,0,26.1275,0.075,0
0,0,0,0,595,-2.107692308,0,0,25.6425,0.0574999999999999,0
0,0,0,0,360,0.003846154,0,0,25.265,0.0574999999999999,0
0,0,0,0,350,-0.134615385,0,0,25.5175,0.075,0
161,252,82,61,545,5.034615385,0,0,25.9225,0.9625,2
10,11,49,33,360,0.180769231,0,0,25.175,0.0675,0
14,15,61,44,355,0.026923077,0,0,25.2675,0.065,0
0,0,0,0,430,-1.111538462,0,0,25.5,0.055,0
0,0,0,0,375,-0.246153846,0,0,25.375,0.06,0
146,230,174,21,800,1.569230769,0,0,25.9725,0.145,2
0,0,0,0,365,-0.3,0,0,25.33,0.065,0
4,4,20,13,360,-0.034615385,0,0,25.0475,0.06,0
12,14,55,39,360,-0.138461538,0,0,25.2525,0.0675,0
0,0,0,0,350,-0.115384615,0,0,25.25,0.06,0
119,23,35,25,475,1.323076923,1,0,26.1875,0.1,1
159,249,80,60,390,0.373076923,1,1,25.705,1.3575000000000002,2
0,0,0,0,360,-0.111538462,0,0,25.1575,0.0625,0
0,0,0,0,415,-1.142307692,0,0,25.5,0.065,0
0,0,0,0,420,-1.1,0,0,25.5,0.06,0
19,24,84,60,355,0.0,0,0,25.5325,0.0725,0
6,6,32,22,350,0.0,0,0,25.0,0.0775,0
0,0,0,0,360,0.0,0,0,25.095,0.0625,0
0,0,0,0,800,-2.496153846,0,0,25.8125,0.0575,0
0,0,0,0,345,0.0,0,0,25.155,0.07,0
0,0,0,0,380,0.0,0,0,25.4075,0.0975,0
0,0,0,0,360,-0.007692308,0,0,25.0175,0.0625,0
0,0,0,0,350,-0.030769231,0,0,25.5025,0.075,0
149,237,180,10,1070,2.55,0,0,26.345,0.1699999999999999,3
0,0,0,0,755,-2.407692308,0,0,25.7825,0.0625,0
9,10,45,30,355,-0.011538462,0,0,25.095,0.065,0
10,12,49,35,355,0.0,0,0,25.19,0.07,0
0,0,0,0,355,0.115384615,0,0,25.5325,0.075,0
12,14,56,40,355,0.0,0,0,25.2675,0.07,0
14,16,65,46,355,0.0,0,0,25.2825,0.07,0
5,5,24,16,360,0.0,0,0,25.0475,0.06,0
0,0,0,0,345,0.0,0,0,24.9525,0.0625,0
0,0,0,0,430,-1.138461538,0,0,25.5175,0.055,0
0,0,0,0,390,-1.665384615,0,0,25.47,0.0574999999999999,0
0,0,0,0,820,-1.342307692,0,0,25.8625,0.0675,0
114,24,177,10,760,1.169230769,0,1,26.015,0.13,2
0,0,0,0,1155,-5.207692308,0,0,26.2675,0.0625,0
5,5,26,18,360,0.130769231,0,0,24.9675,0.0675,0
0,0,0,0,490,-1.426923077,0,0,25.55,0.06,0
0,0,0,0,370,-0.111538462,0,0,25.3125,0.06,0
6,7,35,22,360,-0.015384615,0,0,25.0675,0.06,0
5,5,24,16,360,0.092307692,0,0,24.9675,0.06,0
15,16,75,54,645,2.230769231,0,0,26.235,0.0675,0
125,40,76,54,380,0.253846154,0,0,25.55,0.3225,1
116,27,45,26,620,0.742307692,0,0,25.92,0.14,1
5,5,25,18,345,0.0,0,0,24.9375,0.065,0
0,0,0,0,640,-2.338461538,0,0,25.6575,0.0574999999999999,0
4,5,31,14,690,3.419230769,1,1,25.875,0.2199999999999999,3
0,0,0,0,755,-2.192307692,0,0,25.765,0.0675,0
5,5,25,18,350,0.0,0,0,24.9225,0.07,0
155,235,71,55,515,3.338461538,0,0,25.47,0.6324999999999998,2
119,23,33,24,475,1.203846154,0,0,26.17,0.15,1
165,257,280,73,915,1.630769231,1,0,26.4075,0.1525,3
0,0,0,0,365,-0.026923077,0,0,25.22,0.0574999999999999,0
0,0,0,0,365,0.0,0,0,25.235,0.0575,0
0,0,0,0,355,0.0,0,0,25.3775,0.08,0
14,19,88,54,685,-2.565384615,0,0,25.97,0.0625,0
117,22,185,10,720,1.084615385,0,0,26.015,0.3825,2
161,251,266,70,955,0.876923077,1,1,26.5025,1.165,3
7,7,39,26,475,2.419230769,0,1,25.83,0.23,3
162,249,226,69,840,8.438461538,1,1,26.5025,1.03,3
165,255,278,73,935,2.338461538,1,0,26.4075,0.1825,3
119,31,59,38,590,0.746153846,0,0,25.9675,0.065,1
4,4,20,14,350,-0.153846154,0,0,25.5975,0.11,0
0,0,0,0,765,-1.984615385,0,0,25.7825,0.0575,0
156,243,79,61,635,1.676923077,1,0,26.2675,0.52,2
0,0,0,0,370,-0.042307692,0,0,25.3625,0.065,0
0,0,0,0,355,-0.011538462,0,0,24.985,0.0625,0
117,19,183,7,1055,1.303846154,0,0,26.205,0.985,2
6,6,32,20,350,0.0,0,0,25.0475,0.075,0
0,0,0,0,420,-1.446153846,0,0,25.455,0.0675,0
0,0,0,0,375,0.0,0,0,25.36,0.0574999999999999,0
18,22,96,60,910,-1.865384615,0,0,26.1725,0.06,0
0,0,0,0,575,-1.642307692,0,0,25.565,0.065,0
2,2,13,8,355,-0.007692308,0,0,24.9675,0.065,0
0,0,0,0,355,0.0,0,0,25.1725,0.07,0
142,226,171,10,1220,0.415384615,0,1,26.7675,0.9275,3
118,24,192,14,615,1.869230769,0,1,25.97,0.285,2
6,6,32,22,360,0.0,0,0,24.9675,0.07,0
0,0,0,0,370,0.0,0,0,25.345,0.0575,0
1,1,8,5,350,0.0,0,0,25.595,0.0675,0
0,0,0,0,360,-0.05,0,0,25.1425,0.065,0
7,8,39,26,355,0.0,0,0,25.045,0.0675,0
0,0,0,0,370,-0.123076923,0,0,25.345,0.0625,0
9,10,49,35,445,-1.026923077,0,0,26.0625,0.07,0
0,0,0,0,355,0.0,0,0,25.235,0.07,0
0,0,0,0,360,0.0,0,0,25.0175,0.055,0
15,19,67,49,355,0.0,0,0,25.485,0.07,0
0,0,0,0,630,-1.607692308,0,0,25.6125,0.0675,0
119,24,39,28,455,1.415384615,0,0,26.14,0.1075,1
0,0,0,0,360,0.057692308,0,0,25.1275,0.0625,0
0,0,0,0,355,-0.157692308,0,0,25.44,0.07,0
0,0,0,0,355,0.0,0,0,25.1725,0.0675,0
122,36,67,48,370,0.257692308,1,0,25.4375,0.32,1
0,0,0,0,670,-1.746153846,0,0,25.69,0.0625,0
0,0,1,1,355,-0.157692308,0,0,25.05,0.0625,0
0,0,0,0,735,-2.253846154,0,0,25.735,0.0575,0
0,0,0,0,445,-1.480769231,0,0,25.5325,0.0625,0
0,0,0,0,365,-0.069230769,0,0,25.205,0.06,0
6,6,32,22,360,0.0,0,0,25.015,0.0625,0
15,15,73,53,645,2.680769231,0,0,26.2675,0.0625,0
0,0,0,0,365,-0.146153846,0,0,25.295,0.06,0
0,0,0,0,860,-3.434615385,0,0,25.8925,0.06,0
0,0,0,0,380,0.0,0,0,25.39,0.06,0
15,18,67,47,355,0.0,0,0,25.33,0.0725,0
123,37,69,49,375,0.192307692,1,0,25.5175,0.3149999999999999,1
5,5,24,16,360,0.15,0,0,24.9675,0.06,0
0,0,0,0,1015,-3.715384615,0,0,26.0325,0.06,0
0,0,0,0,995,-2.919230769,0,0,26.0175,0.0625,0
19,24,83,59,355,0.0,0,0,25.5325,0.07,0
0,0,4,2,350,0.0,0,0,25.5475,0.075,0
0,0,0,0,490,-1.5,0,0,25.55,0.055,0
0,0,0,0,350,-0.261538462,0,0,25.25,0.0625,0
7,8,38,25,360,0.0,0,0,25.0,0.0675,0
0,0,0,0,355,0.034615385,0,0,25.455,0.075,0
5,5,23,16,360,0.057692308,0,0,24.9525,0.0625,0
0,0,2,1,350,0.042307692,0,0,25.565,0.075,0
150,239,181,11,1210,0.784615385,1,1,26.6875,0.0875,3
19,23,82,59,355,0.0,0,0,25.55,0.075,0
0,0,0,0,350,-0.134615385,0,0,25.47,0.07,0
0,0,0,0,360,-0.184615385,0,0,25.095,0.0625,0
6,8,36,26,350,-0.176923077,0,0,25.6125,0.0825,0
0,0,0,0,375,-0.046153846,0,0,25.3625,0.06,0
0,0,0,0,355,-0.026923077,0,0,25.455,0.075,0
0,0,0,0,370,0.0,0,0,25.3125,0.0525,0
3,3,18,13,355,0.023076923,0,0,24.9375,0.06,0
0,0,0,0,355,0.0,0,0,25.28,0.075,0
159,247,77,59,435,1.934615385,0,0,25.7975,0.1824999999999999,2
0,0,0,0,405,-0.946153846,0,0,25.455,0.065,0
0,0,0,0,765,-2.134615385,0,0,25.8125,0.0625,0
0,0,0,0,570,-2.261538462,0,0,25.61,0.0574999999999999,0
0,0,0,0,370,-0.080769231,0,0,25.38,0.065,0
0,0,0,0,365,0.0,0,0,25.265,0.06,0
3,3,14,10,350,0.0,0,0,24.9525,0.0725,0
123,37,68,49,375,0.088461538,0,0,25.5025,0.355,1
0,0,0,0,375,-0.261538462,0,0,25.4075,0.06,0
0,0,0,0,855,-3.407692308,0,0,25.86,0.06,0
0,0,0,0,355,0.234615385,0,0,25.44,0.07,0
0,0,3,1,345,0.0,0,0,24.9675,0.065,0
0,0,3,2,355,0.030769231,0,0,25.0325,0.06,0
0,0,0,0,385,-0.25,0,0,25.455,0.065,0
0,0,0,0,360,0.107692308,0,0,25.0175,0.0625,0
1,1,10,6,355,0.038461538,0,0,24.985,0.065,0
14,18,84,51,715,-2.873076923,0,0,26.03,0.065,0
118,21,27,20,510,1.623076923,1,0,26.17,0.09,1
0,0,0,0,370,-0.157692308,0,0,25.36,0.065,0
0,0,0,0,360,-0.069230769,0,0,25.2975,0.0574999999999999,0
0,0,0,0,360,-0.276923077,0,0,25.315,0.065,0
0,0,0,0,425,-1.080769231,0,0,25.5175,0.0625,0
0,0,2,1,355,0.019230769,0,0,25.05,0.0574999999999999,0
123,36,65,46,360,0.042307692,1,0,25.375,0.135,1
0,0,0,0,355,0.030769231,0,0,25.455,0.0725,0
0,0,0,0,365,-0.073076923,0,0,25.28,0.065,0
0,0,0,0,400,-1.423076923,0,0,25.485,0.065,0
117,26,190,21,640,0.638461538,0,1,25.985,0.8424999999999999,2
0,0,0,0,370,0.061538462,0,0,25.28,0.06,0
4,5,31,14,690,3.219230769,1,1,25.9075,0.175,3
0,0,0,0,355,0.0,0,0,25.25,0.0725,0
0,0,0,0,360,-0.061538462,0,0,25.2975,0.0575,0
0,0,0,0,625,-2.203846154,0,0,25.6725,0.0625,0
0,0,0,0,380,0.0,0,0,25.4075,0.06,0
0,0,0,0,345,0.0,0,0,25.1875,0.07,0
0,0,0,0,360,-0.076923077,0,0,25.2975,0.0625,0
0,0,0,0,380,0.0,0,0,25.375,0.065,0
114,19,180,7,1010,-0.626923077,0,1,26.1575,0.1475,2
0,0,0,0,390,-0.965384615,0,0,25.4675,0.06,0
0,0,0,0,360,-0.092307692,0,0,25.28,0.065,0
1,1,8,5,350,0.0,0,0,25.61,0.0725,0
0,0,0,0,370,0.0,0,0,25.3925,0.055,0
14,19,86,54,705,-2.565384615,0,0,25.985,0.06,0
149,234,184,10,960,2.076923077,0,1,26.19,0.345,3
5,5,27,19,350,0.0,0,0,24.9525,0.07,0
115,25,39,22,615,0.415384615,1,0,25.92,0.205,1
0,0,0,0,360,-0.015384615,0,0,25.0175,0.06,0
8,9,42,29,355,-0.215384615,0,0,25.0625,0.0725,0
143,227,6,7,855,0.426923077,0,0,25.985,0.4725,2
0,0,0,0,410,-1.138461538,0,0,25.5,0.0574999999999999,0
2,2,11,8,350,-0.023076923,0,0,25.595,0.0675,0
0,0,0,0,355,0.134615385,0,0,25.5325,0.0725,0
5,5,23,16,345,0.0,0,0,24.9525,0.0625,0
0,0,0,0,360,-0.015384615,0,0,25.265,0.06,0
17,20,75,53,355,0.0,0,0,25.3275,0.075,0
117,23,189,12,675,3.2,0,0,26.0,0.8175,2
0,0,0,0,360,0.0,0,0,25.1425,0.0825,0
165,254,274,72,860,1.261538462,1,1,26.4375,0.3575,3
6,6,37,23,545,2.896153846,0,0,25.8275,0.135,3
124,40,75,54,380,0.296153846,1,0,25.55,0.3349999999999999,1
113,18,177,7,1035,-0.680769231,0,1,26.2025,0.2125,2
0,0,0,0,355,0.069230769,0,0,25.5175,0.0725,0
121,36,65,47,360,0.096153846,1,0,25.36,0.4125,1
0,0,0,0,795,-1.988461538,0,0,25.7825,0.0574999999999999,0
118,24,191,14,635,2.253846154,1,1,25.97,0.7950000000000002,2
11,12,53,36,360,0.092307692,0,0,25.205,0.0675,0
0,0,0,0,365,-0.1,0,0,25.1875,0.055,0
3,3,14,10,355,0.05,0,0,24.9525,0.06,0
0,0,0,0,345,0.0,0,0,24.9675,0.06,0
5,6,31,21,360,0.0,0,0,24.985,0.065,0
0,0,0,0,370,0.0,0,0,25.31,0.0575,0
14,17,65,47,355,0.0,0,0,25.315,0.0725,0
13,14,65,47,540,0.069230769,0,0,26.1425,0.16,0
0,0,0,0,830,-3.5,0,0,25.8275,0.06,0
164,252,270,70,860,1.634615385,1,1,26.4075,0.9625,3
18,22,97,59,845,-5.703846154,0,0,26.1575,0.0575,0
12,14,54,40,355,0.0,0,0,25.2825,0.0725,0
5,6,29,20,345,0.0,0,0,24.97,0.0675,0
1,1,10,6,355,0.0,0,0,24.9675,0.065,0
0,0,0,0,375,0.0,0,0,25.3475,0.055,0
0,0,0,0,630,-1.519230769,0,0,25.5975,0.065,0
117,28,49,29,595,0.161538462,0,0,25.92,0.1025,1
150,239,181,11,1205,0.242307692,1,1,26.7025,1.25,3
149,234,185,10,945,2.876923077,0,1,26.1725,0.1425,3
0,0,5,4,355,0.0,0,0,24.9525,0.065,0
116,20,23,14,535,0.669230769,0,0,26.1875,0.27,1
6,6,33,21,360,0.0,0,0,24.9525,0.0574999999999999,0
0,0,0,0,345,0.0,0,0,25.22,0.06,0
150,235,185,10,990,2.176923077,1,0,26.1875,0.1625,3
6,7,35,24,355,-0.069230769,0,0,25.5975,0.0725,0
0,0,0,0,370,-0.088461538,0,0,25.33,0.0575,0
0,0,0,0,390,-1.053846154,0,0,25.4675,0.055,0
7,7,37,24,360,0.007692308,0,0,25.0325,0.0625,0
0,0,0,0,350,-0.057692308,0,0,25.4725,0.0725,0
0,0,0,0,355,-0.153846154,0,0,24.955,0.0574999999999999,0
116,26,42,24,615,0.769230769,0,0,25.92,0.065,1
0,0,0,0,345,0.0,0,0,25.1875,0.0675,0
117,23,188,11,720,2.415384615,0,0,26.0025,0.4225,2
13,15,61,44,355,-0.119230769,0,0,25.2675,0.0775,0
123,35,59,45,430,0.842307692,0,0,25.1575,0.2525,1
0,0,0,0,360,0.0,0,0,25.1275,0.0575,0
2,2,13,8,345,0.0,0,0,24.9525,0.0675,0
0,0,0,0,360,-0.042307692,0,0,25.265,0.0625,0
9,10,45,29,355,-0.080769231,0,0,25.11,0.0625,0
0,0,0,0,360,0.0,0,0,25.2175,0.0525,0
0,0,0,0,360,0.0,0,0,25.065,0.0575,0
160,249,80,60,460,2.642307692,1,0,25.815,0.47,2
0,0,0,0,355,0.0,0,0,25.22,0.0775,0
0,0,0,0,345,-0.207692308,0,0,25.25,0.065,0
0,0,0,0,1245,0.846153846,0,0,26.3925,0.0625,0
116,25,182,14,715,2.011538462,0,1,25.985,0.4925,2
123,37,69,49,365,0.276923077,0,0,25.4375,0.2125,1
115,24,180,12,745,1.346153846,0,0,26.0325,0.0725,2
121,25,48,35,420,-0.026923077,0,0,26.11,0.0725,1
6,6,32,22,350,0.0,0,0,25.0,0.0824999999999999,0
7,8,39,26,355,0.0,0,0,25.0475,0.0675,0
5,5,29,20,360,0.0,0,0,24.9825,0.06,0
0,0,0,0,750,-2.376923077,0,0,25.8125,0.0574999999999999,0
6,7,34,23,360,0.0,0,0,25.0,0.065,0
0,0,0,0,995,-3.084615385,0,0,26.0025,0.0625,0
0,0,0,0,790,-2.046153846,0,0,25.78,0.0675,0
7,8,39,26,355,-0.046153846,0,0,25.0475,0.065,0
0,0,0,0,355,-0.130769231,0,0,25.08,0.0625,0
0,0,0,0,365,-0.119230769,0,0,25.3325,0.0574999999999999,0
0,0,0,0,360,0.0,0,0,25.0975,0.065,0
0,0,0,0,355,0.0,0,0,25.25,0.0675,0
0,0,0,0,360,-0.184615385,0,0,25.08,0.0574999999999999,0
115,24,176,9,805,2.103846154,1,1,26.03,0.615,2
3,3,17,11,360,0.057692308,0,0,25.0325,0.06,0
0,0,0,0,860,-2.811538462,0,0,25.86,0.055,0
14,17,65,46,355,0.0,0,0,25.3275,0.0725,0
0,0,0,0,355,0.0,0,0,25.2975,0.065,0
8,8,32,29,465,2.646153846,1,0,25.8125,0.29,3
147,231,175,21,800,1.384615385,0,1,25.9725,0.1824999999999999,2
9,10,45,30,355,0.0,0,0,25.0625,0.065,0
0,0,0,0,450,-1.338461538,0,0,25.485,0.0675,0
19,23,83,59,355,0.0,0,0,25.5975,0.07,0
16,19,70,50,355,0.0,0,0,25.3775,0.075,0
0,0,0,0,360,0.0,0,0,25.0325,0.0675,0
146,231,170,20,835,1.738461538,1,1,25.9875,0.57,2
0,0,0,0,350,-0.103846154,0,0,25.47,0.0725,0
19,22,97,60,970,-0.303846154,0,1,26.41,0.1924999999999999,0
0,0,0,0,355,-0.015384615,0,0,24.9675,0.065,0
150,241,186,12,775,3.246153846,0,0,26.0625,0.21,3
0,0,0,0,350,0.023076923,0,0,25.455,0.0675,0
12,12,62,45,495,-1.680769231,0,0,26.125,0.065,0
0,0,3,2,355,-0.046153846,0,0,24.9525,0.0575,0
12,14,56,39,355,0.0,0,0,25.2675,0.0675,0
0,0,0,0,360,-0.019230769,0,0,25.1575,0.06,0
1,1,10,6,355,0.0,0,0,24.985,0.065,0
0,0,0,0,355,0.0,0,0,25.4075,0.07,0
6,6,33,21,360,0.0,0,0,25.08,0.06,0
11,12,59,43,510,-1.453846154,0,0,26.11,0.0625,0
0,0,0,0,355,0.080769231,0,0,25.5025,0.07,0
0,0,0,0,345,0.0,0,0,25.1725,0.065,0
5,5,28,19,350,0.0,0,0,24.9525,0.0775,0
0,0,0,0,345,0.0,0,0,25.2025,0.0625,0
0,0,0,0,385,-0.280769231,0,0,25.4225,0.0574999999999999,0
0,0,0,0,355,0.219230769,0,0,25.455,0.0775,0
0,0,2,1,355,-0.157692308,0,0,25.0475,0.075,0
0,0,0,0,355,0.026923077,0,0,25.5175,0.0725,0
9,10,51,31,380,0.496153846,1,1,25.7975,0.26,3
165,254,278,72,870,-0.911538462,1,1,26.36,1.4625,3
146,231,174,21,810,0.188461538,0,1,25.97,0.075,2
6,7,35,23,360,0.0,0,0,25.0325,0.0575,0
0,0,2,1,350,0.0,0,0,25.5475,0.0775,0
114,19,180,7,1020,-0.526923077,1,1,26.1425,0.2799999999999999,2
148,234,179,24,785,1.673076923,1,1,25.955,0.24,2
5,5,28,19,350,0.0,0,0,24.9675,0.0725,0
160,249,79,59,595,1.576923077,0,0,26.2325,0.7374999999999999,2
0,0,0,0,360,-0.019230769,0,0,25.1725,0.0625,0
0,0,0,0,370,-0.153846154,0,0,25.36,0.0575,0
124,38,72,52,370,0.153846154,0,0,25.485,0.2574999999999999,1
146,230,169,18,840,0.957692308,1,1,25.9875,1.18,2
124,39,75,54,380,0.242307692,1,0,25.565,0.3774999999999999,1
0,0,0,0,440,-1.192307692,0,0,25.515,0.06,0
7,8,38,25,355,0.0,0,0,25.015,0.075,0
9,10,44,29,360,0.019230769,0,0,25.0925,0.0625,0
0,0,0,0,725,-1.461538462,0,0,25.72,0.0675,0
10,10,49,33,360,-0.134615385,0,0,25.145,0.06,0
0,0,0,0,1025,0.842307692,0,0,26.11,0.0574999999999999,0
0,0,0,0,360,0.0,0,0,25.265,0.0574999999999999,0
15,16,75,54,640,1.630769231,0,0,26.2325,0.065,0
0,0,0,0,380,-0.046153846,0,0,25.4075,0.065,0
155,233,73,56,550,3.488461538,0,0,25.485,0.1325,2
0,0,0,0,420,-1.519230769,0,0,25.5,0.0574999999999999,0
14,16,66,47,355,-0.084615385,0,0,25.3275,0.065,0
20,24,88,63,355,0.0,0,0,25.5825,0.085,0
0,0,0,0,350,-0.061538462,0,0,25.5025,0.0725,0
0,0,0,0,350,0.061538462,0,0,25.5175,0.0725,0
0,0,0,0,345,0.0,0,0,25.205,0.105,0
150,238,180,10,1185,2.384615385,1,1,26.455,0.49,3
19,24,85,59,355,0.0,0,0,25.5325,0.0725,0
0,0,0,0,665,-1.919230769,0,0,25.6725,0.0625,0
115,19,180,7,1040,-0.265384615,1,1,26.2025,2.475,2
119,23,35,26,475,1.492307692,0,0,26.14,0.1725,1
0,0,0,0,615,-2.684615385,0,0,25.6425,0.06,0
155,239,79,59,635,2.030769231,1,1,26.1425,0.4574999999999999,2
18,20,75,54,355,0.0,0,0,25.4525,0.075,0
12,15,62,45,355,0.0,0,0,25.6125,0.07,0
7,7,36,24,355,-0.238461538,0,0,24.9825,0.07,0
9,10,45,30,355,0.0,0,0,25.11,0.0675,0
17,20,73,53,355,0.0,0,0,25.4525,0.065,0
0,0,3,2,350,0.019230769,0,0,25.0325,0.07,0
159,249,79,59,395,0.35,0,0,25.72,0.5775,2
0,0,0,0,720,-2.188461538,0,0,25.72,0.06,0
7,7,36,24,355,-0.180769231,0,0,24.985,0.0725,0
17,20,75,54,355,0.0,0,0,25.3775,0.0775,0
1,0,7,5,350,0.0,0,0,24.97,0.07,0
0,0,0,0,360,-0.011538462,0,0,25.265,0.0574999999999999,0
0,0,0,0,360,-0.034615385,0,0,25.28,0.06,0
0,0,0,0,355,0.080769231,0,0,25.425,0.0725,0
0,0,0,0,700,-1.838461538,0,0,25.6575,0.06,0
15,20,88,54,740,-3.111538462,0,0,26.0325,0.0574999999999999,0
0,0,1,1,355,0.023076923,0,0,24.985,0.0625,0
0,0,0,0,380,-0.046153846,0,0,25.41,0.0675,0
0,0,0,0,1030,-4.873076923,0,0,26.1075,0.06,0
10,11,49,35,355,0.0,0,0,25.6125,0.0725,0
155,237,69,54,480,0.957692308,0,1,25.3925,0.3249999999999999,2
12,15,60,44,355,0.0,0,0,25.6275,0.075,0
0,0,0,0,360,0.019230769,0,0,25.1875,0.0574999999999999,0
0,0,0,0,365,0.038461538,0,0,25.3475,0.06,0
13,17,80,49,675,-1.730769231,0,0,25.94,0.06,0
9,10,43,29,360,-0.092307692,0,0,25.03,0.06,0
14,15,71,51,540,-3.957692308,0,0,26.1575,0.1275,0
6,7,32,21,345,0.0,0,0,24.985,0.07,0
12,13,54,37,355,0.0,0,0,25.205,0.075,0
165,256,279,72,895,0.080769231,1,1,26.4225,0.5775,3
18,22,97,59,970,0.173076923,0,0,26.345,0.0625,0
0,0,0,0,355,0.0,0,0,25.3775,0.0775,0
16,19,71,51,355,0.0,0,0,25.345,0.0775,0
123,35,58,45,400,0.788461538,0,0,25.08,0.0725,1
150,238,180,11,860,1.253846154,0,1,26.095,0.0875,3
12,14,56,40,355,-0.192307692,0,0,25.235,0.0574999999999999,0
0,0,0,0,370,-0.088461538,0,0,25.3775,0.06,0
0,0,1,1,350,0.034615385,0,0,25.5475,0.0725,0
14,16,64,45,355,-0.073076923,0,0,25.315,0.0625,0
8,8,29,27,475,2.746153846,1,0,25.815,0.1225,3
0,0,0,0,355,-0.096153846,0,0,25.485,0.0725,0
11,13,54,38,360,0.046153846,0,0,25.205,0.065,0
9,10,45,30,360,0.096153846,0,0,25.16,0.0625,0
6,7,35,23,360,0.0,0,0,25.0825,0.065,0
150,235,180,10,1105,2.223076923,1,1,26.33,1.18,3
0,0,0,0,355,-0.030769231,0,0,24.9525,0.0625,0
4,4,28,16,675,3.273076923,0,1,25.875,0.235,3
117,27,191,21,635,0.453846154,1,0,25.955,0.11,2
8,10,43,31,355,0.0,0,0,25.6275,0.0725,0
16,19,74,53,355,0.0,0,0,25.36,0.0725,0
10,10,47,33,355,0.0,0,0,25.1425,0.0675,0
16,20,73,52,355,0.0,0,0,25.3775,0.0725,0
1,1,6,5,360,0.134615385,0,0,25.05,0.0625,0
17,20,76,56,355,0.0,0,0,25.6125,0.0725,0
0,0,0,0,355,0.176923077,0,0,25.47,0.07,0
0,0,0,0,365,-0.165384615,0,0,25.3775,0.055,0
0,0,0,0,725,-1.496153846,0,0,25.7175,0.0675,0
0,21,0,7,1025,-0.626923077,1,1,26.1575,0.5625,0
123,37,66,48,370,0.280769231,0,0,25.485,0.2724999999999999,1
0,0,0,0,390,-0.4,0,0,25.44,0.06,0
116,25,185,18,680,2.442307692,0,1,26.0,0.515,2
0,0,0,0,820,-0.976923077,0,0,25.8625,0.065,0
0,0,0,0,990,-1.488461538,0,0,26.0175,0.06,0
0,0,0,0,365,-0.2,0,0,25.2975,0.0575,0
165,254,276,71,870,0.742307692,1,1,26.4225,1.4075,2
0,0,0,0,365,-0.019230769,0,0,25.3625,0.0575,0
0,0,0,0,470,-1.396153846,0,0,25.565,0.0625,0
160,246,76,56,495,3.119230769,1,0,25.8625,0.35,2
0,0,0,0,370,-0.292307692,0,0,25.3625,0.06,0
117,26,190,20,645,0.915384615,0,0,25.97,0.155,2
12,14,55,39,355,0.0,0,0,25.2375,0.0725,0
115,19,180,7,1020,0.269230769,0,0,26.1275,0.58,2
15,15,73,53,605,-1.211538462,0,0,26.2025,0.0675,0
0,0,0,0,435,-2.05,0,0,25.47,0.065,0
1,2,11,7,360,0.023076923,0,0,25.05,0.0575,0
14,15,61,43,360,0.038461538,0,0,25.2825,0.0675,0
0,0,0,0,1125,-5.503846154,0,0,26.22,0.06,0
0,0,0,0,355,0.0,0,0,25.2825,0.07,0
1,1,7,5,350,0.0,0,0,24.9825,0.0725,0
0,0,0,0,355,-0.080769231,0,0,25.44,0.0775,0
0,0,0,0,370,-0.019230769,0,0,25.28,0.06,0
0,0,0,0,360,-0.196153846,0,0,25.1725,0.06,0
0,0,0,0,380,0.0,0,0,25.375,0.0625,0
5,6,29,21,350,-0.053846154,0,0,25.58,0.075,0
142,228,5,7,830,-0.011538462,1,1,26.0175,0.4375,2
141,226,5,6,850,0.373076923,1,1,25.985,0.68,2
0,0,0,0,350,-0.046153846,0,0,25.235,0.065,0
0,0,0,0,365,0.011538462,0,0,25.3925,0.06,0
0,0,2,1,345,0.0,0,0,24.9675,0.0625,0
0,0,0,0,355,-0.042307692,0,0,25.44,0.07,0
0,0,0,0,915,-2.861538462,0,0,25.925,0.06,0
8,8,40,26,355,-0.038461538,0,0,25.0475,0.0625,0
0,0,0,0,355,-0.107692308,0,0,25.095,0.06,0
119,24,41,30,450,1.296153846,1,0,26.14,0.2299999999999999,1
0,0,0,0,365,-0.053846154,0,0,25.3775,0.0574999999999999,0
0,0,0,0,355,0.003846154,0,0,25.44,0.07,0
0,0,0,0,360,0.0,0,0,25.205,0.0574999999999999,0
0,0,0,0,360,-0.092307692,0,0,25.0175,0.06,0
0,0,0,0,345,0.0,0,0,25.08,0.0625,0
124,36,60,46,420,1.019230769,1,0,25.1425,0.1475,1
0,0,0,0,355,0.0,0,0,25.0975,0.0625,0
0,0,0,0,355,0.103846154,0,0,25.5175,0.075,0
14,16,65,46,360,0.011538462,0,0,25.2825,0.065,0
115,24,180,12,740,1.315384615,1,0,26.0,0.105,2
0,0,2,1,360,-0.107692308,0,0,25.065,0.0575,0
150,234,186,10,1010,2.407692308,0,1,26.205,0.0975,3
0,0,0,0,355,0.0,0,0,24.9825,0.06,0
0,0,0,0,360,0.0,0,0,25.1575,0.0575,0
117,22,186,10,735,2.411538462,1,1,26.0175,1.2375,2
0,0,1,1,350,-0.034615385,0,0,25.065,0.0725,0
0,0,0,0,410,-0.665384615,0,0,25.5025,0.0625,0
0,0,0,0,365,0.0,0,0,25.28,0.0625,0
0,0,0,0,375,-0.242307692,0,0,25.36,0.0574999999999999,0
0,0,0,0,370,-0.057692308,0,0,25.3925,0.0574999999999999,0
0,0,5,3,350,-0.146153846,0,0,25.0175,0.0725,0
0,0,0,0,375,0.0,0,0,25.3775,0.0574999999999999,0
0,0,0,0,390,-0.842307692,0,0,25.44,0.06,0
142,232,183,25,780,1.665384615,1,1,25.925,0.1625,3
0,0,0,0,725,-2.153846154,0,0,25.765,0.055,0
119,24,191,14,640,2.426923077,0,0,25.985,0.1675,2
150,240,186,12,775,3.373076923,0,0,26.0625,0.4875,3
0,0,0,0,385,-0.3,0,0,25.425,0.07,0
13,16,79,49,600,-3.761538462,0,0,25.9225,0.0625,0
0,0,0,0,355,0.05,0,0,25.5,0.0725,0
0,0,0,0,505,-2.065384615,0,0,25.565,0.085,0
18,22,96,58,850,-6.011538462,0,0,26.1575,0.0975,0
118,22,33,23,475,0.911538462,0,0,26.185,0.0925,1
123,35,60,45,445,0.926923077,0,0,25.1875,0.15,1
0,0,0,0,355,-0.069230769,0,0,25.47,0.0725,0
0,0,0,0,390,-0.442307692,0,0,25.44,0.065,0
150,235,186,11,825,1.757692308,0,0,26.11,0.23,3
0,0,0,0,355,-0.096153846,0,0,25.5175,0.07,0
0,0,0,0,355,-0.119230769,0,0,25.44,0.07,0
8,8,30,28,475,2.611538462,0,1,25.7975,0.2725,3
0,0,0,0,380,-0.219230769,0,0,25.425,0.065,0
0,0,0,0,655,-2.307692308,0,0,25.6425,0.065,0
0,0,0,0,640,-2.35,0,0,25.6425,0.0574999999999999,0
18,22,79,58,355,0.0,0,0,25.5325,0.075,0
0,0,0,0,365,-0.023076923,0,0,25.205,0.06,0
0,0,0,0,355,0.0,0,0,25.3775,0.0675,0
10,11,56,41,465,-2.230769231,0,0,26.0775,0.0625,0
10,10,50,36,445,-1.007692308,0,0,26.0775,0.065,0
122,37,67,49,370,0.273076923,1,0,25.4375,0.3249999999999999,1
165,255,279,72,890,0.346153846,0,1,26.4225,0.2725,3
0,0,0,0,375,-0.046153846,0,0,25.4075,0.065,0
0,0,0,0,355,-0.003846154,0,0,25.0975,0.0725,0
116,24,177,9,805,1.880769231,0,1,26.0625,0.155,2
12,14,55,40,355,0.0,0,0,25.3,0.075,0
123,35,58,45,405,0.769230769,1,0,25.065,0.3949999999999999,1
0,0,0,0,360,0.0,0,0,25.1575,0.0574999999999999,0
0,0,0,0,455,-0.992307692,0,0,25.5325,0.0574999999999999,0
0,0,0,0,370,-0.242307692,0,0,25.33,0.06,0
115,24,180,12,740,1.319230769,0,0,26.0175,1.065,2
0,0,0,0,400,-1.307692308,0,0,25.44,0.07,0
3,3,16,11,350,0.0,0,0,24.9675,0.07,0
119,29,52,31,595,0.219230769,0,0,25.92,0.065,1
10,10,52,38,455,-1.342307692,0,0,26.0475,0.0625,0
150,239,181,11,1200,0.096153846,0,0,26.6725,0.4025,3
6,6,32,20,360,0.0,0,0,24.985,0.0625,0
0,0,0,0,560,-2.061538462,0,0,25.58,0.06,0
119,22,29,21,495,0.938461538,0,0,26.185,0.0975,1
10,10,47,32,355,0.0,0,0,25.16,0.075,0
19,22,98,59,965,0.65,0,0,26.2525,0.0775,0
0,0,0,0,360,0.0,0,0,25.1275,0.0549999999999999,0
2,2,12,7,345,0.0,0,0,24.9375,0.0675,0
7,7,36,24,355,-0.196153846,0,0,24.9675,0.0725,0
0,0,0,0,355,-0.126923077,0,0,25.455,0.0725,0
0,0,0,0,370,-0.184615385,0,0,25.3775,0.065,0
7,7,35,24,360,0.0,0,0,25.0825,0.06,0
0,0,0,0,380,0.0,0,0,25.375,0.055,0
150,238,181,10,1210,-0.473076923,1,1,26.735,1.625,3
118,28,49,28,605,0.476923077,1,0,25.9525,0.065,1
0,0,0,0,370,-0.088461538,0,0,25.3475,0.0625,0
3,3,15,11,355,0.011538462,0,0,25.5975,0.0775,0
10,11,48,33,355,0.0,0,0,25.1575,0.0725,0
6,7,34,22,360,0.0,0,0,24.9825,0.0625,0
7,6,40,24,515,1.976923077,0,0,25.83,0.7025,3
0,0,0,0,355,-0.057692308,0,0,25.035,0.06,0
5,7,24,21,575,3.661538462,0,0,25.845,1.0125,3
0,0,0,0,365,-0.030769231,0,0,25.1725,0.06,0
150,234,186,10,1035,2.023076923,0,1,26.2375,0.1399999999999999,3
0,0,0,0,365,0.0,0,0,25.235,0.0574999999999999,0
165,257,279,74,925,1.361538462,1,0,26.375,0.3325,3
0,0,0,0,705,-2.042307692,0,0,25.705,0.0575,0
7,8,39,26,355,0.0,0,0,25.0625,0.07,0
0,0,0,0,375,0.0,0,0,25.36,0.06,0
117,28,48,28,610,0.661538462,1,0,25.92,0.065,1
14,14,70,51,585,-2.761538462,0,0,26.1575,0.075,0
0,0,2,2,350,0.0,0,0,25.565,0.075,0
0,0,0,0,365,0.042307692,0,0,25.1575,0.0574999999999999,0
0,0,0,0,785,-2.219230769,0,0,25.7975,0.0625,0
10,11,56,41,470,-2.073076923,0,0,26.0925,0.0675,0
0,0,0,0,360,-0.011538462,0,0,25.065,0.0574999999999999,0
148,234,178,10,1040,2.619230769,0,1,26.2675,0.4499999999999999,3
0,0,5,4,355,0.0,0,0,24.9675,0.06,0
13,15,78,48,600,-3.680769231,0,0,25.9225,0.0625,0
0,0,0,0,365,0.0,0,0,25.2975,0.0574999999999999,0
0,0,0,0,375,-0.088461538,0,0,25.375,0.0625,0
0,0,0,0,590,-2.976923077,0,0,25.6575,0.0625,0
9,10,45,30,360,-0.092307692,0,0,25.1425,0.065,0
0,0,0,0,1230,0.430769231,0,0,26.375,0.0575,0
8,9,41,28,355,-0.038461538,0,0,25.065,0.065,0
5,5,26,17,360,0.0,0,0,25.0175,0.0625,0
119,24,192,14,645,2.538461538,1,1,25.985,0.5025,2
150,239,181,11,1220,1.346153846,1,1,26.6725,1.54,3
142,227,6,7,830,0.215384615,1,0,25.985,0.3299999999999999,2
0,0,0,0,380,-0.126923077,0,0,25.4075,0.06,0
4,4,21,14,350,0.0,0,0,24.905,0.0725,0
0,0,1,1,350,0.007692308,0,0,25.5475,0.0725,0
0,0,6,4,360,0.157692308,0,0,25.05,0.0625,0
0,0,3,2,350,-0.003846154,0,0,25.0175,0.07,0
0,0,0,0,1210,-0.723076923,0,0,26.375,0.0574999999999999,0
1,1,10,6,360,0.088461538,0,0,25.0175,0.0625,0
10,11,52,35,370,0.969230769,1,1,25.565,0.4925,3
1,1,9,5,360,0.103846154,0,0,25.0175,0.06,0
117,19,184,7,1065,2.119230769,0,1,26.2375,1.5975,2
161,250,83,62,500,-1.057692308,0,0,25.8775,0.6150000000000001,2
150,236,180,10,1160,2.75,0,1,26.39,0.4825,3
2,2,12,8,350,0.0,0,0,24.9675,0.07,0
116,25,185,18,690,2.642307692,0,0,25.97,0.7325,2
0,0,0,0,370,0.0,0,0,25.3475,0.06,0
2,2,14,9,350,0.0,0,0,24.9675,0.0725,0
161,249,78,58,615,0.930769231,1,0,26.2675,0.7,2
0,0,0,0,355,-0.046153846,0,0,25.5175,0.07,0
0,0,0,0,930,-2.596153846,0,0,25.94,0.07,0
150,239,186,12,780,3.369230769,1,0,26.0625,1.0875,3
14,14,70,50,625,0.276923077,0,0,26.1875,0.065,0
0,0,0,0,345,0.0,0,0,25.1875,0.0775,0
0,0,0,0,345,-0.261538462,0,0,25.25,0.065,0
14,18,85,53,690,-2.303846154,0,0,25.97,0.06,0
1,1,10,6,360,0.034615385,0,0,25.0175,0.06,0
7,7,36,24,360,0.030769231,0,0,25.1125,0.0625,0
0,0,0,0,650,-2.015384615,0,0,25.6425,0.0625,0
0,0,0,0,375,-0.3,0,0,25.36,0.0574999999999999,0
0,0,0,0,365,0.042307692,0,0,25.3775,0.055,0
13,14,57,41,355,0.0,0,0,25.2675,0.0725,0
119,24,195,17,570,2.126923077,1,0,25.97,1.1175000000000002,2
0,0,0,0,355,-0.042307692,0,0,25.1125,0.07,0
0,0,0,0,365,-0.026923077,0,0,25.265,0.06,0
6,6,31,21,345,0.0,0,0,25.0025,0.0625,0
0,0,0,0,385,-0.276923077,0,0,25.425,0.06,0
19,22,98,60,960,0.553846154,0,0,26.2525,0.07,0
0,0,0,0,750,-1.653846154,0,0,25.7675,0.07,0
0,0,0,0,765,-2.030769231,0,0,25.7825,0.06,0
0,0,0,0,345,0.0,0,0,25.22,0.0675,0
6,7,33,22,350,0.0,0,0,25.015,0.075,0
117,26,188,20,660,1.396153846,1,1,25.985,0.5075,2
5,6,22,20,610,3.15,1,0,25.845,0.1099999999999999,3
0,0,0,0,345,0.0,0,0,25.05,0.07,0
119,25,49,35,420,-1.888461538,0,0,26.0925,0.2675,1
1,1,9,5,345,0.0,0,0,24.9375,0.065,0
5,5,28,19,360,0.065384615,0,0,24.9825,0.0675,0
5,5,24,16,350,0.0,0,0,24.935,0.075,0
3,3,16,11,345,0.0,0,0,24.9525,0.065,0
0,0,0,0,360,-0.088461538,0,0,25.2975,0.0625,0
0,0,0,0,360,0.157692308,0,0,25.08,0.0574999999999999,0
17,22,80,58,355,0.0,0,0,25.5975,0.0725,0
163,248,267,68,845,3.030769231,1,1,26.4075,0.97,3
14,17,65,48,355,0.0,0,0,25.5975,0.075,0
0,0,0,0,795,-1.976923077,0,0,25.795,0.07,0
119,24,202,19,560,0.869230769,0,0,26.0325,0.6375,2
116,26,186,19,675,2.134615385,0,1,25.97,0.125,2
1,0,7,5,350,0.0,0,0,24.97,0.0725,0
12,12,62,45,500,-1.638461538,0,0,26.125,0.0625,0
0,0,0,0,355,-0.119230769,0,0,25.265,0.0675,0
6,6,31,21,345,0.0,0,0,24.9875,0.0675,0
2,3,14,9,345,0.0,0,0,24.985,0.07,0
3,4,18,13,350,0.0,0,0,24.92,0.0725,0
150,239,181,11,1210,-0.5,0,0,26.7025,0.3949999999999999,3
6,7,35,23,355,-0.046153846,0,0,24.9675,0.06,0
0,0,0,0,355,-0.1,0,0,25.455,0.0725,0
6,7,35,23,360,0.0,0,0,24.9825,0.0625,0
0,0,0,0,825,-3.219230769,0,0,25.8625,0.0675,0
151,239,182,11,1220,-0.519230769,1,0,26.6875,0.855,3
146,232,172,20,805,-0.330769231,1,1,25.9725,0.485,2
0,0,0,0,345,-0.088461538,0,0,25.25,0.0625,0
162,253,82,61,490,-1.873076923,1,0,25.8925,0.7124999999999999,2
12,15,62,45,355,0.0,0,0,25.5975,0.07,0
6,6,32,20,350,0.0,0,0,25.0975,0.07,0
160,247,75,55,640,1.557692308,1,0,26.285,0.8049999999999999,2
0,0,5,3,345,0.0,0,0,24.9675,0.065,0
0,0,0,0,345,0.0,0,0,25.14,0.0625,0
0,0,0,0,365,-0.065384615,0,0,25.315,0.06,0
149,234,185,11,835,2.026923077,0,1,26.1425,0.215,3
0,0,0,0,360,0.0,0,0,25.1425,0.06,0
0,0,0,0,370,-0.119230769,0,0,25.345,0.065,0
0,0,0,0,895,-3.253846154,0,0,25.8925,0.0575,0
0,0,0,0,350,-0.242307692,0,0,25.2675,0.0625,0
141,226,5,0,850,0.538461538,1,1,26.0,0.6425,2
148,234,178,10,1045,2.573076923,1,1,26.25,0.225,3
0,0,0,0,355,0.0,0,0,25.3125,0.07,0
0,0,0,0,360,0.034615385,0,0,25.1875,0.0625,0
6,6,32,22,350,0.0,0,0,25.05,0.0975,0
20,24,89,64,355,0.0,0,0,25.565,0.08,0
6,7,35,22,360,-0.023076923,0,0,25.05,0.06,0
10,10,46,31,355,0.130769231,0,0,25.16,0.07,0
3,4,17,13,345,0.0,0,0,24.935,0.0625,0
0,0,0,0,360,0.0,0,0,25.1575,0.055,0
7,7,35,24,355,-0.257692308,0,0,24.9825,0.0725,0
3,3,15,10,345,0.0,0,0,24.9525,0.065,0
165,256,279,72,935,2.176923077,1,0,26.4075,0.285,3
4,4,20,14,360,-0.007692308,0,0,25.0325,0.06,0
0,0,0,0,355,0.053846154,0,0,25.5175,0.0775,0
124,36,60,46,425,1.219230769,0,0,25.125,0.065,1
150,242,180,12,825,1.542307692,0,1,26.0325,0.4025000000000001,3
13,15,59,44,355,0.0,0,0,25.2825,0.0625,0
3,3,17,12,355,0.015384615,0,0,24.9525,0.0675,0
0,0,0,0,350,-0.092307692,0,0,25.2675,0.0675,0
0,0,0,0,350,-0.146153846,0,0,25.5175,0.07,0
16,20,91,56,750,-3.842307692,0,0,26.065,0.0625,0
0,0,0,0,385,-0.261538462,0,0,25.425,0.07,0
164,252,268,70,865,0.976923077,1,0,26.4525,0.105,3
119,33,66,42,560,-0.438461538,1,0,25.9225,0.49,1
121,25,45,33,430,0.926923077,1,0,26.125,0.0725,1
0,0,0,0,710,-2.011538462,0,0,25.735,0.0625,0
0,0,0,0,600,-2.896153846,0,0,25.6425,0.065,0
0,0,0,0,355,0.103846154,0,0,25.5325,0.0725,0
1,1,10,6,360,0.069230769,0,0,25.0475,0.06,0
150,235,186,10,1000,2.426923077,0,0,26.1875,0.09,3
0,0,0,0,810,-1.280769231,0,0,25.795,0.065,0
114,35,77,48,595,-3.357692308,0,0,25.9225,0.06,1
0,0,0,0,395,-0.807692308,0,0,25.5025,0.06,0
0,0,0,0,360,0.0,0,0,25.065,0.0625,0
119,33,65,42,575,-1.138461538,0,0,25.9225,0.0925,1
123,37,69,49,375,0.046153846,1,0,25.5025,0.475,1
0,0,0,0,345,0.0,0,0,25.19,0.0675,0
0,0,0,0,525,-2.507692308,0,0,25.515,0.065,0
13,14,59,42,355,0.0,0,0,25.2375,0.0725,0
0,0,0,0,360,0.0,0,0,25.22,0.065,0
117,26,190,20,645,0.930769231,1,0,25.97,0.25,2
114,19,178,7,1035,-0.453846154,0,0,26.19,0.075,2
6,7,34,22,360,0.0,0,0,25.05,0.0625,0
0,0,0,0,480,-1.361538462,0,0,25.58,0.0625,0
0,0,0,0,775,-2.061538462,0,0,25.7825,0.06,0
150,239,181,11,1195,1.003846154,1,0,26.655,0.315,3
0,0,0,0,355,0.0,0,0,25.3625,0.0675,0
0,0,0,0,1030,-4.942307692,0,0,26.0775,0.0625,0
123,37,69,49,375,0.161538462,1,0,25.5175,0.5525,1
1,1,7,5,355,0.0,0,0,24.97,0.0625,0
150,235,159,10,1130,2.161538462,1,1,26.36,1.09,3
0,0,0,0,365,-0.073076923,0,0,25.3475,0.06,0
0,0,2,1,360,-0.026923077,0,0,25.05,0.06,0
6,6,32,21,360,0.0,0,0,24.9825,0.06,0
14,16,62,45,355,0.0,0,0,25.2825,0.08,0
0,0,0,0,355,0.165384615,0,0,25.455,0.0725,0
0,0,0,0,950,-2.392307692,0,0,25.955,0.06,0
0,0,4,2,345,0.0,0,0,24.9525,0.0675,0
165,256,278,72,920,1.830769231,1,1,26.3925,0.1974999999999999,3
0,0,0,0,355,-0.057692308,0,0,25.44,0.075,0
10,11,49,34,355,0.0,0,0,25.1425,0.0725,0
9,9,42,29,360,-0.126923077,0,0,25.1125,0.0675,0
165,256,280,73,940,1.242307692,1,1,26.4075,0.1125,3
0,0,0,0,345,0.0,0,0,25.155,0.0625,0
0,0,0,0,510,-2.034615385,0,0,25.58,0.0625,0
148,234,185,10,925,3.7,0,1,26.175,0.13,3
0,0,0,0,360,0.0,0,0,25.065,0.06,0
121,25,48,35,420,-1.357692308,1,0,26.11,0.115,1
0,0,0,0,345,0.0,0,0,25.175,0.06,0
161,249,83,63,575,2.219230769,1,0,26.205,0.5,2
0,0,0,0,890,-2.996153846,0,0,25.91,0.0575,0
0,0,0,0,350,-0.046153846,0,0,25.565,0.0725,0
116,22,184,10,710,0.484615385,0,0,26.0325,1.2225,2
0,0,0,0,355,0.003846154,0,0,25.5325,0.0725,0
118,22,29,21,505,1.123076923,0,0,26.1875,0.095,1
0,0,0,0,345,-0.126923077,0,0,25.235,0.0675,0
0,0,0,0,355,0.203846154,0,0,25.5025,0.0675,0
118,23,188,11,725,2.473076923,0,0,26.0,0.415,2
15,18,68,48,355,0.0,0,0,25.345,0.075,0
119,24,194,16,585,1.703846154,0,0,25.9525,0.7625,2
0,0,0,0,415,-1.223076923,0,0,25.5025,0.0525,0
0,0,0,0,505,-2.111538462,0,0,25.58,0.0575,0
0,0,0,0,755,-2.269230769,0,0,25.78,0.0575,0
4,4,20,14,345,0.0,0,0,24.9525,0.0675,0
0,0,0,0,360,0.0,0,0,25.25,0.0625,0
0,0,0,0,665,-2.284615385,0,0,25.69,0.06,0
0,0,0,0,345,0.0,0,0,25.205,0.07,0
0,0,0,0,345,0.0,0,0,24.9525,0.065,0
0,0,0,0,375,-0.003846154,0,0,25.3625,0.06,0
0,0,0,0,355,0.0,0,0,25.455,0.075,0
0,0,0,0,510,-2.0,0,0,25.58,0.0625,0
0,0,0,0,380,0.0,0,0,25.39,0.065,0
0,0,0,0,360,0.0,0,0,25.1275,0.075,0
0,0,0,0,635,-2.065384615,0,0,25.6725,0.065,0
114,24,177,10,770,1.311538462,1,1,26.015,1.3125000000000002,2
119,25,206,20,555,0.588461538,1,1,26.065,1.4625,2
17,20,74,53,355,0.0,0,0,25.36,0.0725,0
17,21,92,56,840,-6.296153846,0,0,26.1275,0.0625,0
142,227,6,7,835,0.669230769,0,0,26.0,0.1149999999999999,2
9,10,33,30,415,2.407692308,1,1,25.845,0.4024999999999999,3
6,6,32,21,360,0.0,0,0,25.0625,0.0575,0
150,236,180,10,1085,2.211538462,0,1,26.3,0.925,3
0,0,0,0,355,0.215384615,0,0,25.5175,0.0775,0
0,0,0,0,365,0.003846154,0,0,25.28,0.0574999999999999,0
162,253,84,62,520,0.65,0,0,25.8925,0.6675000000000001,2
4,4,22,15,350,0.0,0,0,24.89,0.0725,0
7,7,29,26,470,2.973076923,0,1,25.8125,0.105,3
9,10,44,29,355,-0.080769231,0,0,25.1275,0.07,0
3,3,16,11,360,0.046153846,0,0,25.0175,0.0625,0
0,0,0,0,360,-0.096153846,0,0,25.315,0.06,0
6,6,33,22,350,0.0,0,0,25.0325,0.07,0
0,0,0,0,360,-0.107692308,0,0,25.265,0.055,0
0,0,0,0,850,0.992307692,0,0,25.97,0.07,0
4,5,21,15,345,0.0,0,0,24.935,0.065,0
122,36,66,47,365,0.261538462,0,0,25.4375,0.29,1
155,236,71,54,500,2.457692308,1,0,25.455,0.85,2
9,10,44,29,355,0.0,0,0,25.125,0.075,0
0,0,0,0,375,-0.288461538,0,0,25.36,0.06,0
0,0,0,0,1095,-4.311538462,0,0,26.1725,0.06,0
14,17,66,47,355,0.0,0,0,25.2825,0.0725,0
10,10,47,33,355,-0.130769231,0,0,25.16,0.0675,0
117,27,195,23,630,0.223076923,1,0,25.955,0.4275,2
0,0,0,0,350,0.011538462,0,0,25.5175,0.07,0
0,0,0,0,820,-1.480769231,0,0,25.8625,0.0675,0
160,247,78,57,495,3.138461538,1,0,25.8475,0.3249999999999999,2
0,0,0,0,360,-0.05,0,0,25.2025,0.06,0
0,0,0,0,390,-1.423076923,0,0,25.44,0.0625,0
0,0,0,0,1135,-5.453846154,0,0,26.2025,0.0625,0
115,19,180,7,1000,-0.934615385,1,1,26.1575,0.885,2
0,0,0,0,355,-0.046153846,0,0,25.5025,0.0725,0
155,235,71,55,525,3.596153846,1,1,25.47,0.31,2
18,22,95,59,835,-6.138461538,0,0,26.1275,0.06,0
0,0,0,0,350,-0.253846154,0,0,25.25,0.065,0
2,2,12,7,345,0.0,0,0,24.9525,0.0675,0
5,6,30,20,360,0.0,0,0,25.08,0.06,0
0,0,0,0,365,0.0,0,0,25.22,0.065,0
14,18,67,49,355,0.0,0,0,25.5825,0.075,0
150,220,73,54,385,0.046153846,1,1,25.58,1.2574999999999998,2
156,248,74,54,385,0.242307692,1,1,25.61,0.4825,2
0,0,0,0,350,0.023076923,0,0,25.5325,0.0725,0
10,10,54,33,380,0.388461538,0,1,25.7675,0.235,3
150,236,180,10,1115,2.246153846,0,1,26.33,0.2075,3
0,0,0,0,385,0.0,0,0,25.41,0.0625,0
0,0,0,0,345,0.0,0,0,25.1575,0.065,0
6,7,35,23,360,-0.011538462,0,0,25.0825,0.06,0
0,0,0,0,355,-0.253846154,0,0,25.2825,0.0625,0
0,0,0,0,355,0.0,0,0,25.315,0.0675,0
0,0,0,0,365,-0.046153846,0,0,25.22,0.0575,0
0,0,0,0,505,-2.061538462,0,0,25.565,0.0575,0
0,0,0,0,365,0.0,0,0,25.33,0.06,0
5,5,27,18,360,0.0,0,0,25.0475,0.06,0
12,14,57,40,355,0.0,0,0,25.205,0.0725,0
17,20,74,53,355,0.0,0,0,25.4375,0.0775,0
148,235,178,10,930,2.588461538,1,1,26.2825,0.515,3
7,8,39,26,360,-0.042307692,0,0,25.0775,0.065,0
0,0,0,0,355,-0.292307692,0,0,25.2975,0.07,0
0,0,0,0,390,0.0,0,0,25.4525,0.0575,0
0,0,0,0,355,0.0,0,0,24.985,0.0574999999999999,0
0,0,0,0,385,-0.288461538,0,0,25.4075,0.055,0
0,0,0,0,1105,-4.396153846,0,0,26.1575,0.0625,0
150,238,180,10,1195,2.388461538,1,1,26.5325,1.255,3
10,13,56,35,370,0.876923077,1,0,25.565,0.5549999999999999,3
3,3,14,10,345,0.0,0,0,24.955,0.065,0
6,6,33,22,350,0.0,0,0,25.0,0.075,0
11,12,53,36,360,-0.069230769,0,0,25.16,0.0675,0
0,0,0,0,540,-2.180769231,0,0,25.595,0.06,0
12,15,62,45,355,0.0,0,0,25.5975,0.1025,0
14,18,85,53,690,-2.807692308,0,0,25.985,0.0574999999999999,0
6,6,31,21,350,0.0,0,0,24.985,0.0725,0
10,11,49,35,355,0.0,0,0,25.19,0.0775,0
165,254,270,71,875,1.507692308,1,1,26.44,0.6025,2
0,0,0,0,350,-0.023076923,0,0,25.5475,0.225,0
115,24,179,11,745,1.311538462,0,1,26.015,0.2725,2
0,0,5,3,355,-0.038461538,0,0,24.985,0.0625,0
0,0,0,0,360,0.0,0,0,25.19,0.06,0
0,0,0,0,350,-0.034615385,0,0,25.5025,0.07,0
20,24,84,61,355,0.0,0,0,25.55,0.1175,0
148,235,179,10,1000,3.011538462,0,0,26.2675,0.07,3
165,255,277,71,890,1.265384615,1,1,26.3575,0.29,3
10,10,53,33,370,0.646153846,1,1,25.6875,0.3324999999999999,3
13,16,63,45,355,0.0,0,0,25.6125,0.07,0
0,0,0,0,385,-0.088461538,0,0,25.4375,0.0625,0
0,0,0,0,350,0.0,0,0,25.55,0.0725,0
7,7,35,24,360,-0.019230769,0,0,25.015,0.0625,0
0,0,0,0,350,-0.015384615,0,0,25.5475,0.0775,0
0,0,0,0,355,-0.061538462,0,0,25.065,0.075,0
19,23,99,61,955,0.161538462,0,0,26.2375,0.0625,0
0,0,0,0,355,-0.169230769,0,0,25.0,0.06,0
10,10,45,32,355,0.0,0,0,25.1425,0.075,0
120,33,68,43,570,-0.407692308,0,0,25.9075,0.145,1
0,0,0,0,360,-0.130769231,0,0,25.1275,0.06,0
0,0,0,0,370,-0.073076923,0,0,25.33,0.06,0
142,227,5,6,840,-0.526923077,1,0,26.0,0.2525,2
0,0,0,0,430,-2.111538462,0,0,25.4375,0.065,0
7,8,39,26,355,0.0,0,0,25.0475,0.0725,0
162,253,81,60,510,2.319230769,1,0,25.86,0.4025,2
0,0,0,0,570,-2.226923077,0,0,25.595,0.0625,0
0,0,0,0,385,-0.088461538,0,0,25.425,0.07,0
4,4,29,16,675,3.403846154,0,1,25.8575,0.0975,3
0,0,0,0,360,0.026923077,0,0,25.2975,0.0575,0
165,257,278,73,930,1.196153846,1,0,26.44,0.0925,3
0,0,0,0,355,0.188461538,0,0,25.5025,0.07,0
0,0,0,0,345,0.0,0,0,25.25,0.06,0
17,20,73,53,355,0.0,0,0,25.4525,0.105,0
145,230,171,20,840,1.95,1,1,25.9875,0.57,2
0,0,0,0,355,0.0,0,0,25.33,0.0775,0
0,0,0,0,895,-3.173076923,0,0,25.925,0.0575,0
0,0,0,0,390,-1.615384615,0,0,25.455,0.0675,0
0,0,0,0,360,0.088461538,0,0,25.0175,0.0574999999999999,0
148,236,180,11,870,1.938461538,1,1,26.1425,0.085,3
17,20,75,52,355,0.0,0,0,25.3275,0.07,0
14,17,67,49,355,0.0,0,0,25.5975,0.0775,0
0,0,0,0,845,-2.573076923,0,0,25.8425,0.06,0
0,0,0,0,350,-0.042307692,0,0,25.5475,0.0725,0
0,0,0,0,370,-0.165384615,0,0,25.3475,0.0625,0
6,7,33,21,345,0.0,0,0,25.035,0.065,0
7,8,37,24,355,0.0,0,0,25.0325,0.0675,0
120,36,65,46,360,0.034615385,0,0,25.375,0.805,1
0,0,0,0,350,-0.157692308,0,0,25.5025,0.0775,0
0,0,0,0,360,-0.053846154,0,0,25.265,0.055,0
0,0,0,0,390,-1.061538462,0,0,25.44,0.065,0
0,0,0,0,365,-0.076923077,0,0,25.3925,0.0575,0
12,14,58,40,360,-0.003846154,0,0,25.22,0.065,0
0,0,0,0,360,0.023076923,0,0,25.1725,0.06,0
11,12,53,36,355,-0.065384615,0,0,25.16,0.065,0
11,13,54,38,360,0.057692308,0,0,25.25,0.0675,0
3,3,18,13,360,0.073076923,0,0,25.0325,0.0575,0
0,0,0,0,355,-0.069230769,0,0,25.47,0.07,0
10,11,49,34,360,0.096153846,0,0,25.19,0.065,0
0,0,0,0,355,0.0,0,0,25.44,0.0725,0
0,0,0,0,355,-0.011538462,0,0,25.44,0.0875,0
0,0,0,0,770,-2.226923077,0,0,25.78,0.0675,0
0,0,0,0,380,-0.25,0,0,25.4075,0.0625,0
123,35,58,44,410,0.607692308,1,0,25.065,0.2075,1
0,0,0,0,630,-1.665384615,0,0,25.61,0.0675,0
0,0,0,0,385,-0.046153846,0,0,25.4525,0.0574999999999999,0
150,235,186,10,1025,1.953846154,0,1,26.205,0.1674999999999999,3
7,7,36,24,360,0.011538462,0,0,25.0975,0.065,0
0,0,0,0,500,-1.880769231,0,0,25.5975,0.0625,0
0,0,0,0,350,-0.111538462,0,0,25.25,0.07,0
17,20,74,53,355,0.0,0,0,25.4375,0.0675,0
0,0,5,4,350,0.0,0,0,24.985,0.07,0
0,0,0,0,355,0.0,0,0,25.1575,0.07,0
6,6,33,22,350,0.0,0,0,25.015,0.07,0
6,6,32,21,360,0.0,0,0,25.0,0.07,0
120,25,48,35,415,-1.761538462,0,0,26.11,0.135,1
16,19,70,49,355,0.0,0,0,25.315,0.07,0
19,23,100,61,975,0.6,0,0,26.265,0.06,0
0,0,0,0,650,-2.184615385,0,0,25.6275,0.07,0
5,5,29,20,360,0.0,0,0,24.9675,0.0625,0
0,0,0,0,355,0.107692308,0,0,25.5025,0.075,0
0,0,0,0,350,0.084615385,0,0,25.5025,0.065,0
0,0,0,0,355,0.0,0,0,25.3625,0.075,0
114,19,179,7,1035,0.426923077,1,0,26.1875,0.2525,2
0,0,0,0,370,-0.257692308,0,0,25.375,0.0625,0
0,0,0,0,355,0.023076923,0,0,25.5325,0.07,0
147,231,175,21,800,1.011538462,0,1,25.955,0.095,2
149,234,185,10,955,2.142307692,0,0,26.1725,0.1375,3
146,231,173,20,820,-0.080769231,1,1,25.9875,0.495,2
0,0,0,0,355,-0.026923077,0,0,25.1125,0.065,0
5,5,25,18,355,0.146153846,0,0,24.9675,0.06,0
164,255,277,71,900,1.461538462,1,1,26.3275,0.195,3
5,5,26,18,360,0.111538462,0,0,24.985,0.0625,0
10,12,49,35,355,0.0,0,0,25.19,0.0725,0
148,234,178,10,970,4.173076923,1,0,26.235,0.2675,3
150,235,185,10,885,3.211538462,0,0,26.1575,1.9375,3
14,16,61,44,355,0.0,0,0,25.2825,0.0675,0
0,0,0,0,360,0.065384615,0,0,25.0025,0.0625,0
0,0,0,0,375,0.0,0,0,25.33,0.055,0
115,25,38,22,615,0.253846154,1,0,25.9375,0.52,1
0,0,0,0,360,-0.069230769,0,0,25.1875,0.065,0
145,230,170,19,830,1.638461538,1,1,25.9875,0.2175,2
0,0,0,0,355,0.0,0,0,25.1875,0.07,0
114,19,180,7,1035,-0.196153846,0,0,26.1725,0.09,2
5,5,29,17,655,2.888461538,0,1,25.86,0.1974999999999999,3
0,0,0,0,355,0.134615385,0,0,25.485,0.07,0
10,11,56,35,370,0.184615385,1,1,25.5175,0.49,3
0,0,0,0,435,-1.223076923,0,0,25.515,0.06,0
6,7,35,24,355,0.019230769,0,0,25.5975,0.0775,0
0,0,0,0,955,-2.261538462,0,0,25.97,0.0574999999999999,0
116,20,24,15,535,0.719230769,1,0,26.1875,0.6025,1
114,19,179,7,1045,-0.361538462,0,0,26.1725,0.08,2
0,0,0,0,820,-3.084615385,0,0,25.8625,0.06,0
0,0,0,0,595,-2.103846154,0,0,25.6425,0.06,0
0,0,0,0,1055,-4.676923077,0,0,26.1125,0.0575,0
0,0,0,0,385,0.0,0,0,25.455,0.065,0
0,0,0,0,365,0.0,0,0,25.3475,0.0625,0
0,0,0,0,380,-0.242307692,0,0,25.4075,0.0574999999999999,0
0,0,0,0,840,0.419230769,0,0,25.94,0.0875,0
0,0,0,0,355,0.153846154,0,0,25.455,0.075,0
0,0,0,0,750,-2.161538462,0,0,25.7825,0.06,0
150,240,180,12,835,1.684615385,1,1,26.0625,0.11,3
0,0,0,0,355,0.0,0,0,25.2825,0.065,0
0,0,0,0,895,-3.219230769,0,0,25.91,0.0575,0
0,0,0,0,345,0.0,0,0,24.985,0.065,0
10,13,56,35,370,1.184615385,0,0,25.6425,0.295,3
6,8,36,23,555,3.388461538,0,0,25.8275,0.08,3
0,0,0,0,370,-0.084615385,0,0,25.375,0.065,0
0,0,0,0,430,-1.080769231,0,0,25.5325,0.0625,0
13,14,58,40,355,0.0,0,0,25.2375,0.0725,0
146,230,174,21,800,1.692307692,0,0,25.955,0.285,2
5,6,29,21,350,-1.23e-17,0,0,25.58,0.07,0
6,6,33,22,360,0.0,0,0,25.05,0.06,0
6,6,32,20,360,0.0,0,0,24.9675,0.06,0
0,0,0,0,785,-1.942307692,0,0,25.8125,0.0575,0
11,12,60,44,485,-1.830769231,0,0,26.125,0.07,0
0,0,0,0,360,0.030769231,0,0,25.0,0.0625,0
163,247,269,69,850,5.015384615,1,1,26.44,1.4275000000000002,3
0,0,0,0,725,-2.165384615,0,0,25.765,0.0625,0
6,6,33,22,350,0.0,0,0,25.05,0.075,0
8,9,42,29,355,-0.15,0,0,25.065,0.0625,0
10,10,53,33,380,0.457692308,0,1,25.7825,0.7474999999999999,3
0,0,0,0,355,-0.092307692,0,0,24.97,0.0625,0
0,0,0,0,390,-1.45,0,0,25.485,0.06,0
150,239,181,11,1195,1.580769231,0,0,26.625,0.3225,3
0,0,0,0,465,-0.980769231,0,0,25.53,0.0574999999999999,0
124,38,70,51,365,0.3,1,0,25.4375,0.2775,1
4,4,20,14,360,-0.026923077,0,0,25.0475,0.0575,0
0,0,0,0,645,-2.207692308,0,0,25.6725,0.06,0
0,0,0,0,460,-2.276923077,0,0,25.565,0.055,0
6,8,36,25,350,-0.226923077,0,0,25.5975,0.0725,0
148,235,179,11,875,2.273076923,1,1,26.22,0.5375000000000001,3
0,0,0,0,365,0.026923077,0,0,25.3325,0.06,0
0,0,0,0,355,0.015384615,0,0,25.47,0.0725,0
14,18,69,49,355,0.0,0,0,25.5825,0.0725,0
6,6,32,22,350,0.0,0,0,25.015,0.0725,0
149,234,185,10,965,2.065384615,0,1,26.22,0.2399999999999999,3
15,18,69,49,355,0.0,0,0,25.345,0.0725,0
4,4,20,14,345,0.0,0,0,24.9525,0.065,0
0,0,1,0,345,0.0,0,0,24.9675,0.065,0
14,15,72,53,585,-2.380769231,0,0,26.1725,0.0675,0
0,0,0,0,365,0.0,0,0,25.3775,0.0625,0
0,0,0,0,380,-0.261538462,0,0,25.41,0.0625,0
0,0,0,0,620,-2.080769231,0,0,25.6425,0.0625,0
17,20,75,54,355,0.0,0,0,25.4825,0.0725,0
5,6,30,22,355,0.161538462,0,0,25.595,0.0725,0
0,0,0,0,350,-0.053846154,0,0,25.5175,0.0675,0
0,0,0,0,370,0.0,0,0,25.33,0.0575,0
0,0,0,0,360,-0.053846154,0,0,25.1275,0.0574999999999999,0
159,247,224,64,660,0.492307692,1,1,26.39,1.505,3
10,10,47,32,355,0.092307692,0,0,25.1425,0.065,0
0,0,0,0,350,0.046153846,0,0,25.5175,0.07,0
118,21,26,20,515,1.6,0,0,26.1875,0.105,1
5,5,29,20,350,0.0,0,0,24.9675,0.0775,0
0,0,0,0,930,-2.869230769,0,0,25.94,0.06,0
0,0,0,0,350,-0.157692308,0,0,25.4875,0.0725,0
0,0,4,3,355,-0.030769231,0,0,24.9675,0.0625,0
0,0,0,0,370,-0.138461538,0,0,25.3625,0.06,0
115,25,40,23,620,0.6,0,0,25.92,0.0825,1
155,242,190,60,645,0.426923077,1,0,26.315,0.42,2
0,0,0,0,560,-2.203846154,0,0,25.595,0.0775,0
0,0,0,0,355,0.1,0,0,25.5025,0.075,0
7,9,38,28,355,0.0,0,0,25.6275,0.09,0
119,24,199,18,565,1.569230769,0,1,25.97,0.495,2
119,24,198,18,570,2.011538462,1,0,25.97,0.6100000000000001,2
0,0,0,0,770,-2.465384615,0,0,25.7675,0.065,0
117,26,189,20,655,1.069230769,0,0,25.97,0.13,2
12,12,59,44,525,-0.35,0,0,26.11,0.095,0
0,0,0,0,375,-0.3,0,0,25.36,0.06,0
0,0,0,0,360,0.046153846,0,0,25.1425,0.0625,0
162,247,228,70,815,7.380769231,1,1,26.455,0.7225,3
0,0,0,0,360,-0.046153846,0,0,25.095,0.06,0
3,3,17,12,350,0.0,0,0,24.9675,0.07,0
1,1,9,5,350,0.0,0,0,24.9675,0.0725,0
0,0,0,0,365,-0.042307692,0,0,25.2025,0.0625,0
8,9,42,29,355,0.0,0,0,25.0475,0.0675,0
0,0,0,0,565,-1.942307692,0,0,25.565,0.0625,0
0,0,0,0,355,-0.030769231,0,0,25.1125,0.0725,0
7,8,39,26,360,0.0,0,0,25.0475,0.06,0
4,4,20,14,360,0.065384615,0,0,24.9375,0.0625,0
0,0,0,0,590,-2.807692308,0,0,25.61,0.0574999999999999,0
0,0,0,0,355,3.08e-18,0,0,25.4225,0.075,0
5,5,24,17,345,0.0,0,0,24.97,0.0675,0
0,0,0,0,380,-0.269230769,0,0,25.4225,0.0574999999999999,0
0,0,0,0,360,0.0,0,0,25.095,0.0675,0
117,23,190,12,685,2.7,0,1,26.0175,0.4025,2
5,5,29,20,360,0.046153846,0,0,24.985,0.0625,0
1,1,10,6,360,0.030769231,0,0,25.0175,0.0675,0
17,20,77,55,355,0.0,0,0,25.58,0.0725,0
114,19,180,7,1020,0.569230769,0,0,26.1275,0.09,2
0,0,0,0,350,0.026923077,0,0,25.5025,0.0725,0
0,0,0,0,375,-0.030769231,0,0,25.3475,0.0625,0
0,0,0,0,360,0.030769231,0,0,25.1275,0.0574999999999999,0
0,0,0,0,355,0.057692308,0,0,25.5175,0.075,0
5,6,30,20,360,0.0,0,0,24.9825,0.0574999999999999,0
2,2,14,9,355,0.038461538,0,0,24.9525,0.0625,0
4,5,24,15,355,-0.019230769,0,0,25.5975,0.0675,0
0,0,5,3,355,-0.138461538,0,0,25.035,0.06,0
14,16,62,44,355,0.0,0,0,25.315,0.075,0
0,0,0,0,360,0.0,0,0,25.1275,0.065,0
0,0,0,0,345,0.0,0,0,25.205,0.065,0
2,2,11,8,350,-0.030769231,0,0,25.58,0.0725,0
1,1,8,5,350,0.0,0,0,25.595,0.07,0
0,0,0,0,355,0.011538462,0,0,24.9525,0.0625,0
6,6,34,22,360,0.0,0,0,24.9675,0.0625,0
147,233,176,23,810,1.592307692,1,1,25.955,0.1025,2
119,24,195,16,585,1.461538462,1,1,25.97,1.0424999999999998,2
14,18,82,51,715,-2.55,0,0,26.0,0.0675,0
0,0,0,0,380,-0.215384615,0,0,25.36,0.0574999999999999,0
14,15,60,44,355,0.0,0,0,25.3125,0.0725,0
14,17,80,49,675,-1.807692308,0,0,25.97,0.0625,0
0,0,0,0,385,-0.046153846,0,0,25.425,0.065,0
6,6,32,20,360,0.0,0,0,24.9825,0.065,0
160,249,78,58,600,1.638461538,1,1,26.2325,0.62,2
10,10,49,33,355,-0.092307692,0,0,25.175,0.06,0
2,2,11,8,350,-0.026923077,0,0,25.58,0.0725,0
0,0,0,0,355,0.0,0,0,25.4225,0.0725,0
157,244,76,59,590,1.842307692,1,0,26.045,0.4425,2
0,0,0,0,560,-1.780769231,0,0,25.6275,0.0625,0
8,8,33,29,435,2.5,0,1,25.845,0.0875,3
19,23,84,60,355,0.0,0,0,25.55,0.0725,0
118,23,190,13,670,3.138461538,0,0,26.0025,0.8025,2
118,24,192,14,625,2.146153846,0,0,25.97,0.1699999999999999,2
0,0,2,1,350,-0.134615385,0,0,25.0325,0.07,0
14,16,63,45,360,-0.007692308,0,0,25.315,0.0625,0
0,0,0,0,385,-0.146153846,0,0,25.455,0.06,0
0,0,0,0,390,-0.546153846,0,0,25.4375,0.06,0
3,3,16,11,350,0.0,0,0,24.97,0.0775,0
0,0,0,0,355,0.023076923,0,0,25.4225,0.0725,0
0,0,0,0,380,0.0,0,0,25.4075,0.07,0
0,0,0,0,835,-0.007692308,0,0,25.91,0.06,0
6,6,30,20,345,0.0,0,0,25.0025,0.0625,0
0,0,0,0,355,0.046153846,0,0,25.41,0.07,0
150,234,185,10,985,2.019230769,1,1,26.22,0.3475,3
0,0,0,0,350,-0.253846154,0,0,25.2675,0.0975,0
0,0,0,0,355,0.096153846,0,0,25.44,0.0675,0
0,0,0,0,345,0.0,0,0,24.97,0.065,0
141,227,174,10,1245,2.184615385,1,1,26.785,0.755,3
146,230,171,20,835,1.996153846,1,1,25.9875,0.4225,2
8,10,43,31,355,0.0,0,0,25.6125,0.07,0
155,235,71,54,510,2.723076923,1,1,25.4375,1.16,2
2,2,11,7,350,0.0,0,0,24.9675,0.0725,0
20,24,85,63,355,0.0,0,0,25.5325,0.0775,0
12,13,61,45,540,-0.396153846,0,0,26.1725,0.3324999999999999,0
0,0,0,0,385,0.0,0,0,25.4075,0.065,0
0,0,0,0,755,-2.423076923,0,0,25.7975,0.06,0
0,0,0,0,350,-0.165384615,0,0,25.455,0.0725,0
0,0,0,0,380,-0.161538462,0,0,25.4375,0.06,0
3,3,16,10,360,0.023076923,0,0,25.0475,0.0675,0
150,241,187,12,775,3.076923077,0,0,26.0625,0.5950000000000001,3
4,5,23,15,355,0.05,0,0,24.9525,0.065,0
0,0,0,0,350,-0.042307692,0,0,25.5025,0.0675,0
6,7,34,22,360,0.0,0,0,25.05,0.06,0
0,0,0,0,370,0.0,0,0,25.295,0.06,0
15,17,67,47,355,0.0,0,0,25.3,0.0675,0
124,37,66,48,360,0.0,0,0,25.4225,0.305,1
0,0,0,0,360,0.003846154,0,0,25.1425,0.06,0
0,0,0,0,360,-0.034615385,0,0,25.065,0.0574999999999999,0
0,0,0,0,460,-1.011538462,0,0,25.53,0.0575,0
6,7,35,22,360,-0.019230769,0,0,25.05,0.06,0
14,14,68,49,630,0.338461538,0,0,26.1875,0.0725,0
0,0,0,0,365,-0.092307692,0,0,25.28,0.0574999999999999,0
0,0,0,0,825,-1.423076923,0,0,25.8625,0.0625,0
0,0,0,0,360,-0.046153846,0,0,25.1575,0.0625,0
0,0,0,0,1015,-4.2,0,0,26.0475,0.0575,0
156,239,64,50,445,0.719230769,0,1,25.345,0.32,2
19,23,80,59,355,0.0,0,0,25.5175,0.0849999999999999,0
0,0,0,0,915,-3.057692308,0,0,25.8925,0.0625,0
0,0,0,0,450,-1.746153846,0,0,25.455,0.0625,0
115,25,38,21,620,0.296153846,0,0,25.955,0.065,1
0,0,0,0,355,-0.046153846,0,0,25.485,0.075,0
123,38,70,50,375,0.3,1,0,25.535,0.345,1
0,0,0,0,470,-0.884615385,0,0,25.485,0.0625,0
0,0,0,0,390,-0.080769231,0,0,25.4675,0.0574999999999999,0
0,0,0,0,355,0.092307692,0,0,25.485,0.0675,0
1,1,9,5,355,0.053846154,0,0,25.0325,0.0625,0
0,0,0,0,355,0.0,0,0,25.2175,0.0725,0
0,0,0,0,390,-0.926923077,0,0,25.4675,0.055,0
0,0,0,0,890,-3.55,0,0,25.875,0.0625,0
0,0,0,0,360,0.0,0,0,25.2025,0.06,0
0,0,0,0,370,0.0,0,0,25.3925,0.0574999999999999,0
0,0,0,0,355,-0.111538462,0,0,25.5325,0.075,0
150,239,182,11,1195,-0.161538462,1,1,26.6875,0.8125,3
155,233,75,57,555,2.896153846,1,1,25.53,0.3975,2
12,14,54,39,355,0.0,0,0,25.2675,0.07,0
0,0,5,3,350,-0.107692308,0,0,25.0175,0.0675,0
0,0,0,0,375,0.0,0,0,25.33,0.0574999999999999,0
0,0,0,0,345,0.0,0,0,25.095,0.0675,0
5,6,29,20,345,0.0,0,0,24.9875,0.065,0
157,244,76,59,595,1.246153846,0,0,26.0025,0.345,2
150,238,181,10,1210,-0.407692308,1,1,26.7825,1.065,3
0,0,0,0,495,-1.515384615,0,0,25.58,0.0625,0
13,15,59,42,355,0.0,0,0,25.2525,0.07,0
148,235,179,11,890,2.880769231,1,1,26.5,0.73,3
0,0,0,0,365,0.0,0,0,25.235,0.0625,0
0,0,0,0,760,-2.184615385,0,0,25.75,0.0625,0
18,20,76,54,355,0.0,0,0,25.36,0.075,0
0,0,5,4,350,0.0,0,0,25.0,0.08,0
5,7,33,23,350,0.161538462,0,0,25.5975,0.07,0
0,0,0,0,350,-6.16e-18,0,0,25.5025,0.0725,0
0,0,0,0,370,0.0,0,0,25.3625,0.055,0
0,0,3,2,355,-0.011538462,0,0,24.985,0.0625,0
0,0,4,3,355,-0.080769231,0,0,25.05,0.06,0
9,10,45,30,355,-0.103846154,0,0,25.145,0.065,0
0,0,0,0,505,-1.65,0,0,25.58,0.06,0
150,237,180,11,1165,3.153846154,0,0,26.345,0.4125,3
1,1,6,5,350,0.0,0,0,25.58,0.0725,0
2,2,11,7,360,0.011538462,0,0,25.0175,0.0625,0
165,256,277,73,910,1.461538462,0,1,26.4075,0.1425,3
0,0,0,0,355,-0.003846154,0,0,25.455,0.0725,0
119,32,65,40,575,-0.761538462,0,0,25.9225,0.305,1
149,234,185,10,950,2.980769231,0,0,26.19,0.12,3
156,243,80,61,640,0.526923077,1,0,26.33,0.3275,2
0,0,0,0,475,-1.342307692,0,0,25.58,0.06,0
17,20,75,54,355,0.0,0,0,25.4225,0.0725,0
0,0,0,0,615,-1.9,0,0,25.6575,0.06,0
121,35,65,46,360,0.1,0,0,25.36,0.45,1
142,226,172,10,1225,0.838461538,0,1,26.72,0.5025,3
6,6,32,21,350,0.0,0,0,25.0175,0.0725,0
0,0,0,0,655,-2.434615385,0,0,25.675,0.0575,0
10,12,51,35,360,0.103846154,0,0,25.22,0.07,0
0,0,0,0,345,-0.126923077,0,0,25.25,0.065,0
118,24,193,14,610,1.75,1,1,25.9875,1.2400000000000002,2
5,5,27,18,360,0.1,0,0,24.97,0.06,0
16,20,70,50,355,0.0,0,0,25.4075,0.0675,0
117,27,45,26,610,0.626923077,0,0,25.92,0.0625,1
0,0,0,0,380,0.0,0,0,25.3925,0.0625,0
5,7,24,22,595,3.65,0,0,25.845,0.3,3
0,0,0,0,575,-1.746153846,0,0,25.6125,0.06,0
14,16,65,46,360,0.084615385,0,0,25.2825,0.065,0
0,0,0,0,550,-2.057692308,0,0,25.61,0.06,0
0,0,0,0,420,-1.184615385,0,0,25.455,0.0625,0
14,16,64,45,360,-0.065384615,0,0,25.315,0.065,0
0,0,0,0,420,-1.230769231,0,0,25.5175,0.06,0
0,0,0,0,665,-1.903846154,0,0,25.6725,0.0625,0
10,12,51,35,360,0.192307692,0,0,25.22,0.0625,0
0,0,0,0,350,-0.169230769,0,0,25.5175,0.0775,0
2,2,14,9,360,-0.080769231,0,0,25.035,0.06,0
0,0,0,0,465,-1.965384615,0,0,25.55,0.055,0
9,11,50,30,385,0.526923077,1,1,25.7825,0.4225,3
0,0,0,0,360,-0.103846154,0,0,25.2975,0.0625,0
3,3,19,12,755,2.865384615,1,1,25.8925,0.135,3
6,7,32,21,345,0.0,0,0,24.9875,0.065,0
160,244,75,56,650,1.769230769,1,1,26.2975,0.985,2
0,0,0,0,830,-1.469230769,0,0,25.8125,0.06,0
114,19,180,7,1030,0.423076923,0,0,26.1275,0.77,2
17,20,75,53,355,0.0,0,0,25.4075,0.075,0
8,10,41,30,355,0.0,0,0,25.6275,0.0725,0
0,0,0,0,370,-0.042307692,0,0,25.2975,0.0575,0
123,35,60,45,435,0.953846154,0,0,25.1575,0.0875,1
10,12,49,36,355,0.0,0,0,25.6125,0.07,0
119,29,53,32,595,0.365384615,1,0,25.9225,0.1775,1
7,8,38,25,355,0.0,0,0,25.045,0.0675,0
0,0,0,0,355,0.0,0,0,25.2825,0.0675,0
0,0,0,0,350,-0.042307692,0,0,25.5025,0.0725,0
114,19,180,7,1020,-0.553846154,0,0,26.1575,0.2025,2
0,0,0,0,390,-0.873076923,0,0,25.5025,0.06,0
0,0,0,0,360,-0.030769231,0,0,25.1725,0.0625,0
117,26,192,21,630,0.373076923,0,0,25.955,0.2425,2
0,0,0,0,390,0.0,0,0,25.47,0.065,0
5,6,29,20,345,0.0,0,0,24.9875,0.0675,0
0,0,0,0,665,-3.084615385,0,0,25.6425,0.0625,0
0,0,0,0,370,-0.003846154,0,0,25.3625,0.06,0
9,9,43,29,355,-0.076923077,0,0,25.1275,0.0625,0
0,0,0,0,700,-2.115384615,0,0,25.72,0.0574999999999999,0
2,2,12,7,345,0.0,0,0,24.9675,0.0675,0
4,4,22,15,355,0.05,0,0,24.97,0.0625,0
6,6,39,24,520,2.257692308,1,1,25.8275,0.0925,3
0,0,0,0,890,-2.865384615,0,0,25.91,0.0625,0
2,2,13,8,350,0.0,0,0,24.9675,0.07,0
142,226,7,8,830,-0.292307692,0,1,25.9875,0.285,2
0,0,0,0,355,0.173076923,0,0,25.08,0.06,0
114,19,179,7,1040,-0.092307692,0,0,26.1875,0.29,2
18,22,81,59,355,0.0,0,0,25.5975,0.0775,0
5,5,29,20,360,0.0,0,0,25.08,0.0625,0
0,0,0,0,355,0.011538462,0,0,25.44,0.0725,0
5,5,26,18,360,0.061538462,0,0,24.985,0.065,0
13,14,59,41,355,-0.053846154,0,0,25.2675,0.0675,0
116,24,180,12,735,1.434615385,0,1,26.0,0.85,2
0,0,0,0,380,-0.111538462,0,0,25.39,0.0675,0
142,225,170,10,1215,0.042307692,1,0,26.77,0.9975,3
17,20,76,54,355,0.0,0,0,25.4525,0.0725,0
6,6,31,21,360,0.0,0,0,25.05,0.06,0
0,0,0,0,380,-0.261538462,0,0,25.4075,0.06,0
5,6,31,20,360,0.0,0,0,24.9675,0.0574999999999999,0
0,0,0,0,390,-0.942307692,0,0,25.47,0.0574999999999999,0
3,3,15,11,355,0.019230769,0,0,25.0,0.06,0
13,14,59,42,360,-0.030769231,0,0,25.2675,0.065,0
117,22,185,10,725,1.857692308,1,1,26.0025,0.92,2
0,0,0,0,355,0.05,0,0,25.44,0.07,0
0,0,0,0,355,-0.119230769,0,0,25.315,0.0625,0
162,249,227,70,840,8.661538462,1,1,26.47,1.8975,3
10,10,54,40,455,-1.407692308,0,0,26.0775,0.0625,0
11,13,54,38,360,-0.061538462,0,0,25.2375,0.0675,0
149,237,180,11,865,1.8,0,0,26.1125,0.205,3
0,0,0,0,370,-0.284615385,0,0,25.345,0.1725,0
9,10,43,30,355,0.0,0,0,25.0775,0.0725,0
11,13,52,35,355,0.0,0,0,25.22,0.065,0
8,9,40,28,355,0.0,0,0,25.0625,0.07,0
0,0,0,0,350,-0.092307692,0,0,25.25,0.06,0
0,0,0,0,665,-2.4,0,0,25.705,0.06,0
0,0,0,0,445,-1.796153846,0,0,25.5,0.06,0
11,13,54,39,355,-0.092307692,0,0,25.2525,0.065,0
0,0,0,0,360,0.0,0,0,25.25,0.0675,0
13,14,57,41,355,0.0,0,0,25.2525,0.0675,0
6,6,31,21,345,0.0,0,0,24.985,0.065,0
0,0,0,0,650,-2.319230769,0,0,25.69,0.065,0
0,0,0,0,385,-0.223076923,0,0,25.4375,0.06,0
115,25,38,21,630,0.415384615,1,0,25.9225,0.1225,1
0,0,0,0,355,0.003846154,0,0,25.4875,0.07,0
14,15,63,45,355,0.019230769,0,0,25.2525,0.065,0
146,231,175,22,815,1.676923077,1,1,25.955,1.48,2
0,0,0,0,360,-0.057692308,0,0,25.1725,0.0574999999999999,0
8,9,41,29,360,-0.057692308,0,0,25.11,0.0775,0
0,0,0,0,350,-0.023076923,0,0,25.5175,0.0675,0
124,37,70,50,365,0.296153846,1,0,25.4375,0.2175,1
7,7,37,24,355,-0.192307692,0,0,24.985,0.0725,0
0,0,0,0,805,-1.692307692,0,0,25.7975,0.06,0
19,23,83,60,355,0.0,0,0,25.5975,0.075,0
6,6,34,22,360,0.0,0,0,25.015,0.0625,0
14,15,64,45,360,0.138461538,0,0,25.2675,0.0625,0
17,20,75,54,355,0.0,0,0,25.3275,0.0725,0
123,35,65,46,360,0.0,0,0,25.4075,0.4975,1
17,20,75,53,355,0.0,0,0,25.3275,0.125,0
0,0,0,0,370,0.0,0,0,25.345,0.0549999999999999,0
0,0,0,0,375,-0.023076923,0,0,25.3475,0.06,0
117,21,27,20,520,1.7,0,0,26.17,0.3675,1
115,20,22,14,540,0.6,0,0,26.1875,0.0775,1
115,24,180,11,750,1.35,1,1,26.015,0.7174999999999999,2
12,14,57,40,360,-0.084615385,0,0,25.2525,0.0675,0
101,34,57,43,390,-0.188461538,1,1,24.9675,1.3374999999999997,1
0,0,0,0,350,-0.1,0,0,25.455,0.0725,0
149,237,180,12,820,1.534615385,1,1,26.05,0.21,3
0,0,0,0,355,-0.007692308,0,0,25.0025,0.06,0
7,8,37,24,355,0.0,0,0,25.03,0.0675,0
14,14,70,51,635,-1.584615385,0,0,26.1575,0.0625,0
0,0,3,2,345,0.0,0,0,24.9675,0.0675,0
0,0,0,0,355,0.0,0,0,25.47,0.0725,0
0,0,0,0,360,0.069230769,0,0,25.11,0.0574999999999999,0
9,9,43,29,360,-0.161538462,0,0,25.0775,0.065,0
0,0,0,0,390,-0.642307692,0,0,25.485,0.06,0
12,15,61,45,355,0.0,0,0,25.5975,0.0725,0
115,24,178,11,750,1.173076923,0,1,26.03,0.0625,2
11,11,58,42,485,-1.938461538,0,0,26.0925,0.075,0
0,0,0,0,350,-0.1,0,0,25.4725,0.075,0
148,234,179,10,1055,2.776923077,0,0,26.25,0.5175000000000001,3
0,0,5,3,350,-0.115384615,0,0,25.0025,0.07,0
0,0,0,0,365,0.0,0,0,25.315,0.0575,0
115,25,38,21,615,0.226923077,0,0,25.92,0.065,1
0,0,0,0,365,-0.165384615,0,0,25.3775,0.0625,0
116,25,40,23,620,0.519230769,0,0,25.9225,0.0625,1
7,8,38,25,355,0.0,0,0,25.03,0.07,0
119,24,199,18,565,1.603846154,0,0,25.985,0.6525,2
0,0,0,0,355,0.023076923,0,0,25.44,0.0725,0
0,0,0,0,370,-0.180769231,0,0,25.28,0.0575,0
5,6,30,20,350,0.0,0,0,24.985,0.075,0
160,251,81,60,535,4.561538462,0,0,25.9075,0.6775,2
0,0,0,0,360,-0.265384615,0,0,25.33,0.065,0
155,242,79,60,640,0.819230769,0,0,26.33,0.065,2
118,23,190,13,670,3.219230769,0,0,26.035,0.8175,2
0,0,0,0,355,0.0,0,0,25.425,0.07,0
0,0,0,0,375,-0.261538462,0,0,25.375,0.065,0
4,5,24,16,350,-0.003846154,0,0,25.5975,0.07,0
5,5,24,17,355,0.080769231,0,0,25.6125,0.0775,0
5,5,25,17,360,0.0,0,0,25.05,0.055,0
6,6,31,20,350,0.0,0,0,25.03,0.075,0
0,0,0,0,360,-0.034615385,0,0,25.1275,0.06,0
17,20,73,53,355,0.0,0,0,25.4525,0.07,0
4,4,22,15,360,0.015384615,0,0,24.9525,0.065,0
13,16,80,49,595,-3.696153846,0,0,25.9225,0.06,0
117,19,183,7,1040,-0.096153846,0,1,26.2025,1.89,2
16,20,74,54,355,0.0,0,0,25.5825,0.07,0
0,0,0,0,760,-2.042307692,0,0,25.7975,0.06,0
0,0,0,0,355,0.015384615,0,0,24.9825,0.0625,0
13,16,79,49,655,-1.734615385,0,0,25.9225,0.0849999999999999,0
3,4,20,14,350,-0.003846154,0,0,25.6275,0.075,0
0,0,0,0,360,0.0,0,0,25.1275,0.0625,0
0,0,1,1,360,0.023076923,0,0,25.065,0.0625,0
0,0,0,0,565,-2.192307692,0,0,25.61,0.0625,0
2,3,12,10,760,1.819230769,1,1,25.9075,0.44,3
116,20,24,16,525,0.842307692,0,0,26.185,0.2625,1
10,10,46,32,355,0.0,0,0,25.1725,0.0725,0
10,10,53,33,370,0.876923077,0,1,25.6725,0.1275,3
3,3,19,12,740,2.707692308,1,0,25.9075,0.3725,3
5,5,22,15,345,0.0,0,0,24.9525,0.07,0
0,0,0,0,355,0.0,0,0,25.2025,0.065,0
6,7,34,22,345,0.0,0,0,25.0,0.07,0
4,4,20,14,350,0.0,0,0,24.92,0.0775,0
147,232,175,21,800,0.826923077,1,1,25.97,0.225,2
1,1,8,5,350,0.0,0,0,25.58,0.075,0
0,0,0,0,360,0.030769231,0,0,25.1425,0.06,0
0,0,0,0,675,-2.153846154,0,0,25.69,0.065,0
10,10,48,33,355,0.0,0,0,25.16,0.0675,0
157,244,82,63,650,1.026923077,0,0,26.2375,0.3725,2
4,4,21,14,360,7.7e-19,0,0,25.05,0.06,0
0,0,5,3,345,0.0,0,0,24.9525,0.07,0
0,0,0,0,345,0.0,0,0,25.25,0.0625,0
148,235,179,10,905,2.157692308,1,1,26.3125,0.9475,3
0,0,0,0,365,-0.153846154,0,0,25.3775,0.06,0
0,0,0,0,365,-0.126923077,0,0,25.3925,0.0575,0
0,0,0,0,445,-1.523076923,0,0,25.47,0.065,0
164,253,269,70,885,1.503846154,1,1,26.425,0.9225,2
0,0,2,1,355,0.023076923,0,0,24.9675,0.06,0
0,0,0,0,350,-0.05,0,0,25.4875,0.07,0
11,12,59,44,510,-1.469230769,0,0,26.125,0.0625,0
7,7,36,24,355,-0.180769231,0,0,24.9675,0.0725,0
6,6,32,22,350,0.0,0,0,25.015,0.0824999999999999,0
6,6,31,20,345,0.0,0,0,25.0025,0.065,0
0,0,0,0,375,-0.026923077,0,0,25.3475,0.06,0
150,235,185,10,895,3.815384615,0,0,26.1575,0.6124999999999999,3
160,249,77,58,445,2.088461538,1,0,25.8,0.3774999999999999,2
6,7,35,24,355,-0.111538462,0,0,25.5975,0.07,0
0,0,0,0,370,0.0,0,0,25.28,0.0625,0
1,1,10,6,355,0.042307692,0,0,24.985,0.0675,0
18,22,81,59,355,0.0,0,0,25.5825,0.0725,0
6,6,32,21,350,0.0,0,0,25.0325,0.08,0
0,0,0,0,365,-0.176923077,0,0,25.28,0.0574999999999999,0
0,0,0,0,655,-2.442307692,0,0,25.69,0.06,0
18,21,75,55,355,0.0,0,0,25.485,0.0725,0
0,0,0,0,345,-0.253846154,0,0,25.235,0.065,0
3,3,16,10,350,0.0,0,0,24.9525,0.075,0
5,5,26,19,350,-0.215384615,0,0,25.58,0.0775,0
6,6,33,22,350,0.0,0,0,25.0825,0.1175,0
0,0,0,0,365,-0.015384615,0,0,25.2025,0.0574999999999999,0
0,0,0,0,350,0.138461538,0,0,25.5025,0.07,0
6,7,33,21,345,0.0,0,0,25.035,0.07,0
0,0,0,0,385,-0.184615385,0,0,25.455,0.06,0
0,0,0,0,350,-0.126923077,0,0,25.5175,0.08,0
4,4,20,14,360,-0.003846154,0,0,25.065,0.06,0
5,6,31,21,360,0.0,0,0,24.9825,0.0625,0
0,0,0,0,355,-0.234615385,0,0,25.265,0.0675,0
0,0,0,0,710,-1.907692308,0,0,25.72,0.0625,0
164,251,267,70,875,1.319230769,0,1,26.4525,0.07,3
115,25,38,21,625,0.361538462,1,0,25.9225,0.0825,1
9,10,45,30,355,-0.088461538,0,0,25.1125,0.06,0
12,12,60,44,530,-0.184615385,0,0,26.11,0.0625,0
0,0,0,0,1025,-4.696153846,0,0,26.0625,0.065,0
17,21,93,57,815,-2.823076923,0,0,26.1125,0.0625,0
7,7,29,26,475,3.007692308,1,0,25.7975,0.2975,3
0,0,0,0,795,-2.730769231,0,0,25.7975,0.06,0
160,247,80,60,590,1.826923077,1,0,26.2175,0.51,2
0,0,0,0,350,0.092307692,0,0,25.5025,0.075,0
123,35,57,43,425,1.115384615,0,0,25.095,0.0625,1
0,0,0,0,750,-2.123076923,0,0,25.7825,0.06,0
0,0,0,0,360,0.0,0,0,25.235,0.06,0
0,0,5,4,360,0.15,0,0,25.035,0.0625,0
120,34,70,44,580,-1.580769231,0,0,25.94,0.0625,1
0,0,0,0,365,-0.038461538,0,0,25.28,0.06,0
0,0,5,3,350,0.0,0,0,25.58,0.075,0
0,0,0,0,390,-1.557692308,0,0,25.44,0.0625,0
0,0,4,3,350,-0.030769231,0,0,25.0325,0.075,0
0,0,0,0,585,-1.592307692,0,0,25.565,0.0625,0
156,241,79,60,635,2.065384615,1,1,26.1575,0.3724999999999999,2
120,24,42,31,435,0.9,0,0,26.125,0.0675,1
0,0,0,0,360,0.0,0,0,25.0325,0.0625,0
0,0,0,0,375,-0.088461538,0,0,25.3925,0.0625,0
0,0,0,0,580,-1.715384615,0,0,25.6125,0.0575,0
0,0,3,2,355,-0.003846154,0,0,24.97,0.065,0
0,0,0,0,425,-1.403846154,0,0,25.515,0.0574999999999999,0
0,0,0,0,390,-0.073076923,0,0,25.4525,0.0575,0
5,5,25,18,355,-0.092307692,0,0,25.6125,0.07,0
0,0,0,0,355,-0.157692308,0,0,25.095,0.0625,0
0,0,0,0,365,0.0,0,0,25.33,0.07,0
1,1,10,6,355,0.0,0,0,24.9675,0.0625,0
0,0,0,0,350,-0.053846154,0,0,25.5175,0.07,0
7,9,39,28,355,0.0,0,0,25.6275,0.09,0
0,0,0,0,355,0.142307692,0,0,25.4575,0.07,0
8,9,40,27,355,0.0,0,0,25.0625,0.0725,0
117,27,200,24,635,0.25,0,0,25.94,1.3575,2
14,14,69,50,620,0.142307692,0,0,26.1875,0.0675,0
0,0,0,0,875,-3.388461538,0,0,25.9075,0.0575,0
116,20,24,17,525,1.05,0,0,26.155,0.08,1
0,0,0,0,380,-0.276923077,0,0,25.3925,0.0625,0
157,242,68,54,450,0.611538462,0,1,25.3625,0.4674999999999999,2
0,0,0,0,355,0.0,0,0,25.25,0.0775,0
0,0,3,2,350,0.0,0,0,25.565,0.0725,0
12,13,60,44,545,-1.5,0,0,26.1425,0.1275,0
9,8,50,31,420,2.115384615,1,1,25.845,0.165,3
0,0,0,0,360,0.0,0,0,25.08,0.0675,0
0,0,0,0,355,0.026923077,0,0,25.4875,0.0725,0
0,0,0,0,805,-1.607692308,0,0,25.8625,0.0675,0
0,0,0,0,480,-1.738461538,0,0,25.55,0.0625,0
4,5,24,17,355,0.115384615,0,0,25.5975,0.07,0
114,185,151,24,765,1.742307692,1,1,25.8925,0.365,3
150,238,180,10,1205,0.703846154,0,0,26.6575,0.1475,3
20,24,86,63,355,0.0,0,0,25.5975,0.0775,0
118,28,200,25,620,0.076923077,1,0,25.9525,0.455,2
0,0,0,0,350,-0.057692308,0,0,25.47,0.0725,0
0,0,0,0,360,6.16e-18,0,0,25.05,0.06,0
114,24,176,10,775,1.415384615,0,1,26.03,0.1275,2
0,0,0,0,825,-1.434615385,0,0,25.8125,0.0625,0
0,0,0,0,1165,-3.857692308,0,0,26.2825,0.06,0
10,10,54,34,375,0.126923077,0,0,25.735,0.1325,3
0,0,0,0,365,-0.003846154,0,0,25.22,0.065,0
0,0,0,0,370,0.0,0,0,25.3125,0.1025,0
0,0,0,0,1125,-5.384615385,0,0,26.22,0.0625,0
0,0,0,0,460,-1.023076923,0,0,25.53,0.0575,0
2,3,15,10,360,-0.023076923,0,0,25.0325,0.06,0
146,230,170,19,835,1.276923077,1,0,25.9875,0.1425,2
15,15,71,51,660,2.207692308,0,0,26.2825,0.0625,0
10,12,50,36,355,0.0,0,0,25.5975,0.0849999999999999,0
0,0,0,0,365,-0.153846154,0,0,25.3625,0.055,0
0,0,0,0,355,-0.05,0,0,25.1125,0.07,0
6,7,35,23,360,0.0,0,0,24.9825,0.0675,0
164,254,269,74,965,1.603846154,1,1,26.455,0.8500000000000001,3
1,1,8,5,360,0.157692308,0,0,25.0325,0.06,0
163,249,228,69,845,8.946153846,1,1,26.455,0.5725000000000001,3
6,6,33,22,350,0.0,0,0,25.015,0.075,0
0,0,0,0,370,-0.023076923,0,0,25.3775,0.0625,0
0,0,0,0,375,-0.192307692,0,0,25.3775,0.06,0
0,0,0,0,715,-2.173076923,0,0,25.72,0.0575,0
121,34,54,41,390,-0.011538462,0,0,24.9525,0.0725,1
15,19,71,52,355,0.0,0,0,25.5975,0.0675,0
0,0,0,0,385,-0.253846154,0,0,25.4075,0.0625,0
165,255,279,72,880,1.146153846,1,1,26.3125,0.2925,3
10,12,55,35,370,1.153846154,0,0,25.6425,0.3075,3
10,13,54,40,355,0.0,0,0,25.5825,0.0825,0
0,0,0,0,455,-2.280769231,0,0,25.515,0.06,0
149,234,185,10,825,1.930769231,1,1,26.125,0.52,3
0,0,0,0,355,0.169230769,0,0,25.5175,0.07,0
116,21,25,19,520,1.273076923,1,0,26.185,0.085,1
0,0,0,0,370,-0.1,0,0,25.3775,0.06,0
0,0,0,0,355,0.134615385,0,0,25.5025,0.0775,0
0,0,0,0,360,0.015384615,0,0,25.1575,0.06,0
0,0,0,0,365,-0.038461538,0,0,25.28,0.0625,0
164,258,279,72,895,-0.196153846,1,1,26.405,0.4225,2
0,0,0,0,345,-0.126923077,0,0,25.25,0.0675,0
119,24,201,19,565,1.092307692,0,0,26.0175,0.535,2
10,12,51,37,355,0.0,0,0,25.6125,0.0849999999999999,0
150,234,185,10,905,3.853846154,0,1,26.175,0.2674999999999999,3
0,0,0,0,375,-0.207692308,0,0,25.3775,0.0625,0
17,20,75,54,355,0.0,0,0,25.4525,0.155,0
17,20,74,53,355,0.0,0,0,25.36,0.07,0
6,8,35,25,350,-0.280769231,0,0,25.6125,0.075,0
0,0,0,0,355,-0.019230769,0,0,25.455,0.07,0
17,20,76,54,355,0.0,0,0,25.345,0.08,0
0,0,0,0,355,0.034615385,0,0,25.5325,0.07,0
18,22,80,58,355,0.0,0,0,25.5825,0.07,0
0,0,0,0,615,-2.623076923,0,0,25.6425,0.07,0
0,0,0,0,360,0.0,0,0,25.285,0.0625,0
15,17,66,46,355,0.0,0,0,25.2825,0.0675,0
0,0,0,0,485,-1.576923077,0,0,25.5,0.065,0
0,0,0,0,515,-2.011538462,0,0,25.565,0.0575,0
0,0,0,0,360,-0.003846154,0,0,25.1425,0.0574999999999999,0
0,0,0,0,385,-0.203846154,0,0,25.405,0.06,0
0,0,0,0,700,-1.861538462,0,0,25.735,0.0625,0
0,0,0,0,350,0.0,1,0,25.5625,0.075,0
20,24,83,60,355,0.0,0,0,25.515,0.07,0
118,30,57,35,585,1.230769231,0,0,25.9375,0.07,1
5,5,29,20,350,0.0,0,0,24.9675,0.07,0
0,0,0,0,580,-2.284615385,0,0,25.595,0.0574999999999999,0
0,0,0,0,355,0.0,0,0,25.1725,0.0725,0
0,0,0,0,365,-0.084615385,0,0,25.3925,0.06,0
0,0,0,0,355,0.0,0,0,25.2025,0.0725,0
119,35,76,49,595,-2.815384615,0,0,25.94,0.1374999999999999,1
0,0,0,0,1040,-4.969230769,0,0,26.1075,0.06,0
115,25,38,21,625,0.4,0,0,25.94,0.1275,1
123,38,72,52,370,0.211538462,0,0,25.485,0.2624999999999999,1
0,0,0,0,350,0.034615385,0,0,25.5025,0.0725,0
149,236,186,11,810,1.361538462,0,1,26.145,0.325,3
2,2,14,9,360,0.011538462,0,0,24.9675,0.065,0
14,19,85,53,690,-2.769230769,0,0,25.985,0.0675,0
5,7,24,21,580,3.630769231,0,0,25.86,0.0849999999999999,3
14,17,65,47,355,0.0,0,0,25.6125,0.08,0
16,20,73,52,355,0.0,0,0,25.3775,0.075,0
119,24,36,27,470,1.615384615,0,1,26.14,0.065,1
160,248,79,59,445,2.257692308,1,0,25.7975,0.2125,2
7,7,35,24,355,-0.061538462,0,0,25.015,0.0625,0
4,4,20,14,360,-0.019230769,0,0,25.0325,0.06,0
0,0,0,0,1070,-4.35,0,0,26.11,0.06,0
0,0,0,0,355,0.153846154,0,0,25.44,0.0725,0
116,25,188,17,690,2.611538462,1,0,25.97,1.345,2
16,19,71,51,355,0.0,0,0,25.3775,0.09,0
0,0,0,0,555,-1.623076923,0,0,25.5975,0.06,0
0,0,1,1,350,-0.173076923,0,0,25.0675,0.07,0
0,0,0,0,370,0.0,0,0,25.3925,0.06,0
3,3,18,11,760,2.946153846,0,0,25.9075,0.1099999999999999,3
120,26,49,35,415,-1.503846154,0,0,26.11,0.1025,1
0,0,0,0,355,0.15,0,0,25.5175,0.0725,0
14,14,68,49,525,-3.930769231,1,1,26.1725,0.5025000000000001,0
15,18,70,49,355,0.0,0,0,25.36,0.0675,0
119,30,55,35,595,1.673076923,0,0,25.9375,0.065,1
0,0,2,1,360,-0.111538462,0,0,25.05,0.0625,0
0,0,0,0,350,-0.061538462,0,0,25.5175,0.07,0
0,0,0,0,620,-1.992307692,0,0,25.6425,0.0574999999999999,0
150,235,186,10,1010,2.430769231,0,1,26.205,0.16,3
0,0,0,0,940,-2.815384615,0,0,25.9225,0.0625,0
0,0,0,0,1000,-0.880769231,0,0,26.0475,0.0574999999999999,0
0,0,0,0,365,0.0,0,0,25.3625,0.0574999999999999,0
149,240,180,12,830,1.869230769,0,1,26.095,0.125,3
0,0,0,0,355,0.203846154,0,0,25.5175,0.07,0
150,236,186,11,810,1.453846154,1,1,26.125,0.2475,3
0,0,0,0,390,-0.511538462,0,0,25.485,0.0575,0
18,22,81,58,355,0.0,0,0,25.5825,0.07,0
0,0,1,1,355,0.038461538,0,0,24.9675,0.065,0
150,236,186,10,865,2.330769231,0,1,26.1575,0.2925,3
0,0,0,0,360,0.030769231,0,0,24.9675,0.0625,0
149,234,185,11,825,1.996153846,0,1,26.125,1.0475,3
9,10,45,31,355,0.0,0,0,25.125,0.0725,0
2,2,11,7,355,0.026923077,0,0,24.9675,0.0625,0
0,0,0,0,360,0.0,0,0,25.1575,0.065,0
0,0,0,0,355,-0.026923077,0,0,25.455,0.0675,0
0,0,0,0,375,-0.288461538,0,0,25.375,0.06,0
0,0,0,0,365,-0.123076923,0,0,25.31,0.06,0
17,20,74,53,355,0.0,0,0,25.3925,0.07,0
118,24,194,15,595,1.5,0,1,25.9875,0.7100000000000001,2
7,8,37,24,355,-0.126923077,0,0,25.0,0.0675,0
0,0,0,0,360,0.034615385,0,0,25.11,0.0574999999999999,0
0,0,0,0,355,0.0,0,0,25.3125,0.0775,0
0,0,0,0,355,0.003846154,0,0,25.5175,0.0775,0
0,0,0,0,555,-1.888461538,0,0,25.5975,0.0575,0
124,40,75,54,380,0.126923077,1,0,25.565,0.1175,1
3,3,17,12,350,0.0,0,0,24.9525,0.0725,0
121,34,53,40,390,0.388461538,0,0,24.9375,0.175,1
0,0,0,0,515,-1.776923077,0,0,25.565,0.0625,0
0,0,0,0,365,0.0,0,0,25.3775,0.0999999999999999,0
114,24,176,10,800,2.15,1,1,26.015,0.805,2
0,0,0,0,370,-0.065384615,0,0,25.4075,0.065,0
13,16,80,49,620,-2.957692308,0,0,25.9225,0.07,0
149,235,185,10,915,3.984615385,0,0,26.1575,0.2425,3
119,31,61,38,585,0.326923077,0,0,25.9225,0.22,1
160,247,221,66,695,2.292307692,1,1,26.515,0.5425,3
7,7,37,24,360,-0.007692308,0,0,25.0325,0.065,0
0,0,0,0,375,0.0,0,0,25.36,0.0575,0
9,9,52,31,380,0.503846154,1,1,25.7825,0.3025,3
0,0,0,0,350,-0.176923077,0,0,25.5025,0.0725,0
1,0,6,4,355,0.0,0,0,24.9675,0.0625,0
14,16,64,46,355,0.0,0,0,25.2825,0.0675,0
0,0,0,0,395,-0.796153846,0,0,25.5,0.0625,0
0,0,0,0,370,0.0,0,0,25.3625,0.0574999999999999,0
0,0,0,0,355,-0.080769231,0,0,25.11,0.0574999999999999,0
7,8,37,25,355,0.0,0,0,25.015,0.0725,0
2,2,13,9,360,0.057692308,0,0,25.0475,0.06,0
0,0,0,0,360,0.0,0,0,25.265,0.065,0
114,19,180,7,1025,-0.6,0,0,26.1725,0.3025,2
0,0,0,0,370,-0.157692308,0,0,25.295,0.06,0
119,25,203,19,555,0.669230769,0,1,26.0475,1.2725,2
17,20,73,51,355,0.0,0,0,25.3275,0.07,0
10,10,48,33,355,0.0,0,0,25.125,0.07,0
0,0,0,0,465,-1.946153846,0,0,25.55,0.0625,0
0,0,0,0,355,0.203846154,0,0,25.5475,0.0725,0
155,236,70,53,475,0.65,1,1,25.3925,0.54,2
14,19,85,53,715,-2.492307692,0,0,26.0,0.0574999999999999,0
0,0,0,0,385,-0.284615385,0,0,25.4525,0.0574999999999999,0
13,14,59,41,355,0.0,0,0,25.205,0.0675,0
1,1,7,5,350,0.0,0,0,24.9675,0.0725,0
0,0,0,0,345,0.0,0,0,25.125,0.065,0
7,7,36,24,360,0.053846154,0,0,25.015,0.085,0
0,0,0,0,575,-1.807692308,0,0,25.55,0.07,0
0,0,0,0,350,-0.103846154,0,0,25.2375,0.065,0
0,0,0,0,360,-0.069230769,0,0,25.065,0.0574999999999999,0
0,0,0,0,345,0.0,0,0,25.1725,0.0675,0
7,7,28,25,475,2.669230769,0,0,25.815,0.3475,3
150,239,181,10,1200,2.180769231,1,1,26.625,1.5275,3
10,11,57,41,460,-2.246153846,0,0,26.0775,0.065,0
117,23,188,11,710,2.403846154,1,1,26.0,0.69,2
0,0,2,1,355,-0.146153846,0,0,25.0325,0.0725,0
4,4,20,14,355,0.034615385,0,0,24.97,0.0625,0
0,0,0,0,985,-1.923076923,0,0,25.985,0.0625,0
5,5,27,19,345,0.0,0,0,24.97,0.0675,0
4,5,22,15,350,0.0,0,0,24.92,0.075,0
0,0,0,0,360,0.015384615,0,0,25.0325,0.0625,0
1,1,9,6,350,0.0,0,0,25.595,0.07,0
160,249,75,57,610,1.561538462,0,0,26.2325,0.075,2
0,0,0,0,355,0.165384615,0,0,25.44,0.07,0
0,0,0,0,360,0.023076923,0,0,24.955,0.0575,0
9,10,45,30,355,0.0,0,0,25.0475,0.0675,0
0,0,0,0,365,-0.3,0,0,25.315,0.0675,0
0,0,0,0,350,0.034615385,0,0,25.5625,0.0725,0
0,0,0,0,350,-0.073076923,0,0,25.5325,0.07,0
120,26,49,36,410,-1.115384615,0,0,26.11,0.0875,1
7,7,36,24,355,-0.161538462,0,0,25.0,0.0675,0
116,25,188,16,700,2.407692308,0,0,25.97,0.16,2
0,0,0,0,390,-0.976923077,0,0,25.4675,0.065,0
0,0,0,0,355,-0.080769231,0,0,24.97,0.065,0
0,0,0,0,1165,-4.688461538,0,0,26.2525,0.0575,0
0,0,0,0,405,-1.442307692,0,0,25.485,0.0625,0
0,0,0,0,390,-1.426923077,0,0,25.425,0.0675,0
7,8,39,26,360,-0.023076923,0,0,25.0475,0.0625,0
5,5,24,16,360,0.073076923,0,0,24.9525,0.06,0
0,0,0,0,750,-1.903846154,0,0,25.735,0.0625,0
0,0,0,0,355,-0.053846154,0,0,25.1125,0.07,0
117,21,27,20,510,1.623076923,1,0,26.1875,0.0775,1
0,0,0,0,590,-2.85,0,0,25.61,0.055,0
10,11,48,34,355,0.0,0,0,25.16,0.0675,0
0,0,0,0,755,-2.030769231,0,0,25.765,0.07,0
0,0,0,0,555,-1.726923077,0,0,25.6125,0.065,0
10,10,48,33,355,-0.134615385,0,0,25.125,0.0675,0
2,2,12,7,345,0.0,0,0,24.9675,0.0625,0
0,0,0,0,365,0.042307692,0,0,25.1725,0.06,0
0,0,0,0,360,0.011538462,0,0,25.1275,0.0574999999999999,0
0,0,0,0,355,-0.069230769,0,0,25.41,0.0725,0
5,6,31,21,360,0.0,0,0,24.9525,0.065,0
0,0,0,0,1020,-4.819230769,0,0,26.0475,0.0625,0
0,0,0,0,350,-0.161538462,0,0,25.5175,0.0675,0
0,0,0,0,595,-2.930769231,0,0,25.6425,0.06,0
0,0,0,0,365,-0.073076923,0,0,25.28,0.06,0
0,0,0,0,425,-1.107692308,0,0,25.5175,0.0625,0
14,18,84,51,720,-2.880769231,0,0,26.015,0.07,0
0,0,0,0,360,-0.019230769,0,0,25.25,0.0575,0
119,35,73,46,590,-2.542307692,1,0,25.94,0.065,1
149,234,185,11,825,1.876923077,0,1,26.125,0.2199999999999999,3
0,0,0,0,985,-2.611538462,0,0,26.0025,0.06,0
0,0,0,0,710,-1.715384615,0,0,25.6725,0.0625,0
0,0,0,0,345,0.0,0,0,25.02,0.0625,0
6,7,33,22,345,0.0,0,0,25.0175,0.07,0
0,0,0,0,360,0.042307692,0,0,25.1425,0.06,0
9,10,44,30,355,0.0,0,0,25.0925,0.07,0
5,5,29,20,350,0.0,0,0,24.97,0.0725,0
141,226,172,10,1240,0.811538462,0,0,26.705,0.3325,3
0,0,0,0,385,-0.119230769,0,0,25.4075,0.0625,0
0,0,0,0,345,0.0,0,0,25.17,0.06,0
0,0,0,0,355,0.019230769,0,0,25.44,0.0675,0
14,18,70,51,355,0.0,0,0,25.6125,0.07,0
16,19,72,52,355,0.0,0,0,25.36,0.075,0
124,40,74,54,375,0.219230769,0,0,25.55,0.3725,1
6,6,31,20,345,0.0,0,0,25.0025,0.0675,0
20,24,86,63,355,0.0,0,0,25.5325,0.125,0
0,0,0,0,830,-1.653846154,0,0,25.8425,0.0574999999999999,0
10,10,47,32,355,0.046153846,0,0,25.145,0.06,0
0,0,0,0,1085,-4.280769231,0,0,26.1575,0.06,0
0,0,0,0,830,-3.407692308,0,0,25.86,0.065,0
0,0,0,0,375,0.003846154,0,0,25.3475,0.0625,0
17,20,73,53,355,0.0,0,0,25.4375,0.07,0
0,0,0,0,355,0.046153846,0,0,25.5325,0.075,0
0,0,0,0,360,0.0,0,0,25.1875,0.0625,0
147,232,175,22,815,1.596153846,1,1,25.97,0.27,2
0,0,0,0,355,0.011538462,0,0,25.4225,0.0725,0
119,24,197,18,570,1.919230769,0,1,25.955,0.3425,2
150,236,186,11,805,1.373076923,1,1,26.1275,0.4025,3
14,14,68,49,530,-4.065384615,1,0,26.1425,0.1425,0
0,0,0,0,365,-0.096153846,0,0,25.3775,0.06,0
150,235,180,10,1160,3.215384615,0,1,26.345,0.2725,3
149,238,183,25,780,1.484615385,0,1,25.9075,0.1399999999999999,3
10,10,46,31,355,0.0,0,0,25.175,0.0725,0
10,10,47,32,355,-0.173076923,0,0,25.16,0.065,0
12,14,55,39,355,0.0,0,0,25.22,0.0675,0
0,0,0,0,355,0.215384615,0,0,25.5025,0.0775,0
150,235,186,10,1030,1.938461538,1,1,26.2225,0.2175,3
0,0,0,0,605,-2.792307692,0,0,25.6425,0.055,0
7,8,36,26,350,-0.111538462,0,0,25.5975,0.07,0
149,234,178,10,1015,2.465384615,1,1,26.265,1.8075,3
12,14,57,40,355,-0.05,0,0,25.285,0.085,0
0,0,0,0,965,-2.165384615,0,0,25.955,0.06,0
0,0,0,0,860,-3.45,0,0,25.8775,0.06,0
165,256,279,73,930,1.515384615,0,0,26.375,0.1075,3
0,0,0,0,350,0.007692308,0,0,25.5175,0.0725,0
0,0,0,0,360,0.034615385,0,0,25.095,0.0575,0
0,0,0,0,370,0.0,0,0,25.2975,0.06,0
6,7,34,22,360,0.0,0,0,25.05,0.0574999999999999,0
7,7,36,24,360,-0.003846154,0,0,25.0975,0.06,0
6,6,31,21,360,0.0,0,0,25.0,0.06,0
0,0,0,0,360,-0.011538462,0,0,25.1275,0.0625,0
0,0,0,0,355,0.0,0,0,25.295,0.0725,0
118,22,33,22,490,0.738461538,0,0,26.17,0.07,1
118,35,79,49,590,-2.973076923,0,0,25.94,0.1125,1
164,251,228,70,850,7.042307692,1,1,26.44,0.21,3
123,37,66,48,370,0.234615385,0,0,25.4675,0.2749999999999999,1
8,9,42,29,355,-0.069230769,0,0,25.065,0.0625,0
6,6,32,21,350,0.0,0,0,25.0325,0.0775,0
0,0,0,0,360,0.0,0,0,25.16,0.0625,0
120,25,46,35,425,0.365384615,0,0,26.14,0.07,1
0,0,0,0,445,-1.192307692,0,0,25.515,0.0574999999999999,0
10,12,57,36,370,0.646153846,0,1,25.55,0.265,3
10,12,51,35,360,0.142307692,0,0,25.19,0.06,0
0,0,0,0,370,0.0,0,0,25.33,0.06,0
0,0,0,0,970,-2.230769231,0,0,25.985,0.0575,0
0,0,0,0,370,-0.188461538,0,0,25.345,0.06,0
0,0,0,0,355,0.019230769,0,0,25.44,0.0725,0
0,0,0,0,375,0.0,0,0,25.33,0.06,0
0,0,0,0,380,-0.161538462,0,0,25.39,0.07,0
5,5,28,20,345,0.0,0,0,24.97,0.0675,0
1,1,7,5,355,0.0,0,0,24.9525,0.06,0
8,10,44,31,355,0.0,0,0,25.5975,0.075,0
116,25,184,15,700,2.296153846,1,1,26.0,1.0725,2
120,25,45,33,425,0.653846154,0,0,26.14,0.075,1
0,0,0,0,355,-0.111538462,0,0,25.5175,0.0775,0
6,6,33,22,360,0.0,0,0,24.9975,0.06,0
19,23,99,62,965,0.311538462,0,0,26.2675,0.0849999999999999,0
0,0,0,0,360,0.042307692,0,0,25.25,0.06,0
0,0,0,0,355,0.130769231,0,0,25.44,0.0775,0
5,5,21,19,625,2.680769231,0,0,25.8425,0.1099999999999999,3
0,228,180,0,1265,2.203846154,1,1,26.6125,1.0650000000000002,3
13,14,59,42,355,-0.026923077,0,0,25.2675,0.065,0
0,0,0,0,345,0.0,0,0,25.25,0.0675,0
150,238,179,11,860,1.153846154,0,1,26.08,0.9275,3
0,0,0,0,710,-1.669230769,0,0,25.6725,0.065,0
0,0,0,0,1035,-0.065384615,0,0,26.1425,0.06,0
150,236,180,10,1080,2.446153846,0,1,26.2825,0.9175,3
164,252,225,70,850,5.811538462,1,1,26.47,1.395,3
162,253,84,62,440,-0.011538462,0,0,25.83,0.32,2
150,235,180,10,1065,2.623076923,1,1,26.2825,0.495,3
0,0,1,1,355,0.030769231,0,0,24.9675,0.06,0
0,0,0,0,355,0.0,0,0,25.33,0.0675,0
0,0,0,0,595,-1.5,0,0,25.565,0.07,0
149,236,186,11,780,2.861538462,0,1,26.0775,1.715,3
116,24,178,9,810,1.673076923,1,1,26.0175,1.34,2
8,9,42,29,355,0.0,0,0,25.0625,0.075,0
10,13,57,35,370,1.2,0,0,25.6125,0.3625,3
13,14,60,42,360,0.030769231,0,0,25.205,0.0675,0
3,4,20,13,735,2.503846154,1,1,25.89,0.2725,3
0,0,0,0,365,-0.088461538,0,0,25.265,0.0625,0
0,0,0,0,375,-0.126923077,0,0,25.375,0.065,0
0,0,0,0,440,-1.461538462,0,0,25.5475,0.0575,0
123,37,68,49,370,0.280769231,1,0,25.4525,0.1075,1
5,5,29,19,360,0.0,0,0,25.05,0.06,0
0,0,0,0,375,-0.261538462,0,0,25.375,0.0625,0
123,36,67,48,360,0.080769231,1,0,25.3775,0.3075,1
0,0,0,0,350,0.115384615,0,0,25.5175,0.0675,0
0,0,0,0,355,0.0,0,0,25.265,0.0625,0
0,0,0,0,375,-0.073076923,0,0,25.375,0.06,0
0,0,0,0,350,-0.073076923,0,0,25.0975,0.0725,0
0,0,0,0,905,-3.142307692,0,0,25.91,0.06,0
11,13,53,37,355,0.0,0,0,25.22,0.0725,0
123,35,59,44,405,0.480769231,1,0,25.05,0.16,1
0,0,0,0,500,-1.807692308,0,0,25.485,0.0625,0
155,242,75,57,580,2.015384615,1,1,25.8275,0.855,2
163,253,272,74,965,2.011538462,1,0,26.4525,0.115,3
0,0,0,0,365,-0.107692308,0,0,25.3475,0.0575,0
5,5,23,16,345,0.0,0,0,24.9525,0.0675,0
5,5,24,17,350,0.0,0,0,24.92,0.07,0
5,7,36,23,565,3.769230769,0,1,25.8275,0.1725,3
0,0,0,0,355,0.0,0,0,25.425,0.08,0
0,0,0,0,360,-0.126923077,0,0,25.2975,0.065,0
6,7,35,23,360,0.0,0,0,25.0675,0.0575,0
150,239,180,11,850,0.938461538,0,1,26.1125,0.08,3
116,20,25,15,530,0.776923077,0,0,26.17,0.09,1
4,4,20,14,355,0.05,0,0,24.97,0.06,0
0,0,0,0,365,0.019230769,0,0,25.295,0.065,0
149,239,185,26,785,1.55,1,1,25.925,0.0825,3
165,254,275,71,850,-0.646153846,0,1,26.405,1.25,2
0,0,0,0,350,-0.265384615,0,0,25.25,0.065,0
12,12,61,45,525,0.146153846,0,0,26.11,0.0625,0
12,14,58,39,360,0.069230769,0,0,25.205,0.0625,0
14,17,66,48,355,0.0,0,0,25.6125,0.075,0
9,10,52,31,380,0.503846154,1,1,25.7975,0.2375,3
0,0,0,0,835,0.561538462,0,0,25.94,0.0675,0
0,0,0,0,370,-0.080769231,0,0,25.36,0.0549999999999999,0
149,234,185,10,955,2.307692308,0,1,26.19,0.1125,3
0,0,0,0,360,-0.038461538,0,0,25.3,0.0625,0
7,7,36,24,360,0.007692308,0,0,25.1125,0.06,0
0,0,0,0,355,-0.053846154,0,0,25.1125,0.06,0
0,0,0,0,370,-0.011538462,0,0,25.3775,0.0574999999999999,0
0,0,0,0,930,-2.911538462,0,0,25.9225,0.0625,0
118,27,199,24,630,0.357692308,0,0,25.94,0.1625,2
116,20,24,17,535,0.988461538,1,1,26.205,0.23,1
149,240,180,12,835,1.819230769,1,1,26.0975,0.1025,3
5,5,29,20,350,0.0,0,0,24.9675,0.0725,0
3,4,20,13,740,2.576923077,1,0,25.8925,0.24,3
0,0,0,0,405,-0.615384615,0,0,25.5175,0.06,0
5,7,35,23,355,0.069230769,0,0,25.5975,0.0775,0
14,16,62,44,355,0.0,0,0,25.2825,0.0725,0
0,0,0,0,370,-0.011538462,0,0,25.3925,0.0574999999999999,0
10,11,50,35,360,0.111538462,0,0,25.22,0.065,0
0,0,0,0,360,-0.103846154,0,0,25.0975,0.06,0
150,238,180,10,1205,2.115384615,0,0,26.5775,0.1475,3
122,35,64,45,360,0.115384615,0,0,25.36,0.3375,1
6,6,32,20,350,0.0,0,0,25.05,0.075,0
0,0,0,0,365,-0.069230769,0,0,25.295,0.06,0
8,9,40,27,360,0.003846154,0,0,25.0325,0.0675,0
0,0,0,0,365,-0.234615385,0,0,25.28,0.0575,0
14,17,80,49,715,-2.626923077,0,0,26.0325,0.0725,0
13,13,63,45,540,-2.276923077,0,0,26.1575,0.0875,0
18,22,80,57,355,0.0,0,0,25.515,0.0725,0
117,21,27,20,505,1.611538462,0,0,26.185,0.0875,1
0,0,0,0,355,-0.253846154,0,0,25.2825,0.065,0
165,254,276,71,880,0.865384615,1,1,26.39,1.495,3
14,15,64,45,360,0.057692308,0,0,25.2675,0.08,0
2,2,14,10,360,-0.057692308,0,0,25.065,0.06,0
149,235,178,10,955,3.465384615,1,1,26.2825,0.3949999999999999,3
13,14,58,40,355,-0.042307692,0,0,25.2675,0.1025,0
0,0,0,0,390,-0.888461538,0,0,25.44,0.0625,0
10,10,53,33,370,0.507692308,0,1,25.705,0.3075,3
0,0,0,0,355,-0.226923077,0,0,25.08,0.0625,0
0,0,0,0,890,-3.115384615,0,0,25.91,0.0575,0
12,13,55,39,360,-0.165384615,0,0,25.2525,0.065,0
114,25,38,21,625,0.353846154,1,0,25.9225,0.14,1
0,0,0,0,375,-0.111538462,0,0,25.3925,0.065,0
0,0,0,0,525,-1.938461538,0,0,25.58,0.0625,0
160,248,79,59,590,1.676923077,1,1,26.2175,0.5775,2
0,0,0,0,350,-0.1,0,0,25.5175,0.0725,0
117,26,186,19,670,1.826923077,0,1,25.97,0.2125,2
148,234,178,10,975,4.473076923,1,0,26.2825,0.2525,3
114,24,177,10,760,1.173076923,0,1,26.0325,0.0725,2
117,21,27,20,520,1.761538462,0,0,26.2025,0.125,1
5,7,24,22,575,3.8,0,1,25.8775,0.8800000000000001,3
1,1,9,5,350,0.0,0,0,25.0025,0.0725,0
10,10,53,32,380,0.496153846,0,1,25.7675,0.1925,3
1,1,9,5,350,0.0,0,0,24.985,0.0725,0
2,2,11,7,355,0.019230769,0,0,24.985,0.06,0
0,0,0,0,375,-0.161538462,0,0,25.36,0.06,0
0,0,0,0,365,-0.073076923,0,0,25.28,0.0574999999999999,0
0,0,0,0,355,-0.023076923,0,0,24.9675,0.065,0
0,0,0,0,355,0.0,0,0,25.315,0.0725,0
116,20,20,14,535,0.561538462,0,0,26.1875,0.0625,1
8,9,40,27,355,0.0,0,0,25.0325,0.0725,0
20,24,85,63,355,0.0,0,0,25.5175,0.0725,0
0,0,0,0,385,0.0,0,0,25.4375,0.0574999999999999,0
0,0,0,0,355,0.076923077,0,0,25.5175,0.0725,0
14,16,63,45,360,0.126923077,0,0,25.2675,0.0625,0
0,0,0,0,360,-0.038461538,0,0,25.1575,0.0625,0
117,27,191,22,630,0.334615385,0,0,25.97,0.0775,2
0,0,0,0,355,0.019230769,0,0,25.5175,0.07,0
0,0,0,0,370,-0.211538462,0,0,25.345,0.06,0
6,6,33,23,350,0.0,0,0,25.05,0.075,0
0,0,0,0,355,0.0,0,0,25.22,0.0725,0
0,0,0,0,795,-2.007692308,0,0,25.8125,0.0725,0
0,0,0,0,355,-0.05,0,0,25.0975,0.0725,0
0,0,0,0,360,0.0,0,0,25.1725,0.0574999999999999,0
1,2,10,7,350,0.0,0,0,25.595,0.075,0
17,20,73,53,355,0.0,0,0,25.4525,0.0775,0
0,0,0,0,385,-0.261538462,0,0,25.47,0.0575,0
0,0,0,0,390,-0.261538462,0,0,25.44,0.0625,0
0,0,0,0,675,-1.569230769,0,0,25.705,0.0574999999999999,0
162,253,82,61,460,-2.761538462,0,0,25.8625,0.5349999999999999,2
0,0,0,0,365,-0.092307692,0,0,25.265,0.0574999999999999,0
155,232,75,58,570,2.323076923,1,1,25.5475,0.48,2
114,19,180,7,1015,-0.473076923,0,1,26.1725,1.4725,2
0,0,0,0,530,-1.8,0,0,25.5975,0.06,0
0,0,0,0,355,-0.076923077,0,0,25.4875,0.0725,0
0,0,0,0,725,-1.496153846,0,0,25.7025,0.07,0
18,21,76,56,355,0.0,0,0,25.5175,0.0675,0
6,6,32,21,360,0.0,0,0,24.9975,0.0625,0
0,0,0,0,1025,-4.815384615,0,0,26.0775,0.0625,0
163,249,229,70,815,5.719230769,1,1,26.4075,1.1225,3
0,0,4,2,355,-0.092307692,0,0,25.035,0.0575,0
123,35,60,45,430,0.946153846,1,0,25.1575,0.3175,1
0,0,0,0,375,-0.165384615,0,0,25.3625,0.0574999999999999,0
114,19,180,7,1020,-1.042307692,0,0,26.19,0.0725,2
9,9,33,30,425,2.442307692,1,1,25.845,0.2375,3
1,1,8,5,345,0.0,0,0,24.9675,0.07,0
0,0,0,0,370,-0.065384615,0,0,25.3475,0.0574999999999999,0
162,254,83,62,450,0.630769231,1,0,25.8475,0.4325,2
0,0,0,0,360,-0.069230769,0,0,25.1275,0.06,0
4,5,23,15,360,0.026923077,0,0,25.0325,0.0574999999999999,0
0,0,0,0,360,0.0,0,0,25.22,0.055,0
0,0,0,0,370,-0.107692308,0,0,25.33,0.06,0
0,0,0,0,370,-0.042307692,0,0,25.3925,0.0574999999999999,0
5,7,24,21,605,3.669230769,0,1,25.8425,0.0775,3
123,36,66,47,360,0.038461538,0,0,25.36,0.1049999999999999,1
0,0,0,0,860,-2.811538462,0,0,25.895,0.065,0
0,0,0,0,360,-1.23e-17,0,0,25.1575,0.055,0
0,0,0,0,665,-3.134615385,0,0,25.6425,0.0675,0
145,232,176,10,1225,-0.115384615,1,1,26.7825,0.865,3
0,0,0,0,350,0.057692308,0,0,25.5175,0.07,0
14,18,68,49,355,0.0,0,0,25.5975,0.0775,0
0,0,0,0,350,0.046153846,0,0,25.5475,0.07,0
0,0,4,2,350,-0.011538462,0,0,25.0325,0.0725,0
150,235,187,10,1030,1.961538462,1,0,26.2225,0.1625,3
117,21,25,19,520,1.415384615,0,0,26.185,0.075,1
0,0,0,0,370,-0.292307692,0,0,25.375,0.07,0
0,0,0,0,355,0.0,0,0,25.25,0.075,0
0,0,0,0,385,-0.280769231,0,0,25.455,0.0574999999999999,0
0,0,0,0,355,0.138461538,0,0,25.4875,0.07,0
0,0,0,0,355,0.030769231,0,0,25.44,0.075,0
155,243,80,59,635,1.226923077,1,0,26.2675,0.295,2
114,19,180,7,1035,-0.073076923,1,1,26.1725,0.4625,2
0,0,0,0,380,0.0,0,0,25.4075,0.065,0
5,5,26,18,350,0.0,0,0,24.9675,0.075,0
9,10,45,30,355,0.0,0,0,25.0775,0.0675,0
6,7,32,21,345,0.0,0,0,25.0025,0.0675,0
156,240,76,59,625,1.830769231,0,0,26.2525,0.4275,2
117,21,25,19,520,1.376923077,0,0,26.2025,0.0875,1
159,245,217,65,660,0.569230769,1,1,26.485,1.145,2
0,0,0,0,355,-0.123076923,0,0,25.05,0.0625,0
163,252,266,69,875,1.1,0,0,26.4375,0.0875,3
0,0,0,0,350,-0.126923077,0,0,25.5025,0.07,0
12,14,56,40,355,0.0,0,0,25.2825,0.0849999999999999,0
0,0,0,0,980,-2.073076923,0,0,25.9875,0.06,0
0,0,0,0,360,-0.015384615,0,0,25.28,0.06,0
17,20,74,53,355,0.0,0,0,25.4525,0.0725,0
124,36,61,46,435,0.688461538,0,0,25.1725,0.285,1
11,13,53,36,360,0.073076923,0,0,25.22,0.0725,0
155,233,73,56,550,3.607692308,0,0,25.515,0.085,2
155,242,75,56,585,1.973076923,1,1,25.8275,0.5,2
0,0,1,1,355,0.026923077,0,0,24.9675,0.06,0
0,0,0,0,365,0.0,0,0,25.265,0.055,0
0,0,0,0,360,0.0,0,0,25.1875,0.0575,0
0,0,0,0,565,-1.919230769,0,0,25.565,0.065,0
13,17,80,50,630,-2.673076923,0,0,25.9225,0.0625,0
0,0,0,0,360,0.0,0,0,25.125,0.055,0
6,6,33,22,360,0.0,0,0,24.9525,0.0625,0
0,0,0,0,360,0.0,0,0,25.19,0.0575,0
6,6,31,21,350,0.0,0,0,25.015,0.075,0
0,0,0,0,605,-0.973076923,0,0,25.58,0.065,0
14,16,65,46,360,9.24e-18,0,0,25.2975,0.065,0
6,6,33,22,360,0.0,0,0,24.9825,0.0625,0
0,0,0,0,350,-0.007692308,0,0,25.485,0.0675,0
160,251,80,60,525,4.138461538,0,0,25.9075,0.4425,2
149,238,182,24,780,1.465384615,0,1,25.94,0.2425,3
0,0,0,0,485,-1.488461538,0,0,25.485,0.0675,0
2,2,14,10,355,0.026923077,0,0,24.9525,0.0625,0
0,0,0,0,405,-0.519230769,0,0,25.485,0.06,0
2,2,11,6,345,0.0,0,0,24.9525,0.065,0
2,2,10,7,350,-0.046153846,0,0,25.58,0.0725,0
17,20,73,53,355,0.0,0,0,25.345,0.0675,0
5,5,29,20,350,0.0,0,0,24.9825,0.0725,0
12,14,57,40,355,0.0,0,0,25.2525,0.075,0
0,0,0,0,430,-1.4,0,0,25.485,0.0625,0
5,5,26,18,360,0.0,0,0,25.065,0.06,0
119,31,58,36,590,1.019230769,0,0,25.9225,0.0625,1
0,0,0,0,355,0.2,0,0,25.44,0.075,0
0,0,0,0,365,0.0,0,0,25.3125,0.0574999999999999,0
4,5,33,15,685,3.776923077,1,1,25.9075,0.235,3
4,4,18,13,345,0.0,0,0,24.9525,0.0675,0
146,231,170,19,835,1.419230769,1,0,25.9875,0.49,2
0,0,0,0,380,0.0,0,0,25.4075,0.0574999999999999,0
124,40,75,54,380,0.161538462,1,0,25.565,0.4075,1
0,0,0,0,350,-0.184615385,0,0,25.5025,0.075,0
7,7,37,24,355,0.0,0,0,25.03,0.07,0
0,0,0,0,385,-0.038461538,0,0,25.4225,0.06,0
0,0,0,0,355,-0.088461538,0,0,25.0325,0.06,0
114,24,175,10,795,2.323076923,0,1,26.03,0.5375,2
0,0,0,0,1075,-4.3,0,0,26.1575,0.0575,0
113,18,176,7,1035,-1.015384615,0,0,26.2025,0.4599999999999999,2
16,20,71,51,355,0.0,0,0,25.4875,0.0725,0
0,0,0,0,685,-1.334615385,0,0,25.735,0.065,0
5,6,36,22,560,3.780769231,0,1,25.8425,0.0775,3
0,0,0,0,355,0.0,0,0,25.265,0.0675,0
0,0,0,0,625,-2.261538462,0,0,25.6425,0.06,0
14,18,70,50,355,0.0,0,0,25.5975,0.075,0
15,18,68,49,355,0.0,0,0,25.4675,0.07,0
14,16,61,43,355,0.0,0,0,25.2675,0.075,0
124,36,62,47,430,0.738461538,1,0,25.1875,0.3350000000000001,1
117,25,49,35,415,-1.696153846,0,0,26.0925,0.2875,1
13,14,58,40,355,0.0,0,0,25.205,0.075,0
0,0,0,0,360,0.0,0,0,25.2175,0.06,0
160,248,77,58,625,1.034615385,1,0,26.2675,0.505,2
2,3,14,10,350,-0.046153846,0,0,25.5975,0.0675,0
0,0,1,1,345,0.0,0,0,24.9525,0.0675,0
0,0,0,0,970,-2.126923077,0,0,25.955,0.06,0
157,244,79,60,630,1.538461538,1,0,26.0825,0.3824999999999999,2
10,10,38,34,375,0.261538462,0,0,25.7525,0.365,3
142,226,171,10,1225,0.911538462,1,1,26.72,0.285,3
18,22,96,59,965,0.3,0,0,26.315,0.06,0
10,10,45,31,355,0.026923077,0,0,25.16,0.065,0
4,4,20,14,360,-0.023076923,0,0,25.0475,0.0625,0
0,0,0,0,535,-2.530769231,0,0,25.5325,0.07,0
17,20,73,53,355,0.0,0,0,25.4225,0.1099999999999999,0
0,0,0,0,350,0.042307692,0,0,25.47,0.07,0
0,0,0,0,365,-0.061538462,0,0,25.22,0.065,0
162,249,265,70,960,1.226923077,1,1,26.535,1.9025,3
6,6,36,22,560,3.784615385,0,0,25.8275,0.095,3
155,238,74,57,590,1.976923077,1,1,25.875,0.43,2
0,0,0,0,345,0.0,0,0,25.19,0.065,0
9,10,44,29,355,0.0,0,0,25.0775,0.0675,0
0,0,0,0,825,-1.780769231,0,0,25.8125,0.06,0
0,0,0,0,380,-0.061538462,0,0,25.4075,0.06,0
4,4,20,14,350,0.0,0,0,24.92,0.0725,0
13,14,59,42,355,0.0,0,0,25.2525,0.07,0
0,0,0,0,510,-1.688461538,0,0,25.58,0.06,0
123,35,58,44,410,0.853846154,1,0,25.08,0.0725,1
0,0,0,0,360,0.0,0,0,25.265,0.0525,0
160,246,75,58,480,2.907692308,0,0,25.83,0.2899999999999999,2
0,0,0,0,355,-0.015384615,0,0,25.44,0.0725,0
117,21,25,18,530,1.203846154,1,0,26.17,0.1075,1
7,7,36,24,360,-0.046153846,0,0,25.0,0.0625,0
0,0,0,0,350,0.026923077,0,0,25.44,0.0725,0
0,0,0,0,420,-1.515384615,0,0,25.47,0.065,0
0,0,0,0,375,-0.176923077,0,0,25.375,0.0675,0
0,0,0,0,345,0.0,0,0,25.035,0.06,0
2,2,13,8,360,0.046153846,0,0,25.0325,0.0625,0
0,0,0,0,875,-2.723076923,0,0,25.91,0.06,0
116,20,24,16,540,1.053846154,0,0,26.1875,0.0875,1
0,0,0,0,1035,-5.05,0,0,26.0775,0.065,0
115,24,180,12,740,1.288461538,0,1,26.0,0.6224999999999999,2
3,4,19,14,350,-0.030769231,0,0,25.6125,0.08,0
0,0,6,4,345,0.0,0,0,24.9675,0.07,0
0,0,0,0,360,0.011538462,0,0,25.08,0.055,0
8,8,40,26,360,0.003846154,0,0,25.0475,0.0625,0
0,0,0,0,1005,-0.507692308,0,0,26.0475,0.06,0
10,13,56,35,370,1.046153846,1,0,25.58,0.4175,3
0,0,0,0,345,0.0,0,0,25.235,0.0625,0
2,2,12,9,350,-0.011538462,0,0,25.6125,0.0725,0
0,0,0,0,740,-2.065384615,0,0,25.7825,0.0574999999999999,0
119,32,64,40,575,-0.334615385,0,0,25.9375,0.065,1
123,35,58,44,390,-0.719230769,1,0,25.0325,0.13,1
19,23,81,59,355,0.0,0,0,25.5175,0.0675,0
0,0,0,0,355,-0.15,0,0,24.985,0.0625,0
0,0,0,0,360,-0.080769231,0,0,25.1875,0.0625,0
10,10,46,32,355,0.134615385,0,0,25.1425,0.06,0
15,19,68,49,355,0.0,0,0,25.345,0.075,0
0,0,0,0,495,-1.461538462,0,0,25.565,0.06,0
0,0,0,0,350,-0.084615385,0,0,25.47,0.0725,0
0,0,0,0,735,-2.096153846,0,0,25.765,0.065,0
0,0,0,0,530,-2.123076923,0,0,25.5975,0.0875,0
124,40,73,53,380,0.261538462,0,0,25.565,0.3575,1
0,0,0,0,465,-1.107692308,0,0,25.5475,0.065,0
0,0,0,0,365,0.0,0,0,25.3325,0.0574999999999999,0
0,0,0,0,665,-3.103846154,0,0,25.6575,0.1925,0
0,0,0,0,795,-2.253846154,0,0,25.7975,0.0575,0
5,6,21,19,620,2.661538462,0,0,25.8275,0.1425,3
0,0,0,0,380,-0.219230769,0,0,25.4075,0.0675,0
114,19,180,7,1025,0.680769231,0,0,26.1425,0.5175000000000001,2
118,22,33,23,475,0.769230769,0,0,26.17,0.065,1
0,0,0,0,360,0.0,0,0,25.205,0.0625,0
8,9,41,28,360,-0.003846154,0,0,25.0475,0.065,0
0,0,0,0,380,0.0,0,0,25.4075,0.0925,0
148,235,179,11,870,2.096153846,1,1,26.1275,0.6174999999999999,3
2,2,12,8,350,0.0,0,0,24.985,0.07,0
10,12,51,35,360,0.026923077,0,0,25.19,0.0625,0
0,0,1,1,345,0.0,0,0,24.985,0.07,0
2,2,12,8,355,0.003846154,0,0,24.9675,0.06,0
0,0,0,0,365,0.0,0,0,25.3625,0.0625,0
150,236,186,10,1045,2.088461538,0,0,26.205,0.1025,3
0,0,0,0,390,-0.080769231,0,0,25.4375,0.0575,0
15,18,67,46,355,0.0,0,0,25.33,0.0775,0
0,0,0,0,355,-0.069230769,0,0,24.985,0.0625,0
17,20,74,53,355,0.0,0,0,25.4075,0.0725,0
0,0,0,0,355,0.192307692,0,0,25.55,0.0775,0
7,7,36,24,355,-0.05,0,0,25.0975,0.0525,0
0,0,0,0,355,0.0,0,0,25.2025,0.075,0
120,33,69,43,570,-1.276923077,0,0,25.94,0.475,1
5,6,30,20,350,0.0,0,0,25.0,0.07,0
148,235,178,10,890,2.788461538,1,1,26.5175,0.38,3
158,249,75,56,385,0.334615385,0,0,25.6875,0.6275000000000001,2
0,0,0,0,355,0.0,0,0,25.1575,0.075,0
13,14,58,41,355,0.0,0,0,25.2525,0.0725,0
11,13,53,37,360,0.065384615,0,0,25.205,0.0625,0
0,0,0,0,360,0.103846154,0,0,25.1275,0.0625,0
123,36,65,47,360,0.0,1,0,25.4075,0.56,1
146,232,174,20,805,-0.157692308,1,1,25.9875,0.51,2
0,0,0,0,355,0.076923077,0,0,25.44,0.0675,0
0,0,0,0,590,-2.719230769,0,0,25.6275,0.055,0
163,252,272,74,970,1.796153846,1,1,26.4525,0.1949999999999999,3
0,0,0,0,355,0.073076923,0,0,25.0975,0.0725,0
6,6,31,21,360,0.0,0,0,24.9825,0.065,0
117,19,184,7,1045,0.169230769,0,0,26.2375,1.25,2
3,3,13,11,760,2.75,1,1,25.8925,0.1575,3
6,8,35,25,350,-0.261538462,0,0,25.6125,0.0725,0
119,31,61,38,585,0.15,0,0,25.9225,0.1275,1
5,6,29,20,350,0.0,0,0,24.985,0.075,0
6,7,32,21,345,0.0,0,0,24.9875,0.07,0
16,21,93,57,800,-2.161538462,0,0,26.0775,0.06,0
0,0,0,0,630,-2.230769231,0,0,25.6425,0.065,0
124,36,61,46,435,1.269230769,0,0,25.1425,0.0825,1
0,0,4,3,355,-0.023076923,0,0,24.985,0.06,0
18,22,79,57,355,0.0,0,0,25.5025,0.0675,0
0,0,0,0,365,-0.092307692,0,0,25.28,0.0625,0
4,5,22,15,345,0.0,0,0,24.9525,0.0675,0
0,0,0,0,360,-0.076923077,0,0,25.1125,0.0574999999999999,0
120,24,43,31,445,1.011538462,1,0,26.1725,0.2125,1
4,5,32,16,680,3.773076923,1,1,25.875,0.275,3
0,0,0,0,355,0.007692308,0,0,24.97,0.065,0
14,15,71,52,555,-3.569230769,0,0,26.1725,0.07,0
2,2,13,8,360,0.034615385,0,0,25.0325,0.06,0
6,7,32,21,345,0.0,0,0,24.9875,0.0625,0
18,22,80,58,355,0.0,0,0,25.5325,0.065,0
17,20,74,53,355,0.0,0,0,25.4525,0.07,0
0,0,0,0,350,-0.038461538,0,0,25.5475,0.0825,0
0,0,0,0,355,-0.034615385,0,0,25.0975,0.0725,0
119,24,199,19,560,1.503846154,0,1,25.985,0.355,2
4,4,19,14,345,0.0,0,0,24.9525,0.065,0
18,22,95,59,920,-1.519230769,0,0,26.205,0.0625,0
0,0,0,0,370,-0.019230769,0,0,25.3625,0.0625,0
0,0,0,0,355,0.015384615,0,0,25.455,0.0725,0
119,32,65,41,575,-0.946153846,0,0,25.9225,0.14,1
148,234,177,10,995,4.15,0,1,26.2675,0.655,3
0,0,0,0,480,-0.873076923,0,0,25.47,0.0625,0
157,241,68,53,445,0.45,1,0,25.3475,0.37,2
0,0,0,0,350,-0.265384615,0,0,25.25,0.0675,0
7,9,37,27,355,-0.042307692,0,0,25.6575,0.0775,0
163,251,87,64,570,3.769230769,0,0,26.11,0.49,2
0,0,1,1,355,0.007692308,0,0,24.9675,0.06,0
161,249,78,58,610,1.061538462,1,0,26.2975,1.4425,2
0,0,0,0,385,-0.246153846,0,0,25.405,0.055,0
163,253,267,70,965,1.657692308,1,1,26.5175,0.3125,3
0,0,1,0,350,-0.007692308,0,0,25.565,0.0725,0
118,27,214,24,615,0.169230769,1,1,25.9225,1.06,2
0,0,0,0,345,0.0,0,0,25.14,0.0575,0
6,6,32,21,350,0.0,0,0,25.0675,0.07,0
123,35,58,44,390,-0.238461538,0,0,25.035,0.0725,1
3,3,17,12,345,0.0,0,0,24.935,0.0625,0
0,0,0,0,360,0.0,0,0,25.1875,0.065,0
0,0,0,0,425,-1.426923077,0,0,25.5,0.055,0
0,0,0,0,595,-1.426923077,0,0,25.565,0.065,0
0,0,0,0,350,0.007692308,0,0,25.5025,0.07,0
5,5,24,16,360,0.2,0,0,24.985,0.0625,0
160,248,75,56,610,1.619230769,0,0,26.2175,0.06,2
9,8,50,30,425,1.953846154,1,1,25.86,0.225,3
0,0,0,0,355,0.084615385,0,0,25.5175,0.07,0
0,0,0,0,355,-0.05,0,0,25.44,0.065,0
164,254,275,71,910,1.765384615,0,1,26.36,0.2574999999999999,3
150,236,186,10,1050,2.115384615,1,1,26.22,0.6699999999999999,3
14,17,65,48,355,0.0,0,0,25.5975,0.0725,0
4,5,23,15,350,0.0,0,0,24.905,0.0725,0
6,8,36,26,350,-0.203846154,0,0,25.5975,0.07,0
18,22,82,59,355,0.0,0,0,25.5825,0.075,0
5,5,29,20,360,0.0,0,0,25.08,0.07,0
0,0,2,1,350,0.0,0,0,25.565,0.07,0
0,0,0,0,365,-0.046153846,0,0,25.265,0.06,0
118,27,197,23,630,0.353846154,1,1,25.94,0.4275,2
0,0,0,0,360,0.0,0,0,25.265,0.06,0
113,19,178,7,1035,-0.476923077,1,1,26.205,1.6325,2
1,2,10,7,350,0.0,0,0,25.595,0.0725,0
0,0,0,0,375,-0.3,0,0,25.3775,0.06,0
0,0,0,0,355,0.0,0,0,25.345,0.0699999999999999,0
0,0,0,0,345,0.0,0,0,25.155,0.06,0
8,9,41,28,360,0.015384615,0,0,25.05,0.07,0
0,0,0,0,735,-1.419230769,0,0,25.72,0.0675,0
146,231,172,20,835,0.507692308,1,1,25.9725,0.5725000000000001,2
15,19,69,49,355,0.0,0,0,25.4525,0.07,0
6,7,33,22,345,0.0,0,0,25.0175,0.0625,0
0,0,0,0,385,0.0,0,0,25.4225,0.06,0
117,26,189,20,650,1.142307692,0,0,25.97,0.2425,2
11,14,58,42,355,0.0,0,0,25.6125,0.0775,0
0,0,0,0,360,-0.069230769,0,0,25.1575,0.055,0
0,0,0,0,365,0.0,0,0,25.22,0.0574999999999999,0
13,15,61,44,360,-0.061538462,1,0,25.33,0.18,0
124,39,73,53,380,0.276923077,1,0,25.55,0.3125,1
0,0,0,0,370,-0.1,0,0,25.3775,0.0575,0
14,16,64,45,360,-0.046153846,0,0,25.33,0.0625,0
4,4,25,15,355,-0.007692308,0,0,25.5975,0.0725,0
6,6,32,21,350,0.0,0,0,25.065,0.07,0
0,0,0,0,725,-2.038461538,0,0,25.765,0.0625,0
0,0,0,0,350,-0.042307692,0,0,25.235,0.065,0
165,255,278,72,935,2.303846154,1,0,26.4075,0.29,3
118,24,194,15,595,1.423076923,1,0,25.9875,0.48,2
0,0,0,0,360,0.0,0,0,25.1425,0.0625,0
160,249,80,59,390,0.357692308,1,0,25.705,0.6875,2
0,0,0,0,355,-0.019230769,0,0,25.0975,0.07,0
0,0,0,0,355,-0.053846154,0,0,25.5175,0.0725,0
117,20,24,16,535,1.007692308,1,0,26.2025,0.1974999999999999,1
13,14,59,42,355,0.0,0,0,25.2525,0.0725,0
119,24,36,27,470,1.615384615,1,1,26.155,0.6525000000000001,1
0,0,0,0,920,-2.753846154,0,0,25.955,0.055,0
0,0,0,0,360,0.0,0,0,25.0025,0.0625,0
0,0,0,0,445,-2.119230769,0,0,25.515,0.0575,0
10,10,48,33,360,0.057692308,0,0,25.175,0.06,0
0,0,0,0,595,-1.765384615,0,0,25.6275,0.0625,0
119,22,33,23,475,0.988461538,0,0,26.17,0.07,1
119,30,57,36,590,1.130769231,0,0,25.9225,0.0625,1
0,0,0,0,575,-1.803846154,0,0,25.6275,0.06,0
0,0,0,0,865,-2.746153846,0,0,25.8925,0.0574999999999999,0
116,26,185,18,680,2.488461538,0,1,26.0,0.4425,2
14,19,85,53,695,-2.8,0,0,25.985,0.06,0
0,0,0,0,345,-0.261538462,0,0,25.235,0.0625,0
122,31,74,53,380,0.046153846,1,1,25.565,0.5625,1
149,237,180,24,785,1.6,0,0,25.94,0.2725,3
117,22,185,9,720,-0.896153846,0,0,26.015,0.3974999999999999,2
119,24,195,17,570,1.842307692,0,1,25.9525,0.7575000000000001,2
0,0,0,0,360,0.015384615,0,0,25.08,0.0574999999999999,0
124,40,75,54,380,0.088461538,0,0,25.565,0.075,1
156,244,80,61,650,1.080769231,1,0,26.235,0.2875,2
0,0,0,0,380,-0.046153846,0,0,25.39,0.055,0
0,0,0,0,950,-2.426923077,0,0,25.955,0.0574999999999999,0
0,0,0,0,365,-0.030769231,0,0,25.3925,0.0575,0
10,12,55,34,370,1.107692308,0,0,25.6725,0.125,3
14,15,62,44,360,-0.030769231,0,0,25.3,0.0675,0
16,19,71,51,355,0.0,0,0,25.3925,0.0725,0
0,0,0,0,355,0.05,0,0,25.05,0.06,0
14,15,60,43,355,0.0,0,0,25.2525,0.0725,0
5,5,25,17,345,0.0,0,0,24.9525,0.065,0
123,25,74,53,380,0.0,1,1,25.58,1.5575,2
0,0,0,0,355,-0.065384615,0,0,25.5175,0.0725,0
0,0,0,0,640,-2.030769231,0,0,25.675,0.06,0
0,0,0,0,885,-3.538461538,0,0,25.875,0.0625,0
0,0,0,0,350,0.0,0,0,25.25,0.07,0
4,5,35,15,685,3.946153846,1,1,25.9075,0.375,3
0,0,0,0,355,-0.126923077,0,0,25.065,0.0625,0
0,0,0,0,715,-1.992307692,0,0,25.75,0.0625,0
150,234,185,10,990,2.030769231,1,1,26.22,0.3375,3
119,29,53,32,595,0.492307692,1,0,25.92,0.0825,1
0,0,0,0,370,-0.223076923,0,0,25.3275,0.06,0
0,0,0,0,370,-0.030769231,0,0,25.4075,0.08,0
160,249,80,59,475,2.973076923,0,0,25.8325,0.08,2
0,0,0,0,375,-0.038461538,0,0,25.345,0.06,0
10,10,53,33,375,0.046153846,1,1,25.735,0.185,3
0,0,0,0,390,-1.173076923,0,0,25.47,0.06,0
0,0,0,0,345,0.0,0,0,25.02,0.0675,0
0,0,0,0,345,0.0,0,0,25.14,0.0675,0
0,0,0,0,355,-0.023076923,0,0,25.0975,0.0725,0
124,35,60,45,445,0.969230769,0,0,25.2025,0.095,1
165,256,280,73,935,2.280769231,0,0,26.39,0.2175,3
0,0,0,0,375,-0.276923077,0,0,25.36,0.0625,0
0,0,0,0,350,0.165384615,0,0,25.5325,0.07,0
114,24,177,10,770,1.269230769,1,1,26.015,1.3475,2
143,227,6,7,840,0.730769231,1,0,26.015,0.4375,2
157,239,70,54,460,0.453846154,0,0,25.3925,0.3525,2
0,0,0,0,365,-0.046153846,0,0,25.3775,0.0575,0
118,24,192,14,630,2.261538462,1,1,25.9875,0.7975,2
13,14,60,42,360,-0.042307692,0,0,25.2675,0.0625,0
13,16,79,49,680,-1.765384615,0,0,25.97,0.075,0
0,0,0,0,360,0.0,0,0,25.28,0.06,0
0,0,0,0,685,-2.034615385,0,0,25.69,0.06,0
119,35,64,45,360,0.015384615,1,0,25.3575,0.1425,1
0,0,0,0,360,-0.146153846,0,0,25.265,0.0625,0
0,0,0,0,365,-0.057692308,0,0,25.2975,0.0574999999999999,0
0,0,0,0,595,-1.873076923,0,0,25.6425,0.0574999999999999,0
0,0,0,0,380,-0.088461538,0,0,25.4375,0.06,0
0,0,0,0,350,0.0,0,0,25.565,0.0725,0
0,0,0,0,350,-0.030769231,0,0,25.565,0.075,0
6,6,32,22,350,0.0,0,0,25.0175,0.0675,0
119,31,61,39,580,-0.034615385,1,0,25.9675,0.23,1
9,10,45,30,355,0.030769231,0,0,25.0625,0.06,0
3,3,15,10,355,0.042307692,0,0,24.9525,0.06,0
1,1,6,5,350,0.0,0,0,25.58,0.075,0
0,0,0,0,355,0.0,0,0,25.41,0.065,0
165,254,272,73,870,1.496153846,0,1,26.4225,0.6825,2
123,37,68,49,375,0.261538462,1,0,25.505,0.2975,1
124,37,70,50,365,0.242307692,0,0,25.4225,0.1225,1
118,22,185,9,730,-0.811538462,0,0,26.0175,0.2249999999999999,2
118,23,191,13,655,2.880769231,1,1,26.02,1.4,2
12,14,54,39,355,0.0,0,0,25.2825,0.0725,0
7,8,39,25,355,0.0,0,0,25.03,0.0675,0
9,10,45,32,355,0.0,0,0,25.6125,0.08,0
6,6,32,21,350,0.0,0,0,25.0175,0.075,0
8,9,42,29,355,0.0,0,0,25.0625,0.0675,0
122,35,57,44,395,-0.653846154,1,0,25.015,0.11,1
0,0,0,0,805,-1.703846154,0,0,25.83,0.0575,0
0,0,0,0,355,0.0,0,0,25.425,0.075,0
0,0,0,0,650,-2.280769231,0,0,25.6575,0.0625,0
0,0,0,0,360,0.0,0,0,25.315,0.07,0
0,0,0,0,375,0.007692308,0,0,25.3775,0.055,0
20,24,85,60,355,0.0,0,0,25.515,0.065,0
161,253,84,61,560,5.076923077,0,1,25.9225,0.9275,2
116,24,181,13,725,1.711538462,1,1,26.0,0.9325,2
0,0,0,0,355,-0.023076923,0,0,25.455,0.0775,0
148,236,180,24,785,1.661538462,1,1,25.97,0.3149999999999999,3
9,9,42,29,355,0.0,0,0,25.0625,0.0725,0
5,5,29,20,360,0.0,0,0,24.9825,0.0574999999999999,0
6,6,32,21,350,0.0,0,0,25.0,0.075,0
14,17,65,47,360,-0.007692308,0,0,25.3125,0.0675,0
121,26,49,36,410,-0.865384615,1,0,26.14,0.07,1
0,0,0,0,355,0.069230769,0,0,25.47,0.075,0
161,253,83,62,495,-1.488461538,0,0,25.9075,0.4725,2
14,15,72,53,590,-2.061538462,0,0,26.1725,0.0625,0
0,0,0,0,345,-0.226923077,0,0,25.25,0.065,0
11,12,53,36,355,-0.011538462,0,0,25.19,0.0625,0
0,0,0,0,1110,-5.023076923,0,0,26.1725,0.0675,0
0,0,0,0,355,-0.073076923,0,0,25.1125,0.0725,0
0,0,0,0,860,-2.642307692,0,0,25.8425,0.0625,0
14,16,64,45,360,0.126923077,0,0,25.2825,0.065,0
0,0,0,0,355,0.0,0,0,25.455,0.0675,0
0,0,0,0,1010,0.896153846,0,0,26.095,0.06,0
0,0,4,2,345,0.0,0,0,24.9675,0.07,0
16,18,70,49,355,0.0,0,0,25.33,0.075,0
0,0,0,0,475,-1.353846154,0,0,25.565,0.06,0
3,3,17,12,360,0.05,0,0,25.0325,0.0625,0
0,0,0,0,1030,-5.019230769,0,0,26.0925,0.06,0
0,0,0,0,360,0.0,0,0,25.25,0.0574999999999999,0
13,14,58,40,355,0.0,0,0,25.2375,0.07,0
0,0,0,0,710,-2.007692308,0,0,25.72,0.06,0
150,235,186,10,1030,2.019230769,0,1,26.205,0.1599999999999999,3
0,0,0,0,355,-0.026923077,0,0,25.0825,0.0725,0
7,7,36,24,360,-0.053846154,0,0,25.015,0.0625,0
5,6,29,20,345,0.0,0,0,24.9375,0.06,0
150,235,186,10,1050,2.084615385,1,1,26.2375,1.1925,3
156,244,80,62,635,1.407692308,1,0,26.2525,0.2625,2
3,3,17,12,350,0.0,0,0,24.935,0.07,0
6,6,32,21,360,0.0,0,0,24.9675,0.0625,0
117,22,185,9,715,-0.838461538,0,0,26.0175,0.465,2
0,0,0,0,345,0.0,0,0,25.11,0.06,0
0,0,0,0,795,-2.7,0,0,25.7975,0.06,0
0,0,0,0,360,0.023076923,0,0,25.11,0.06,0
0,0,5,3,350,-0.134615385,0,0,25.0175,0.0725,0
0,0,0,0,350,0.0,0,0,25.25,0.0675,0
114,19,180,7,1015,-0.426923077,0,1,26.1875,0.1575,2
6,7,35,22,360,0.011538462,0,0,25.0825,0.0574999999999999,0
14,14,70,50,640,-1.323076923,0,0,26.2025,0.06,0
9,9,42,29,355,-0.230769231,0,0,25.0625,0.1225,0
0,0,0,0,360,0.0,0,0,25.205,0.0575,0
0,0,0,0,480,-0.853846154,0,0,25.5,0.0675,0
0,0,0,0,400,-1.480769231,0,0,25.5,0.06,0
0,0,0,0,350,-0.019230769,0,0,25.5025,0.0675,0
0,0,0,0,830,-1.542307692,0,0,25.8275,0.095,0
0,0,0,0,355,0.107692308,0,0,25.485,0.0725,0
156,243,77,59,630,2.042307692,1,0,26.22,0.43,2
0,0,0,0,725,-2.069230769,0,0,25.735,0.065,0
0,0,0,0,555,-1.85,0,0,25.6125,0.0625,0
160,248,79,59,595,1.75,1,0,26.2175,0.5,2
114,24,176,9,805,2.096153846,1,1,26.03,0.43,2
117,19,183,7,1055,1.696153846,1,0,26.2525,0.1624999999999999,2
0,0,0,0,350,-0.184615385,0,0,25.2675,0.0675,0
0,0,0,0,345,0.0,0,0,25.17,0.0675,0
157,244,80,62,645,0.834615385,1,0,26.315,0.955,2
1,1,10,5,345,0.0,0,0,24.9525,0.0725,0
0,0,0,0,740,-2.384615385,0,0,25.7675,0.0575,0
0,0,0,0,610,-1.338461538,0,0,25.595,0.0625,0
123,35,59,45,440,0.976923077,0,0,25.125,0.075,1
0,0,0,0,345,-0.226923077,0,0,25.2525,0.07,0
0,0,0,0,380,-0.261538462,0,0,25.375,0.0625,0
0,0,0,0,355,0.2,0,0,25.44,0.0725,0
2,2,14,9,355,-0.030769231,0,0,24.985,0.0625,0
12,14,56,40,355,0.0,0,0,25.22,0.0725,0
123,35,57,44,395,-0.092307692,0,0,25.0325,0.08,1
0,0,0,0,720,-2.026923077,0,0,25.7675,0.055,0
0,0,0,0,365,-0.019230769,0,0,25.28,0.0574999999999999,0
0,0,0,0,355,-0.007692308,0,0,25.44,0.0725,0
117,22,185,10,720,0.838461538,0,0,26.0325,0.4925,2
148,234,178,10,1000,3.346153846,0,0,26.235,0.07,3
0,0,0,0,730,-2.084615385,0,0,25.765,0.06,0
9,10,45,30,360,0.134615385,0,0,25.175,0.0625,0
0,0,0,0,370,0.0,0,0,25.33,0.07,0
14,19,86,53,705,-2.538461538,0,0,26.0025,0.065,0
119,24,199,19,565,1.457692308,1,1,25.97,0.6174999999999999,2
0,0,0,0,495,-1.653846154,0,0,25.55,0.06,0
12,14,54,39,355,0.0,0,0,25.205,0.075,0
0,0,0,0,750,-2.092307692,0,0,25.7825,0.0675,0
148,235,178,10,895,2.226923077,0,1,26.345,0.0875,3
13,14,57,40,355,0.0,0,0,25.205,0.07,0
142,227,173,10,1250,0.992307692,0,0,26.7525,0.3,3
124,38,72,51,370,0.184615385,0,0,25.485,0.285,1
148,234,185,10,950,2.642307692,1,0,26.1725,0.0675,3
0,0,0,0,350,-0.026923077,0,0,25.5325,0.0725,0
160,249,78,58,500,2.580769231,0,0,25.8775,0.675,2
0,0,0,0,910,-3.588461538,0,0,25.9075,0.055,0
0,0,0,0,365,0.007692308,0,0,25.2025,0.0625,0
17,21,77,54,355,0.0,0,0,25.5325,0.07,0
0,0,0,0,360,-0.003846154,0,0,25.265,0.055,0
114,19,180,7,1040,0.438461538,1,0,26.1875,0.63,2
155,235,70,54,510,2.942307692,1,0,25.4525,0.6675000000000001,2
118,23,190,12,670,3.25,0,0,26.0175,0.4399999999999999,2
150,239,180,11,1205,0.35,1,1,26.6725,1.31,3
120,34,71,45,595,-2.092307692,0,0,25.925,0.71,1
0,0,1,1,350,-1.23e-17,0,0,25.0825,0.0725,0
9,9,43,29,360,-0.196153846,0,0,25.08,0.0625,0
7,7,37,24,360,-2.46e-17,0,0,25.0975,0.0575,0
7,8,38,25,355,0.0,0,0,25.015,0.0675,0
0,0,0,0,620,-2.2,0,0,25.6425,0.06,0
0,0,0,0,370,0.0,0,0,25.28,0.06,0
114,19,180,7,1035,-0.261538462,0,0,26.2025,0.7025,2
0,0,0,0,390,-0.280769231,0,0,25.455,0.0625,0
0,0,0,0,490,-1.830769231,0,0,25.485,0.07,0
6,6,31,20,360,0.0,0,0,25.015,0.0675,0
0,0,0,0,360,-0.073076923,0,0,25.265,0.0574999999999999,0
0,0,0,0,350,-0.023076923,0,0,25.4875,0.07,0
0,0,0,0,360,-0.069230769,0,0,25.1575,0.0625,0
17,21,79,57,355,0.0,0,0,25.5825,0.0725,0
2,2,10,7,355,0.030769231,0,0,24.9675,0.0625,0
150,235,186,10,870,2.496153846,0,1,26.11,0.665,3
0,0,0,0,365,-0.026923077,0,0,25.22,0.06,0
150,237,180,10,1200,2.103846154,1,0,26.5625,0.41,3
0,0,0,0,725,-1.976923077,0,0,25.765,0.0625,0
17,20,75,54,355,0.0,0,0,25.4675,0.07,0
18,23,82,59,355,0.0,0,0,25.565,0.0725,0
19,23,84,60,355,0.0,0,0,25.5675,0.075,0
0,0,0,0,735,-1.384615385,0,0,25.72,0.07,0
0,0,0,0,345,0.0,0,0,25.11,0.0625,0
117,27,45,26,615,0.869230769,0,0,25.9225,0.06,1
0,0,0,0,350,0.0,0,0,25.565,0.0775,0
0,0,0,0,360,-0.046153846,0,0,25.11,0.0549999999999999,0
17,21,94,58,785,-2.284615385,0,0,26.08,0.08,0
115,25,40,23,620,0.565384615,0,0,25.9375,0.0574999999999999,1
147,231,172,20,810,-0.365384615,1,1,25.9875,0.2975,2
15,20,68,49,355,0.0,0,0,25.4675,0.0775,0
118,21,28,20,510,1.515384615,1,0,26.2025,0.1875,1
0,0,0,0,370,-0.042307692,0,0,25.3775,0.0625,0
124,36,60,46,440,0.915384615,0,0,25.2175,0.1399999999999999,1
0,0,0,0,385,-0.111538462,0,0,25.47,0.0625,0
118,23,190,13,665,3.046153846,0,0,25.9875,0.8350000000000001,2
148,234,178,10,1060,2.815384615,1,0,26.235,0.8124999999999999,3
149,235,185,10,840,2.080769231,1,1,26.1575,0.5125000000000001,3
0,0,0,0,365,-0.003846154,0,0,25.3475,0.0574999999999999,0
0,0,0,0,365,-0.088461538,0,0,25.315,0.0675,0
0,0,0,0,355,0.011538462,0,0,25.425,0.07,0
6,6,33,21,360,0.0,0,0,24.9975,0.0625,0
7,7,37,24,360,0.019230769,0,0,25.0675,0.0625,0
149,234,185,10,990,2.019230769,0,0,26.205,0.3774999999999999,3
0,0,0,0,365,0.023076923,0,0,25.1875,0.0574999999999999,0
8,9,41,27,360,0.011538462,0,0,25.0625,0.06,0
0,0,0,0,355,0.065384615,0,0,25.44,0.0675,0
0,0,0,0,380,-0.288461538,0,0,25.4075,0.06,0
0,0,0,0,365,-0.05,0,0,25.28,0.06,0
0,0,0,0,775,-2.065384615,0,0,25.7975,0.0575,0
0,0,0,0,355,0.211538462,0,0,25.05,0.0575,0
156,244,80,60,630,1.315384615,1,1,26.0475,0.745,2
7,7,36,24,360,-0.038461538,0,0,25.0975,0.0625,0
0,0,0,0,355,-0.034615385,0,0,25.4225,0.075,0
9,10,44,29,355,0.0,0,0,25.125,0.0775,0
143,200,180,11,815,1.646153846,1,1,26.0475,1.9625,3
0,0,0,0,365,0.0,0,0,25.3475,0.0549999999999999,0
17,20,74,53,355,0.0,0,0,25.3125,0.075,0
0,0,0,0,345,0.0,0,0,25.205,0.0675,0
150,242,186,12,770,2.819230769,0,0,26.0625,0.395,3
10,12,49,34,355,0.0,0,0,25.19,0.0725,0
18,20,77,54,355,0.0,0,0,25.36,0.0725,0
0,0,0,0,355,0.0,0,0,25.265,0.0775,0
162,250,84,62,560,4.573076923,1,1,26.0,0.9625,2
0,0,0,0,625,-1.573076923,0,0,25.58,0.065,0
8,8,40,27,355,0.0,0,0,25.0325,0.0725,0
0,0,0,0,365,-0.069230769,0,0,25.1425,0.0625,0
18,21,77,55,355,0.0,0,0,25.4225,0.075,0
0,0,4,3,345,0.0,0,0,24.9525,0.0675,0
0,0,0,0,375,-0.196153846,0,0,25.3475,0.065,0
158,244,222,65,660,0.534615385,1,1,26.3425,0.5049999999999999,3
154,243,72,54,385,0.126923077,1,1,25.61,0.6025,2
0,0,0,0,360,-0.276923077,0,0,25.315,0.07,0
163,255,254,72,925,2.007692308,1,1,26.405,0.7125,3
150,234,186,10,915,4.088461538,0,0,26.175,0.1525,3
0,0,0,0,355,7.7e-19,0,0,25.425,0.0725,0
0,0,0,0,380,-0.088461538,0,0,25.425,0.065,0
113,18,176,7,1030,-1.303846154,0,0,26.2025,0.1825,2
148,235,178,10,940,3.038461538,1,1,26.2675,1.2725,3
1,1,10,6,350,0.0,0,0,24.9825,0.07,0
6,7,39,24,515,2.265384615,1,1,25.845,0.225,3
0,0,0,0,355,0.053846154,0,0,25.5025,0.0725,0
0,0,0,0,480,-0.988461538,0,0,25.485,0.0625,0
0,0,0,0,535,-2.419230769,0,0,25.5475,0.0675,0
0,0,0,0,350,-0.046153846,0,0,25.5175,0.0725,0
0,0,0,0,360,0.065384615,0,0,25.25,0.06,0
13,13,64,46,530,-3.45,0,0,26.1725,0.1825,0
0,0,0,0,360,0.0,0,0,25.0325,0.0574999999999999,0
123,37,68,49,375,0.276923077,0,0,25.52,0.4724999999999999,1
0,0,0,0,360,0.096153846,0,0,25.065,0.0625,0
114,19,179,7,1025,-1.0,1,1,26.1875,0.7425,2
0,0,0,0,375,-0.034615385,0,0,25.3625,0.055,0
0,0,0,0,425,-1.534615385,0,0,25.47,0.0625,0
0,0,0,0,360,-0.046153846,0,0,25.0175,0.06,0
7,8,29,26,475,2.919230769,0,0,25.815,0.125,3
6,7,33,22,345,0.0,0,0,25.015,0.0675,0
0,0,0,0,360,-0.065384615,0,0,25.22,0.06,0
3,3,16,11,350,-0.092307692,0,0,25.6125,0.0675,0
5,5,29,20,360,0.0,0,0,25.0325,0.0625,0
12,13,62,45,535,0.438461538,0,0,26.11,0.085,0
0,0,0,0,350,0.038461538,0,0,25.5175,0.07,0
0,0,0,0,350,-0.026923077,0,0,25.5175,0.0725,0
147,234,178,10,970,4.35,0,0,26.2825,0.23,3
0,0,0,0,355,0.0,0,0,25.1425,0.07,0
5,7,35,23,355,0.115384615,0,0,25.5975,0.07,0
123,36,65,47,360,0.046153846,0,0,25.3775,0.0725,1
0,0,0,0,350,-0.065384615,0,0,25.5175,0.0725,0
6,7,35,23,360,7.7e-19,0,0,25.0825,0.065,0
0,0,0,0,355,0.0,0,0,25.2025,0.0675,0
3,4,20,14,355,-0.023076923,0,0,25.6125,0.075,0
0,0,0,0,375,-0.192307692,0,0,25.345,0.06,0
0,0,0,0,350,0.0,0,0,25.5175,0.07,0
0,0,0,0,350,0.0,1,0,25.5475,0.075,0
0,0,0,0,560,-1.969230769,0,0,25.565,0.065,0
149,234,185,10,895,3.796153846,0,0,26.1575,0.315,3
0,0,5,3,355,-0.161538462,0,0,25.035,0.0575,0
0,0,0,0,815,-2.961538462,0,0,25.8275,0.06,0
9,8,50,30,430,1.423076923,1,0,25.86,0.4175,3
0,0,0,0,380,0.0,0,0,25.3775,0.0625,0
6,7,34,22,350,0.0,0,0,25.0475,0.0725,0
0,0,0,0,355,-0.053846154,0,0,25.0825,0.0725,0
117,27,45,26,605,0.788461538,0,0,25.9375,0.1075,1
1,1,7,5,350,0.0,0,0,25.58,0.07,0
0,0,0,0,700,-1.803846154,0,0,25.75,0.0574999999999999,0
14,15,63,45,360,-0.061538462,0,0,25.2825,0.0675,0
11,13,53,38,355,-0.119230769,0,0,25.2525,0.0625,0
8,8,40,27,360,-0.019230769,0,0,25.0325,0.0775,0
0,0,0,0,390,0.0,0,0,25.47,0.0525,0
0,0,0,0,370,-0.253846154,0,0,25.345,0.06,0
119,24,38,28,460,1.496153846,0,0,26.14,0.0725,1
15,19,67,49,355,0.0,0,0,25.4675,0.07,0
163,252,267,70,855,1.723076923,1,1,26.4075,1.5025000000000002,3
114,19,180,7,1015,-0.846153846,0,0,26.1575,0.1125,2
0,0,5,3,360,-0.061538462,0,0,25.05,0.06,0
16,19,71,51,355,0.0,0,0,25.4075,0.0775,0
117,19,184,7,1055,1.426923077,0,0,26.22,0.5725,2
142,227,5,6,835,-0.811538462,1,1,25.985,0.2525,2
14,18,66,48,355,0.0,0,0,25.5975,0.075,0
0,0,0,0,380,0.0,0,0,25.405,0.06,0
0,0,0,0,370,0.0,0,0,25.36,0.07,0
142,226,7,8,845,-0.242307692,1,1,25.9875,0.2825,2
10,11,49,34,355,0.130769231,0,0,25.16,0.0625,0
0,0,0,0,390,-1.569230769,0,0,25.455,0.0675,0
157,244,76,59,590,2.123076923,1,0,26.03,0.2249999999999999,2
14,18,67,49,355,0.0,0,0,25.5825,0.07,0
0,0,0,0,365,0.0,0,0,25.315,0.065,0
0,0,0,0,350,-0.042307692,0,0,25.5175,0.0725,0
150,236,186,10,1045,2.073076923,1,0,26.235,0.575,3
0,0,1,1,350,-0.173076923,0,0,25.065,0.0725,0
0,0,5,3,355,-0.188461538,0,0,25.05,0.06,0
0,0,0,0,360,-0.042307692,0,0,25.2975,0.06,0
0,0,2,2,350,0.0,0,0,25.565,0.0775,0
0,0,0,0,350,0.138461538,0,0,25.5025,0.0725,0
14,14,67,49,530,-3.811538462,1,0,26.1275,0.6325,0
145,230,170,19,840,1.107692308,1,0,25.9875,0.3175,2
0,0,0,0,370,-0.138461538,0,0,25.28,0.0625,0
0,0,0,0,365,-0.111538462,0,0,25.295,0.055,0
0,0,0,0,360,-0.138461538,0,0,25.315,0.065,0
0,0,0,0,355,0.161538462,0,0,25.5175,0.0775,0
14,18,83,51,710,-2.842307692,0,0,26.015,0.065,0
5,5,27,19,350,0.0,0,0,24.9675,0.07,0
0,0,0,0,345,0.0,0,0,25.0175,0.07,0
0,0,0,0,360,0.0,0,0,25.1125,0.0575,0
0,0,0,0,350,-0.073076923,0,0,25.44,0.075,0
0,0,0,0,365,-0.046153846,0,0,25.3475,0.06,0
0,0,0,0,370,-0.088461538,0,0,25.36,0.0675,0
13,16,78,49,650,-1.85,0,0,25.94,0.06,0
149,237,179,11,845,0.873076923,1,1,26.0825,0.4225,3
0,0,0,0,355,-0.011538462,0,0,24.9825,0.06,0
0,0,0,0,1125,-5.534615385,0,0,26.205,0.06,0
20,24,84,60,355,0.0,0,0,25.5175,0.0725,0
6,7,35,24,350,-0.030769231,0,0,25.5975,0.0725,0
10,10,47,33,355,0.0,0,0,25.11,0.07,0
118,22,185,9,735,-0.661538462,0,0,26.0325,1.2125,2
0,0,0,0,360,-0.046153846,0,0,25.1275,0.065,0
11,14,54,40,355,0.0,0,0,25.5975,0.0875,0
165,254,276,73,860,-0.792307692,0,1,26.375,1.01,2
6,7,33,21,345,0.0,0,0,25.0025,0.0675,0
0,0,0,0,375,-0.219230769,0,0,25.345,0.0575,0
10,10,38,34,375,0.276923077,0,1,25.7525,0.3925,3
146,230,175,22,820,1.803846154,1,1,25.955,0.5175000000000001,2
10,11,49,34,355,0.0,0,0,25.205,0.0725,0
4,5,23,15,360,0.030769231,0,0,25.0175,0.06,0
4,4,21,14,355,0.026923077,0,0,24.9675,0.0699999999999999,0
0,0,0,0,355,0.007692308,0,0,25.44,0.065,0
14,15,71,51,650,2.884615385,0,0,26.2675,0.065,0
6,7,34,22,360,0.0,0,0,24.9975,0.06,0
0,0,0,0,365,0.003846154,0,0,25.2025,0.06,0
0,0,0,0,370,0.0,0,0,25.3475,0.055,0
0,0,0,0,970,-2.103846154,0,0,25.97,0.055,0
161,252,82,61,560,5.138461538,0,1,25.9225,0.7675000000000001,2
151,243,187,12,770,2.573076923,0,1,26.08,0.3375,3
19,23,99,60,945,-0.180769231,0,0,26.22,0.0825,0
123,38,69,49,375,0.296153846,0,0,25.535,0.2724999999999999,1
0,0,0,0,365,-0.015384615,0,0,25.295,0.0575,0
3,3,20,12,740,2.676923077,1,1,25.9075,0.54,3
2,2,11,7,350,0.0,0,0,24.9825,0.07,0
151,243,188,12,770,2.2,0,1,26.0625,1.1525,3
0,0,0,0,350,0.015384615,0,0,25.5325,0.0725,0
0,0,0,0,355,0.0,0,0,25.3775,0.0725,0
0,0,0,0,470,-1.838461538,0,0,25.55,0.06,0
0,0,0,0,360,-0.076923077,0,0,25.205,0.0574999999999999,0
0,0,0,0,345,0.0,0,0,25.0175,0.0675,0
0,0,0,0,370,-0.073076923,0,0,25.3125,0.06,0
119,33,67,43,575,-1.219230769,0,0,25.94,0.1325,1
123,35,58,44,395,-0.542307692,1,0,25.015,0.11,1
150,236,186,10,1035,2.038461538,0,0,26.2225,0.21,3
4,4,19,13,360,0.046153846,0,0,25.0325,0.06,0
0,0,5,4,360,0.073076923,0,0,25.0175,0.0575,0
118,23,190,13,655,2.942307692,0,1,25.985,1.0025,2
146,230,170,20,840,2.034615385,0,0,25.9875,0.44,2
0,0,0,0,390,-1.626923077,0,0,25.455,0.0574999999999999,0
0,0,0,0,360,-0.023076923,0,0,25.1275,0.0574999999999999,0
163,254,268,74,970,1.673076923,1,1,26.455,1.2725,3
0,0,0,0,350,-0.157692308,0,0,25.25,0.0675,0
13,14,59,41,355,0.0,0,0,25.2525,0.0725,0
0,0,0,0,515,-1.803846154,0,0,25.5325,0.07,0
0,0,0,0,355,0.057692308,0,0,25.4725,0.07,0
0,0,0,0,385,-0.253846154,0,0,25.4375,0.06,0
0,0,0,0,355,0.0,0,0,25.25,0.07,0
3,3,16,11,350,-0.076923077,0,0,25.6125,0.0725,0
8,9,41,28,355,-0.026923077,0,0,25.0625,0.065,0
0,0,0,0,380,-0.046153846,0,0,25.4225,0.0574999999999999,0
0,0,0,0,460,-0.973076923,0,0,25.485,0.1025,0
0,0,0,0,355,-0.138461538,0,0,24.9375,0.0625,0
119,23,35,25,475,1.342307692,0,0,26.155,0.2725,1
0,0,0,0,575,-1.819230769,0,0,25.6275,0.06,0
5,5,22,15,345,0.0,0,0,24.9525,0.065,0
0,0,0,0,355,-0.038461538,0,0,24.9675,0.065,0
156,244,78,60,630,1.419230769,1,0,26.0975,0.445,2
0,0,0,0,355,0.1,0,0,25.5175,0.075,0
0,0,0,0,355,0.0,0,0,25.33,0.07,0
19,22,80,58,355,0.0,0,0,25.5175,0.075,0
0,0,0,0,365,0.0,0,0,25.265,0.0549999999999999,0
0,0,0,0,460,-2.042307692,0,0,25.565,0.0574999999999999,0
16,20,94,58,760,-3.315384615,0,0,26.065,0.0625,0
0,0,0,0,380,-0.126923077,0,0,25.39,0.065,0
0,0,0,0,360,-0.053846154,0,0,25.0025,0.0625,0
5,5,28,18,635,2.811538462,1,1,25.845,0.2275,3
117,26,190,20,645,0.784615385,0,0,25.985,0.1575,2
114,19,180,7,1020,-0.453846154,1,0,26.1875,0.135,2
150,236,180,10,1080,2.326923077,1,1,26.33,0.8925,3
0,0,0,0,370,-0.153846154,0,0,25.36,0.065,0
0,0,0,0,360,0.053846154,0,0,25.065,0.06,0
6,6,33,21,350,0.0,0,0,25.0325,0.0775,0
116,26,43,24,625,0.888461538,1,0,25.92,0.24,1
105,24,50,36,435,-1.411538462,1,0,26.0925,0.19,1
0,0,0,0,355,-0.042307692,0,0,24.985,0.0675,0
0,0,3,2,355,-0.1,0,0,25.0325,0.0574999999999999,0
14,14,69,50,640,-1.146153846,0,0,26.1875,0.07,0
142,227,7,8,835,-0.25,1,1,25.9875,0.3225,2
13,14,59,42,360,-0.084615385,0,0,25.2675,0.07,0
11,12,53,37,355,-0.088461538,0,0,25.175,0.0675,0
149,236,179,11,885,2.565384615,0,1,26.3125,0.18,3
0,0,0,0,440,-1.05,0,0,25.53,0.0549999999999999,0
0,0,0,0,630,-1.492307692,0,0,25.595,0.065,0
0,0,0,0,415,-1.192307692,0,0,25.5325,0.065,0
116,24,181,14,725,1.765384615,0,1,25.985,0.115,2
142,228,7,8,825,-0.207692308,1,1,25.9875,0.28,2
0,0,0,0,360,-0.023076923,0,0,25.1275,0.0575,0
2,3,14,10,360,-0.046153846,0,0,25.0475,0.0625,0
0,0,0,0,360,-0.046153846,0,0,25.25,0.0574999999999999,0
119,24,194,16,590,1.688461538,0,0,25.97,0.2299999999999999,2
0,0,0,0,675,-1.761538462,0,0,25.69,0.06,0
5,5,26,19,350,-0.180769231,0,0,25.5975,0.0725,0
1,1,10,6,360,0.05,0,0,25.065,0.0575,0
0,0,0,0,370,-0.288461538,0,0,25.33,0.06,0
0,0,0,0,350,-0.207692308,0,0,25.235,0.0675,0
0,0,0,0,350,-0.046153846,0,0,25.28,0.065,0
0,0,0,0,355,-0.107692308,0,0,25.47,0.07,0
0,0,5,4,350,0.0,0,0,25.58,0.0725,0
0,0,0,0,390,0.0,0,0,25.4525,0.0625,0
0,0,0,0,355,-0.046153846,0,0,25.455,0.07,0
0,0,0,0,380,-0.088461538,0,0,25.39,0.0675,0
8,10,41,30,355,0.0,0,0,25.6125,0.0775,0
14,17,65,45,355,0.0,0,0,25.315,0.0775,0
7,8,40,26,360,-0.011538462,0,0,25.0625,0.065,0
155,236,68,53,480,0.819230769,1,1,25.4075,0.4674999999999999,2
160,247,75,56,645,1.661538462,1,0,26.285,0.8825000000000001,2
0,0,0,0,350,0.107692308,0,0,25.455,0.0775,0
0,0,0,0,350,0.0,0,0,25.5475,0.07,0
0,0,0,0,360,-0.023076923,0,0,25.11,0.0625,0
157,249,73,54,385,0.369230769,1,0,25.6875,1.3275,2
0,0,0,0,960,-2.646153846,0,0,25.9725,0.1,0
156,243,74,58,590,2.019230769,0,0,25.9375,0.1,2
0,0,0,0,360,-0.238461538,0,0,25.315,0.0625,0
165,254,275,70,870,1.042307692,1,1,26.3925,1.9775,2
19,23,100,60,970,0.65,0,0,26.2675,0.0625,0
0,0,0,0,365,-0.192307692,0,0,25.315,0.065,0
0,0,0,0,355,-0.046153846,0,0,25.05,0.0625,0
0,0,0,0,700,-1.880769231,0,0,25.72,0.0575,0
3,3,16,11,345,0.0,0,0,24.935,0.0675,0
0,0,0,0,350,0.0,0,0,25.5325,0.075,0
0,0,5,4,345,0.0,0,0,24.9525,0.0675,0
2,2,14,10,355,0.065384615,0,0,24.9675,0.0625,0
0,0,0,0,360,0.092307692,0,0,25.1275,0.0574999999999999,0
16,19,70,50,355,0.0,0,0,25.3425,0.08,0
0,0,0,0,575,-1.8,0,0,25.625,0.06,0
12,12,61,45,545,-1.903846154,0,0,26.1425,0.0775,0
5,7,24,21,605,3.692307692,0,0,25.8425,0.1124999999999999,3
14,18,70,50,355,0.0,0,0,25.5975,0.0725,0
0,0,0,0,345,0.0,0,0,24.9675,0.07,0
7,9,38,27,355,0.0,0,0,25.6275,0.075,0
114,19,180,7,1030,0.338461538,1,0,26.1875,0.0925,2
0,0,5,3,350,0.0,0,0,25.58,0.0725,0
5,5,29,20,350,0.0,0,0,24.985,0.0675,0
149,239,180,12,830,1.830769231,1,0,26.1125,0.125,3
142,228,6,7,845,0.703846154,0,1,26.0,0.255,2
11,12,53,36,360,-0.065384615,0,0,25.175,0.06,0
0,0,0,0,370,0.0,0,0,25.36,0.0625,0
10,12,56,36,370,0.507692308,0,0,25.565,0.0725,3
0,0,0,0,355,-0.034615385,0,0,24.9675,0.0625,0
150,235,186,10,1010,2.138461538,0,0,26.22,0.2125,3
0,0,0,0,575,-1.657692308,0,0,25.6275,0.0675,0
0,0,0,0,390,-0.857692308,0,0,25.485,0.0575,0
17,21,94,57,845,-6.176923077,0,0,26.1575,0.065,0
114,19,179,7,1025,-0.676923077,0,0,26.1575,0.875,2
119,32,64,40,580,-0.230769231,1,0,25.9525,0.0975,1
160,244,224,67,675,1.430769231,1,1,26.515,0.94,3
115,24,181,13,725,1.646153846,1,0,26.0175,0.065,2
11,14,55,40,355,0.0,0,0,25.6125,0.07,0
146,231,176,22,815,1.580769231,1,1,25.955,0.1274999999999999,2
142,227,6,7,850,0.615384615,1,0,26.0,0.3974999999999999,2
0,0,0,0,360,-0.042307692,0,0,25.1575,0.0625,0
7,7,35,23,360,-0.030769231,0,0,25.0975,0.06,0
0,0,0,0,385,-0.088461538,0,0,25.4225,0.0574999999999999,0
116,26,43,25,615,0.923076923,0,0,25.9375,0.0625,1
121,34,54,40,390,0.253846154,0,0,24.9375,0.09,1
12,13,54,38,355,0.0,0,0,25.22,0.0725,0
14,15,72,52,535,-4.065384615,0,0,26.1575,0.1149999999999999,0
1,1,8,5,360,0.103846154,0,0,25.0175,0.06,0
147,232,174,20,800,-0.292307692,1,1,25.9875,0.4574999999999999,2
5,5,27,19,350,0.0,0,0,24.9675,0.075,0
124,40,76,55,380,0.25,1,0,25.55,0.065,1
118,23,188,12,690,2.584615385,0,0,26.0,0.44,2
0,0,0,0,360,0.034615385,0,0,25.25,0.06,0
0,0,0,0,365,-0.134615385,0,0,25.265,0.065,0
19,23,84,60,355,0.0,0,0,25.5675,0.0775,0
0,0,0,0,815,-1.661538462,0,0,25.8625,0.215,0
10,11,49,33,360,0.119230769,0,0,25.175,0.065,0
9,9,50,30,385,0.546153846,1,1,25.8125,0.3825,3
5,5,28,19,360,0.042307692,0,0,24.985,0.06,0
1,1,6,4,345,0.0,0,0,24.9675,0.065,0
0,0,0,0,350,-0.165384615,0,0,25.5175,0.0725,0
0,0,0,0,350,-0.084615385,0,0,25.485,0.0725,0
114,19,180,7,1005,-0.511538462,0,0,26.1575,0.355,2
0,0,5,3,350,-0.126923077,0,0,25.0175,0.07,0
0,0,0,0,355,0.0,0,0,25.1275,0.0725,0
19,23,101,61,975,0.496153846,0,0,26.2675,0.0625,0
0,0,0,0,530,-2.657692308,0,0,25.5325,0.07,0
0,0,0,0,490,-1.811538462,0,0,25.5,0.0675,0
160,247,218,59,950,0.223076923,1,1,26.5025,1.2875,3
1,1,8,5,355,0.0,0,0,24.9825,0.0575,0
0,0,0,0,355,0.042307692,0,0,25.5175,0.0725,0
16,19,71,51,355,0.0,0,0,25.3775,0.075,0
0,0,0,0,365,-0.046153846,0,0,25.28,0.0525,0
0,0,0,0,350,0.069230769,0,0,25.5025,0.0725,0
165,256,279,71,910,1.35,1,1,26.375,0.4475,3
150,239,181,11,1220,-0.503846154,1,1,26.6725,0.4824999999999999,3
0,0,0,0,355,0.0,0,0,25.3775,0.07,0
18,22,79,58,355,0.0,0,0,25.5325,0.08,0
0,0,0,0,355,0.007692308,0,0,25.455,0.075,0
0,0,0,0,385,-0.226923077,0,0,25.405,0.06,0
0,0,0,0,390,-0.884615385,0,0,25.4675,0.0574999999999999,0
5,5,24,17,350,0.0,0,0,24.92,0.0775,0
0,0,0,0,365,-0.065384615,0,0,25.265,0.065,0
155,242,78,59,640,1.111538462,1,0,26.2675,0.23,2
146,230,170,19,835,1.838461538,0,1,25.9725,0.26,2
0,0,5,4,350,0.0,0,0,25.58,0.07,0
0,0,0,0,965,-2.55,0,0,25.9875,0.065,0
2,2,14,9,350,0.0,0,0,24.9675,0.0675,0
5,6,31,20,360,0.0,0,0,24.9525,0.06,0
5,6,23,20,605,3.376923077,1,1,25.845,0.175,3
0,0,0,0,470,-1.388461538,0,0,25.5475,0.065,0
5,4,28,16,670,3.069230769,0,1,25.8575,0.215,3
0,0,0,0,600,-1.119230769,0,0,25.58,0.0675,0
0,0,0,0,355,-0.119230769,0,0,24.9375,0.0625,0
9,9,43,29,355,0.0,0,0,25.0475,0.07,0
0,0,0,0,370,0.0,0,0,25.2975,0.0575,0
0,0,0,0,655,-2.657692308,0,0,25.6425,0.0675,0
0,0,0,0,355,3.08e-18,0,0,25.44,0.07,0
14,16,80,50,625,-2.6,0,0,25.94,0.0625,0
0,0,0,0,390,-1.411538462,0,0,25.455,0.0625,0
2,2,12,8,355,-7.7e-19,0,0,24.9675,0.0574999999999999,0
0,0,6,4,355,0.0,0,0,24.97,0.065,0
5,5,29,20,360,0.0,0,0,24.985,0.0625,0
10,11,47,33,355,0.0,0,0,25.1425,0.0725,0
17,20,74,53,355,0.0,0,0,25.4375,0.0725,0
0,0,0,0,355,-0.003846154,0,0,25.44,0.07,0
0,0,0,0,355,0.015384615,0,0,25.4225,0.0725,0
17,21,94,58,830,-5.738461538,0,0,26.1275,0.065,0
119,35,74,48,585,-2.703846154,1,0,25.925,0.1225,1
2,2,14,9,345,0.0,0,0,24.97,0.0675,0
0,0,0,0,360,0.0,0,0,25.1125,0.0574999999999999,0
9,10,33,29,425,2.5,1,1,25.845,0.3775,3
6,6,33,23,350,0.0,0,0,25.0325,0.0725,0
0,0,0,0,360,-0.080769231,0,0,25.2975,0.0625,0
13,16,79,49,670,-1.680769231,0,0,25.9525,0.0675,0
0,0,0,0,355,0.1,0,0,25.5175,0.07,0
0,0,0,0,355,0.0,0,0,25.36,0.0675,0
2,2,11,7,360,-0.003846154,0,0,25.0325,0.0625,0
0,0,0,0,350,-0.142307692,0,0,25.5175,0.0725,0
0,0,0,0,365,-0.276923077,0,0,25.315,0.0625,0
0,0,0,0,355,0.0,0,0,25.485,0.08,0
118,24,193,14,605,1.565384615,0,0,25.9875,0.4725,2
124,39,71,52,380,0.3,1,0,25.565,0.3675,1
162,249,83,63,565,2.869230769,1,0,26.1725,0.4674999999999999,2
0,0,0,0,485,-1.365384615,0,0,25.58,0.065,0
0,0,0,0,1015,0.342307692,0,0,26.0475,0.0625,0
0,0,0,0,345,0.0,0,0,25.155,0.065,0
2,2,13,9,350,-0.003846154,0,0,25.58,0.075,0
0,0,0,0,360,-0.046153846,0,0,25.33,0.07,0
0,0,0,0,705,-1.661538462,0,0,25.735,0.06,0
10,10,53,33,370,0.969230769,1,1,25.6725,0.3125,3
115,25,39,22,615,0.326923077,1,0,25.9375,0.18,1
0,0,0,0,1030,-5.034615385,0,0,26.1075,0.055,0
17,20,73,52,355,0.0,0,0,25.4075,0.07,0
117,26,188,20,670,1.65,0,1,25.97,0.945,2
140,228,180,10,1265,2.2,1,1,26.595,1.0325,3
114,24,175,9,805,2.123076923,1,1,26.015,0.105,2
6,7,32,21,345,0.0,0,0,25.0025,0.065,0
150,237,187,11,785,1.85,0,0,26.0925,0.1525,3
9,10,45,33,355,0.0,0,0,25.58,0.0725,0
0,0,0,0,680,-2.15,0,0,25.675,0.0625,0
0,0,0,0,345,0.0,0,0,25.19,0.0725,0
0,0,0,0,425,-2.103846154,0,0,25.455,0.065,0
0,0,0,0,380,-0.242307692,0,0,25.4075,0.0625,0
2,2,14,9,360,-0.023076923,0,0,25.0475,0.06,0
162,253,82,61,445,-2.6,1,0,25.8475,0.6050000000000001,2
0,0,0,0,360,-0.065384615,0,0,25.0175,0.06,0
0,0,0,0,360,0.0,0,0,25.265,0.0549999999999999,0
124,38,72,52,370,0.042307692,0,0,25.485,0.2825,1
5,6,31,21,360,0.0,0,0,25.0,0.06,0
5,5,27,18,360,-0.003846154,0,0,24.97,0.0625,0
159,246,220,63,655,0.4,1,1,26.4225,1.3350000000000002,3
156,243,78,60,630,1.811538462,1,1,26.205,0.4549999999999999,2
116,25,185,17,690,2.653846154,0,1,26.0,0.6499999999999999,2
160,248,73,54,615,1.692307692,0,0,26.2325,0.08,2
1,1,7,5,345,0.0,0,0,24.9525,0.0675,0
0,0,0,0,355,0.0,0,0,24.9675,0.06,0
0,0,0,0,665,-3.169230769,0,0,25.6425,0.065,0
14,18,70,51,355,0.0,0,0,25.6125,0.0725,0
17,21,93,57,815,-2.523076923,0,0,26.095,0.0625,0
0,0,0,0,360,-0.088461538,0,0,25.2975,0.065,0
162,254,83,62,435,-2.273076923,0,0,25.8775,0.7475,2
7,8,38,25,355,0.0,0,0,25.015,0.07,0
0,0,0,0,355,0.069230769,0,0,25.5175,0.145,0
0,0,0,0,350,-0.073076923,0,0,25.4875,0.0725,0
150,239,180,12,830,1.765384615,1,1,26.08,1.9125,3
156,244,75,58,605,2.326923077,1,0,26.0925,0.2424999999999999,2
0,0,0,0,360,0.046153846,0,0,25.125,0.0625,0
0,0,0,0,355,0.0,0,0,25.1425,0.075,0
5,5,27,19,350,-0.146153846,0,0,25.6125,0.07,0
0,0,0,0,390,-0.088461538,0,0,25.4675,0.06,0
10,10,55,40,460,-1.634615385,0,0,26.0775,0.065,0
1,1,10,6,350,0.0,0,0,24.9675,0.075,0
19,23,82,59,355,0.0,0,0,25.5,0.0725,0
0,0,0,0,620,-0.984615385,0,0,25.58,0.065,0
5,5,26,18,345,0.0,0,0,24.97,0.0625,0
0,0,0,0,1215,-0.126923077,0,0,26.375,0.0625,0
14,19,70,51,355,0.0,0,0,25.6125,0.0725,0
8,10,40,29,355,0.0,1,0,25.6125,0.085,0
149,236,180,10,1170,2.815384615,1,1,26.36,1.2525,3
6,6,32,22,350,0.0,0,0,25.0,0.0725,0
1,1,10,6,355,0.0,0,0,24.9675,0.06,0
0,0,0,0,355,-0.057692308,0,0,25.5175,0.0725,0
0,0,0,0,350,-0.046153846,0,0,25.5025,0.0725,0
6,6,32,20,360,0.0,0,0,24.9975,0.0625,0
0,0,0,0,350,-0.203846154,0,0,25.5025,0.0725,0
5,5,27,20,350,-0.157692308,0,0,25.5975,0.0775,0
117,19,183,7,1045,0.334615385,0,0,26.2025,0.1025,2
160,248,72,54,610,1.684615385,0,0,26.2325,0.3624999999999999,2
123,35,57,44,410,0.923076923,0,0,25.0975,0.1075,1
150,235,180,10,1135,2.257692308,1,1,26.36,0.92,3
7,8,37,24,355,0.0,0,0,25.0,0.07,0
0,0,1,1,350,0.019230769,0,0,25.58,0.1149999999999999,0
162,247,228,70,835,8.096153846,1,0,26.44,1.2,3
10,13,54,40,355,0.0,0,0,25.6275,0.0775,0
5,7,36,22,570,3.803846154,0,1,25.845,0.1625,3
0,0,0,0,745,-1.519230769,0,0,25.735,0.065,0
0,0,0,0,350,-0.038461538,0,0,25.5025,0.0725,0
2,2,11,7,345,0.0,0,0,24.9525,0.065,0
150,239,181,11,1215,-0.434615385,0,1,26.735,0.54,3
123,37,69,49,375,0.219230769,0,0,25.5025,0.4449999999999999,1
6,6,32,21,360,0.0,0,0,24.9375,0.06,0
155,234,70,54,515,3.111538462,0,0,25.4375,0.195,2
0,0,0,0,355,-0.019230769,0,0,25.5175,0.07,0
0,0,0,0,350,0.076923077,0,0,25.5025,0.0725,0
9,8,50,30,425,2.380769231,1,1,25.86,0.5975,3
0,0,1,1,350,-0.046153846,0,0,25.065,0.0725,0
0,0,0,0,360,0.0,0,0,25.0025,0.0574999999999999,0
20,24,83,61,355,0.0,0,0,25.5,0.07,0
163,247,228,70,815,6.930769231,1,1,26.47,0.4375,3
146,237,185,26,780,1.607692308,1,1,25.91,0.31,3
0,0,0,0,840,-3.315384615,0,0,25.86,0.0625,0
0,0,0,0,355,0.011538462,0,0,25.5325,0.07,0
0,0,0,0,385,0.0,0,0,25.4375,0.0625,0
0,0,0,0,510,-1.726923077,0,0,25.58,0.06,0
17,20,75,54,355,0.0,0,0,25.4525,0.0725,0
123,37,68,49,360,0.092307692,0,0,25.3425,0.0675,1
0,0,0,0,365,-0.119230769,0,0,25.3775,0.06,0
20,23,82,60,355,0.0,0,0,25.55,0.0725,0
0,0,0,0,385,0.0,0,0,25.4375,0.0575,0
0,0,0,0,365,-0.126923077,0,0,25.315,0.065,0
14,19,71,51,355,0.0,0,0,25.5825,0.07,0
14,16,65,46,355,-0.065384615,0,0,25.315,0.0625,0
7,8,38,25,355,0.0,0,0,25.0475,0.07,0
119,33,67,42,570,-0.434615385,0,0,25.9075,0.2375,1
0,0,0,0,520,-2.265384615,0,0,25.515,0.0625,0
0,0,0,0,345,0.0,0,0,25.22,0.07,0
0,0,0,0,970,-2.257692308,0,0,25.985,0.06,0
6,7,33,21,345,0.0,0,0,25.0025,0.065,0
119,24,192,14,620,2.0,1,0,25.97,0.175,2
0,0,0,0,405,-1.019230769,0,0,25.5,0.0575,0
0,0,5,3,355,0.0,0,0,24.985,0.065,0
120,34,70,45,580,-1.65,0,0,25.9425,0.0625,1
0,0,0,0,420,-1.419230769,0,0,25.485,0.06,0
0,0,0,0,365,-0.05,0,0,25.3475,0.06,0
17,21,93,58,805,-2.35,0,0,26.08,0.065,0
150,237,180,11,1200,2.380769231,1,0,26.5925,0.1,3
123,37,70,50,365,0.288461538,1,0,25.4375,0.2675,1
143,228,173,10,1245,2.157692308,1,0,26.785,0.3,3
6,6,32,21,360,0.0,0,0,25.0325,0.0575,0
0,0,0,0,355,0.0,0,0,25.345,0.0775,0
16,21,93,57,770,-2.911538462,0,0,26.08,0.07,0
5,6,30,20,360,0.0,0,0,25.065,0.055,0
0,0,0,0,365,0.0,0,0,25.25,0.06,0
12,14,55,40,355,0.0,0,0,25.22,0.07,0
2,2,14,9,350,0.0,0,0,24.9525,0.0725,0
7,7,35,24,360,-0.038461538,0,0,24.9675,0.0675,0
15,16,75,54,640,1.942307692,0,0,26.25,0.065,0
10,11,56,41,470,-1.992307692,0,0,26.1075,0.0625,0
16,20,90,55,755,-3.907692308,0,0,26.0475,0.0575,0
0,0,0,0,365,0.003846154,0,0,25.3625,0.06,0
3,4,19,13,355,0.034615385,0,0,25.0325,0.0625,0
119,30,55,35,600,1.607692308,0,0,25.905,0.0625,1
0,0,0,0,845,-2.15,0,0,25.8425,0.06,0
11,12,60,44,510,-1.507692308,0,0,26.11,0.07,0
0,0,0,0,715,-2.0,0,0,25.75,0.06,0
10,10,48,32,355,-1.23e-17,0,0,25.16,0.0625,0
14,17,66,47,355,0.0,0,0,25.2675,0.07,0
3,3,18,13,350,0.0,0,0,24.92,0.075,0
117,22,185,10,725,1.623076923,0,1,26.0175,0.755,2
0,0,0,0,345,0.0,0,0,25.19,0.06,0
0,0,0,0,390,-1.707692308,0,0,25.44,0.07,0
19,23,84,60,355,0.0,0,0,25.5825,0.07,0
0,0,0,0,700,-1.569230769,0,0,25.735,0.06,0
0,0,0,0,365,-0.119230769,0,0,25.3925,0.0625,0
6,6,33,22,350,0.0,0,0,25.065,0.075,0
10,12,51,35,360,0.192307692,0,0,25.175,0.06,0
0,0,5,4,355,0.0,0,0,24.985,0.0574999999999999,0
0,0,0,0,345,0.0,0,0,25.1725,0.0625,0
165,254,278,72,840,-0.096153846,1,1,26.4225,1.185,2
6,8,35,24,355,-0.238461538,0,0,25.5975,0.07,0
8,10,41,29,355,0.0,0,0,25.6125,0.07,0
156,243,75,58,580,2.103846154,1,1,25.72,0.9175,2
149,234,185,10,920,3.953846154,0,0,26.19,0.1075,3
0,0,0,0,355,-0.126923077,0,0,25.08,0.06,0
157,244,75,59,595,2.292307692,1,0,26.125,0.5625,2
8,9,41,28,360,0.003846154,0,0,25.0625,0.0625,0
117,23,189,12,685,2.619230769,0,0,26.0,0.425,2
0,0,5,4,350,-0.046153846,0,0,25.0,0.0725,0
0,0,0,0,1240,1.626923077,0,0,26.4375,0.06,0
0,0,0,0,385,0.0,0,0,25.4225,0.0574999999999999,0
19,23,99,61,870,-3.688461538,0,0,26.175,0.095,0
0,0,0,0,355,-0.184615385,0,0,25.3,0.06,0
159,249,74,54,415,1.126923077,1,0,25.765,0.4375,2
17,20,92,56,835,-6.242307692,0,0,26.1425,0.0625,0
0,0,0,0,1010,0.946153846,0,0,26.095,0.06,0
6,6,34,22,360,0.0,0,0,24.9975,0.06,0
0,0,0,0,910,-3.011538462,0,0,25.9075,0.06,0
114,19,180,7,1025,-0.142307692,0,0,26.1725,0.445,2
0,0,0,0,355,0.003846154,0,0,25.0,0.0625,0
121,33,53,40,390,0.646153846,0,0,24.9225,0.275,1
0,0,0,0,360,-0.084615385,0,0,24.985,0.0625,0
118,28,49,29,595,0.157692308,0,0,25.92,0.0875,1
5,5,23,15,350,0.0,0,0,24.935,0.08,0
18,22,80,58,355,0.0,0,0,25.5675,0.0775,0
0,0,0,0,350,-0.119230769,0,0,25.47,0.0725,0
18,22,96,59,960,0.338461538,0,0,26.3,0.06,0
5,5,25,18,350,0.0,0,0,24.905,0.0725,0
9,10,45,32,355,0.0,0,0,25.6125,0.07,0
0,0,0,0,845,-2.707692308,0,0,25.8425,0.0574999999999999,0
17,20,74,53,355,0.0,0,0,25.4375,0.07,0
0,0,0,0,360,0.0,0,0,25.08,0.0625,0
147,233,176,23,805,1.519230769,1,1,25.955,0.0875,2
17,20,75,53,355,0.0,0,0,25.2975,0.07,0
10,10,48,33,355,-0.188461538,0,0,25.16,0.0625,0
0,0,0,0,365,-0.115384615,0,0,25.2825,0.055,0
115,24,181,13,725,1.696153846,0,1,26.0,0.7625,2
11,13,53,37,355,0.0,0,0,25.205,0.0725,0
116,21,24,18,530,1.215384615,1,0,26.185,0.2925,1
120,26,49,36,405,-1.061538462,0,0,26.125,0.25,1
0,0,0,0,360,0.0,0,0,25.235,0.0575,0
0,0,0,0,365,-0.165384615,0,0,25.3925,0.0625,0
13,14,57,41,355,0.0,0,0,25.2525,0.0725,0
0,0,0,0,620,-1.296153846,0,0,25.6125,0.1525,0
121,34,54,40,390,0.165384615,0,0,24.9525,0.08,1
6,7,35,22,360,-0.034615385,0,0,25.05,0.055,0
118,28,50,28,605,0.311538462,0,0,25.92,0.0675,1
156,244,77,59,630,1.9,0,1,26.2225,0.4975,2
0,0,0,0,355,0.176923077,0,0,25.44,0.0725,0
10,11,50,34,360,0.076923077,0,0,25.205,0.065,0
16,20,73,52,355,0.0,0,0,25.485,0.0675,0
0,0,0,0,350,0.0,1,0,25.5475,0.0725,0
0,0,0,0,360,0.003846154,0,0,24.985,0.06,0
10,10,48,32,360,-0.126923077,0,0,25.175,0.0625,0
0,0,0,0,350,0.130769231,0,0,25.455,0.075,0
6,7,35,23,360,0.0,0,0,25.0675,0.065,0
0,0,0,0,345,0.0,0,0,25.065,0.06,0
7,6,36,24,500,2.080769231,1,1,25.845,0.3025,3
0,0,0,0,360,0.0,0,0,25.0975,0.0574999999999999,0
18,21,78,55,355,0.0,0,0,25.4975,0.065,0
0,0,0,0,360,-0.080769231,0,0,25.25,0.06,0
8,8,39,26,355,0.0,0,0,25.03,0.07,0
13,14,65,47,535,-3.634615385,0,0,26.1425,0.105,0
0,0,0,0,370,0.0,0,0,25.315,0.0574999999999999,0
0,0,2,1,360,-0.107692308,0,0,25.05,0.06,0
165,257,279,72,890,-0.534615385,1,1,26.375,2.37,2
0,0,5,4,350,0.0,0,0,25.565,0.075,0
123,35,59,45,420,1.215384615,0,0,25.0975,0.215,1
0,0,0,0,375,-0.088461538,0,0,25.345,0.06,0
0,0,0,0,370,-0.211538462,0,0,25.36,0.0574999999999999,0
0,0,0,0,775,-2.1,0,0,25.8125,0.1525,0
8,9,41,28,360,0.026923077,0,0,25.05,0.0675,0
6,7,35,24,360,-0.023076923,0,0,25.0175,0.0675,0
0,0,0,0,370,-0.242307692,0,0,25.33,0.0574999999999999,0
146,231,175,21,805,1.230769231,1,1,25.955,0.0824999999999999,2
0,0,0,0,360,-0.030769231,0,0,25.11,0.0574999999999999,0
0,0,0,0,360,-0.057692308,0,0,25.11,0.0675,0
119,29,54,34,595,1.153846154,0,0,25.935,0.1475,1
9,10,44,29,360,-0.030769231,0,0,25.0925,0.0675,0
0,0,0,0,355,-0.134615385,0,0,25.08,0.0525,0
2,2,14,9,350,0.0,0,0,24.935,0.075,0
0,0,0,0,360,0.0,0,0,25.1125,0.0625,0
161,253,82,60,500,2.123076923,1,1,25.845,0.455,2
0,0,0,0,830,-1.896153846,0,0,25.8425,0.0625,0
0,0,0,0,355,0.0,0,0,25.0975,0.0725,0
118,28,50,28,600,0.238461538,0,0,25.92,0.105,1
0,0,0,0,365,-0.073076923,0,0,25.2975,0.06,0
0,0,0,0,360,-0.05,0,0,25.25,0.0574999999999999,0
124,36,60,45,445,0.957692308,0,0,25.1875,0.1725,1
161,249,84,62,575,2.303846154,0,1,26.1875,0.8925000000000001,2
149,235,180,10,1170,2.75,0,1,26.36,1.84,3
0,0,0,0,345,0.0,0,0,25.095,0.06,0
0,0,0,0,615,-0.9,0,0,25.565,0.065,0
0,0,4,3,355,-0.053846154,0,0,25.05,0.06,0
0,0,0,0,360,0.0,0,0,25.25,0.055,0
0,0,0,0,345,0.0,0,0,25.065,0.0675,0
0,0,0,0,355,-0.042307692,0,0,25.1125,0.0675,0
165,256,276,72,935,1.880769231,0,0,26.4075,0.1649999999999999,3
0,0,0,0,370,0.0,0,0,25.315,0.0625,0
117,28,49,28,615,0.6,1,0,25.905,0.0925,1
0,0,0,0,715,-2.2,0,0,25.72,0.06,0
0,0,0,0,360,0.057692308,0,0,25.08,0.0574999999999999,0
4,4,18,14,345,0.0,0,0,24.935,0.0675,0
120,33,67,43,570,-1.130769231,0,0,25.89,0.68,1
4,4,20,14,350,0.0,0,0,24.935,0.0675,0
149,239,180,12,825,1.626923077,1,1,26.08,0.3125,3
14,19,86,53,730,-3.069230769,0,0,26.0325,0.0625,0
0,0,0,0,350,-0.119230769,0,0,25.5175,0.0775,0
3,3,20,12,740,2.65,1,1,25.8925,0.3125,3
142,227,5,6,845,-0.276923077,1,1,25.985,0.3375,2
0,0,0,0,355,0.0,0,0,24.9825,0.065,0
149,234,185,10,940,2.669230769,0,0,26.1575,0.2,3
11,14,56,41,355,0.0,0,0,25.5975,0.0775,0
0,0,0,0,575,-1.584615385,0,0,25.6125,0.065,0
19,23,83,59,355,0.0,0,0,25.55,0.075,0
19,23,84,60,355,0.0,0,0,25.565,0.0725,0
0,0,0,0,610,-1.942307692,0,0,25.6425,0.0675,0
4,4,21,14,360,0.053846154,0,0,24.985,0.0625,0
0,0,0,0,790,-1.896153846,0,0,25.7975,0.0625,0
9,9,50,31,420,2.242307692,1,1,25.86,0.3775,3
14,19,86,53,705,-2.515384615,0,0,25.985,0.0675,0
18,21,77,56,355,0.0,0,0,25.55,0.0625,0
0,0,0,0,435,-1.215384615,0,0,25.5325,0.0575,0
0,0,0,0,370,-0.257692308,0,0,25.345,0.0675,0
0,0,0,0,910,-3.511538462,0,0,25.905,0.0625,0
11,13,54,37,360,-0.096153846,0,0,25.235,0.065,0
17,20,73,53,355,0.0,0,0,25.36,0.075,0
163,252,267,70,880,1.246153846,0,0,26.4225,0.1025,3
0,0,0,0,365,-0.161538462,0,0,25.3275,0.065,0
0,0,0,0,365,-0.038461538,0,0,25.205,0.0575,0
124,38,71,51,370,0.234615385,0,0,25.4525,0.35,1
0,0,0,0,355,-0.042307692,0,0,25.0975,0.07,0
7,9,38,28,355,0.0,0,0,25.6275,0.0775,0
1,1,10,7,350,0.0,0,0,24.9675,0.0725,0
14,17,80,50,640,-2.096153846,0,0,25.94,0.0574999999999999,0
8,10,42,30,355,0.0,0,0,25.6125,0.0775,0
0,0,0,0,650,-2.284615385,0,0,25.675,0.0625,0
0,0,0,0,370,-0.219230769,0,0,25.3625,0.06,0
160,244,223,67,670,1.038461538,1,1,26.4975,1.3275,3
0,0,0,0,530,-1.923076923,0,0,25.58,0.06,0
3,3,16,12,350,0.0,0,0,24.935,0.07,0
0,0,0,0,535,-1.746153846,0,0,25.5975,0.0574999999999999,0
14,15,63,45,360,-0.1,0,0,25.33,0.0625,0
10,12,49,35,355,0.0,0,0,25.175,0.075,0
123,35,60,45,445,0.946153846,0,0,25.1425,0.3125,1
143,225,174,10,1215,-0.038461538,1,0,26.8,0.7825,3
0,0,0,0,390,-1.638461538,0,0,25.425,0.0625,0
0,0,0,0,365,-0.092307692,0,0,25.315,0.0625,0
4,4,25,14,350,-0.065384615,0,0,25.6125,0.0725,0
0,0,0,0,365,-0.203846154,0,0,25.28,0.06,0
13,13,64,46,535,-2.615384615,0,0,26.14,0.1225,0
0,0,0,0,505,-1.596153846,0,0,25.55,0.0574999999999999,0
123,38,70,50,380,0.288461538,0,0,25.55,0.1,1
160,249,77,57,495,2.738461538,0,0,25.8775,0.6525,2
10,10,53,33,380,0.426923077,1,1,25.7975,0.1925,3
0,0,0,0,360,0.0,0,0,25.1275,0.055,0
0,0,0,0,355,-0.042307692,0,0,25.44,0.0725,0
7,7,37,24,360,0.015384615,0,0,25.0325,0.065,0
0,0,0,0,355,-0.046153846,0,0,25.2675,0.0675,0
5,5,31,17,635,2.742307692,1,1,25.8275,0.2749999999999999,3
0,0,0,0,355,-0.042307692,0,0,25.5175,0.07,0
0,0,0,0,385,0.0,0,0,25.4375,0.06,0
9,10,44,29,360,-0.065384615,0,0,25.0325,0.06,0
117,22,185,10,705,0.126923077,0,0,26.0325,0.6900000000000001,2
0,0,0,0,365,-0.057692308,0,0,25.265,0.0625,0
14,14,68,49,620,-0.030769231,0,0,26.1725,0.065,0
0,0,0,0,830,-3.530769231,0,0,25.8575,0.0575,0
0,0,0,0,370,-0.05,0,0,25.33,0.0625,0
0,0,0,0,985,-2.342307692,0,0,26.0025,0.06,0
0,0,5,3,345,0.0,0,0,24.9525,0.0675,0
14,17,68,49,355,0.0,0,0,25.5975,0.0675,0
0,0,0,0,360,0.0,0,0,25.1875,0.06,0
7,10,40,29,355,0.0,0,0,25.6125,0.0675,0
10,12,50,36,355,0.0,0,0,25.6125,0.0725,0
0,0,3,2,350,0.0,0,0,25.58,0.075,0
0,0,0,0,380,-0.192307692,0,0,25.4225,0.0625,0
114,19,179,7,1035,0.169230769,1,0,26.1725,0.0875,2
0,0,0,0,500,-1.426923077,0,0,25.565,0.06,0
14,14,70,50,640,-1.484615385,0,0,26.2025,0.0675,0
0,0,0,0,365,-0.042307692,0,0,25.22,0.065,0
0,0,0,0,355,-0.288461538,0,0,25.2825,0.065,0
19,23,80,58,355,0.0,0,0,25.5325,0.0675,0
0,0,0,0,375,-0.261538462,0,0,25.375,0.0574999999999999,0
119,24,194,16,590,1.619230769,1,1,25.9525,0.3675,2
10,11,51,35,355,-0.026923077,0,0,25.205,0.07,0
0,0,0,0,360,0.0,0,0,25.2825,0.06,0
17,21,93,57,840,-6.288461538,0,0,26.1425,0.0625,0
0,0,0,0,365,-0.034615385,0,0,25.295,0.0574999999999999,0
2,3,14,10,350,0.0,0,0,24.9375,0.075,0
0,0,0,0,370,-0.103846154,0,0,25.3925,0.06,0
9,10,44,32,355,0.0,0,0,25.6125,0.075,0
0,0,0,0,375,-0.138461538,0,0,25.3625,0.0574999999999999,0
0,0,0,0,370,0.0,0,0,25.3625,0.06,0
0,0,0,0,390,-1.65,0,0,25.455,0.055,0
0,0,0,0,370,-0.269230769,0,0,25.3625,0.06,0
18,20,77,55,355,0.0,0,0,25.4375,0.0725,0
117,21,25,18,530,1.173076923,0,0,26.17,0.22,1
160,249,75,56,405,0.926923077,1,0,25.7825,0.1325,2
0,0,0,0,875,-2.657692308,0,0,25.8775,0.06,0
5,5,29,17,630,2.669230769,1,1,25.86,0.375,3
150,239,182,10,1225,1.35,0,0,26.6875,0.3925,3
124,36,61,47,430,1.2,0,0,25.1275,0.45,1
0,0,0,0,385,0.0,0,0,25.425,0.065,0
150,238,181,10,1185,2.238461538,0,0,26.5625,1.03,3
0,0,0,0,355,0.0,0,0,25.4075,0.075,0
18,22,97,60,950,-0.707692308,1,1,26.205,0.435,0
150,236,180,10,1105,2.419230769,0,1,26.3,0.95,3
0,0,0,0,375,-0.280769231,0,0,25.39,0.0625,0
0,0,0,0,355,-0.011538462,0,0,25.44,0.0725,0
0,0,0,0,470,-1.423076923,0,0,25.565,0.06,0
0,0,6,5,350,0.0,0,0,25.565,0.07,0
17,21,95,58,830,-5.257692308,0,0,26.0775,0.06,0
150,239,182,11,1210,0.426923077,1,0,26.6875,0.5449999999999999,3
0,0,0,0,360,-0.169230769,0,0,25.315,0.0625,0
10,11,57,41,470,-2.253846154,0,0,26.0775,0.065,0
165,255,278,73,960,1.588461538,1,1,26.47,0.3924999999999999,3
17,20,73,53,355,0.0,0,0,25.4075,0.07,0
0,0,0,0,720,-2.092307692,0,0,25.72,0.0625,0
163,252,268,70,865,0.930769231,1,0,26.4525,0.0875,3
118,22,185,9,730,-0.780769231,0,0,26.0175,0.31,2
0,0,0,0,360,-0.111538462,0,0,25.2825,0.06,0
0,0,0,0,365,-0.05,0,0,25.22,0.0625,0
124,40,75,54,380,0.238461538,0,0,25.565,0.06,1
0,0,0,0,385,-0.146153846,0,0,25.4225,0.055,0
148,234,178,10,1060,2.896153846,0,1,26.235,0.2825,3
0,0,0,0,800,-1.734615385,0,0,25.8625,0.065,0
0,0,0,0,370,-0.192307692,0,0,25.36,0.06,0
0,0,0,0,410,-1.446153846,0,0,25.455,0.06,0
20,24,84,60,355,0.0,0,0,25.5175,0.07,0
7,7,36,24,360,-0.007692308,0,0,25.0975,0.0625,0
114,19,180,7,1035,-0.346153846,0,0,26.22,0.07,2
0,0,0,0,345,0.0,0,0,25.25,0.0825,0
165,256,279,72,935,1.692307692,0,0,26.425,0.0725,3
150,239,181,11,1200,-0.265384615,0,1,26.69,0.1025,3
0,0,0,0,390,-1.7,0,0,25.44,0.0675,0
0,0,0,0,360,0.0,0,0,25.235,0.065,0
0,0,0,0,350,0.042307692,0,0,25.5175,0.075,0
0,0,5,4,350,-0.042307692,0,0,24.985,0.07,0
0,0,0,0,360,-0.046153846,0,0,25.3125,0.06,0
5,5,28,19,345,0.0,0,0,24.9875,0.0675,0
0,0,0,0,750,-2.103846154,0,0,25.7825,0.0675,0
14,15,63,45,360,0.069230769,0,0,25.2825,0.065,0
5,6,30,20,360,0.0,0,0,25.065,0.0575,0
5,5,24,16,350,0.0,0,0,24.9375,0.0775,0
2,2,13,8,355,-0.015384615,0,0,24.985,0.065,0
0,0,0,0,595,-1.546153846,0,0,25.565,0.0625,0
0,0,0,0,350,-0.226923077,0,0,25.25,0.0625,0
124,36,61,46,430,1.2,1,0,25.1425,0.35,1
0,0,0,0,375,0.0,0,0,25.3775,0.0575,0
0,0,0,0,360,-0.238461538,0,0,25.315,0.065,0
6,7,32,21,345,0.0,0,0,24.9875,0.06,0
2,3,14,10,350,0.011538462,0,0,25.595,0.075,0
4,4,20,14,350,0.0,0,0,24.935,0.075,0
11,14,54,40,355,0.0,0,0,25.6125,0.0875,0
7,7,35,23,360,-0.007692308,0,0,25.0975,0.065,0
117,27,196,23,630,0.380769231,1,0,25.94,0.425,2
0,0,0,0,355,-0.115384615,0,0,25.095,0.06,0
0,0,0,0,375,-0.042307692,0,0,25.3625,0.06,0
0,0,0,0,375,0.0,0,0,25.36,0.055,0
149,238,184,25,785,1.630769231,1,0,25.955,0.185,3
14,17,80,49,680,-1.861538462,0,0,25.97,0.0625,0
0,0,0,0,450,-2.061538462,0,0,25.515,0.06,0
148,234,178,10,1010,2.846153846,1,1,26.25,0.1225,3
119,32,62,40,575,-0.130769231,0,0,25.9525,0.1,1
0,0,2,1,350,-0.2,0,0,25.0325,0.0725,0
149,235,185,10,840,2.1,1,1,26.1575,0.215,3
0,0,0,0,425,-1.226923077,0,0,25.455,0.0675,0
149,238,180,12,820,1.369230769,0,0,26.08,0.105,3
0,0,0,0,360,0.023076923,0,0,25.1275,0.0574999999999999,0
5,5,28,19,360,0.057692308,0,0,24.9825,0.0625,0
0,0,0,0,490,-1.711538462,0,0,25.485,0.065,0
0,0,0,0,350,-0.180769231,0,0,25.5025,0.0775,0
13,15,59,43,355,0.0,0,0,25.2525,0.075,0
0,0,0,0,670,-2.826923077,0,0,25.6575,0.065,0
0,0,0,0,355,0.0,0,0,25.36,0.07,0
161,253,81,61,475,1.707692308,1,1,25.83,0.4024999999999999,2
0,0,0,0,355,-0.146153846,0,0,25.5325,0.0825,0
5,5,26,18,360,0.0,0,0,25.065,0.0574999999999999,0
0,0,1,1,350,0.030769231,0,0,25.5475,0.0775,0
114,24,175,10,775,1.442307692,0,0,26.015,0.0725,2
0,0,0,0,370,-0.080769231,0,0,25.295,0.06,0
0,0,0,0,475,-1.807692308,0,0,25.565,0.0574999999999999,0
0,0,0,0,825,-1.25,0,0,25.7975,0.06,0
8,9,42,29,355,0.0,0,0,25.0625,0.0725,0
0,0,0,0,550,-2.042307692,0,0,25.565,0.065,0
0,0,0,0,500,-1.780769231,0,0,25.565,0.06,0
2,2,13,8,355,0.011538462,0,0,25.0175,0.06,0
0,0,0,0,360,0.0,0,0,25.175,0.0574999999999999,0
4,4,20,14,350,0.0,0,0,24.9525,0.07,0
5,6,31,20,360,0.0,0,0,25.05,0.0625,0
0,0,0,0,355,0.0,0,0,25.3275,0.07,0
0,0,0,0,350,-0.026923077,0,0,25.5175,0.07,0
0,0,0,0,360,0.011538462,0,0,25.1275,0.06,0
6,6,32,21,360,0.0,0,0,25.0475,0.0625,0
0,0,0,0,355,-0.046153846,0,0,24.985,0.0625,0
19,23,100,61,970,-0.176923077,0,0,26.36,0.0675,0
114,19,180,7,1010,-0.426923077,0,1,26.1575,0.6575,2
119,29,54,34,595,1.592307692,0,0,25.9375,0.0625,1
0,0,0,0,845,-2.284615385,0,0,25.86,0.0575,0
0,0,0,0,355,0.0,0,0,25.4075,0.0675,0
114,19,180,7,1015,-0.219230769,0,0,26.1575,0.18,2
6,7,35,24,360,0.0,0,0,25.065,0.0625,0
0,0,0,0,355,0.103846154,0,0,25.44,0.0725,0
149,235,185,10,910,4.046153846,0,0,26.1575,0.13,3
11,12,52,36,360,6.16e-18,0,0,25.22,0.065,0
6,7,32,21,345,0.0,0,0,25.0175,0.0675,0
0,0,0,0,510,-2.019230769,0,0,25.58,0.0625,0
150,235,185,10,1000,2.426923077,1,0,26.1875,0.1025,3
1,1,10,6,350,0.0,0,0,25.595,0.075,0
0,0,6,4,345,0.0,0,0,24.9525,0.06,0
115,19,181,7,1000,-1.015384615,1,0,26.1425,1.135,2
0,0,0,0,350,0.05,0,0,25.5025,0.0675,0
0,0,0,0,355,0.134615385,0,0,25.55,0.075,0
0,0,0,0,940,-2.826923077,0,0,25.9575,0.0675,0
0,0,0,0,355,0.042307692,0,0,25.485,0.0725,0
10,10,46,31,360,0.019230769,0,0,25.1275,0.065,0
6,7,35,22,360,-0.030769231,0,0,25.0675,0.0625,0
8,8,33,29,430,2.507692308,1,1,25.845,0.4,3
16,20,71,51,355,0.0,0,0,25.3925,0.075,0
0,0,0,0,365,-0.084615385,0,0,25.2975,0.06,0
0,0,0,0,635,-1.384615385,0,0,25.6275,0.0675,0
160,248,79,59,600,1.711538462,1,1,26.2325,0.44,2
0,0,0,0,345,0.0,0,0,25.065,0.0625,0
0,0,0,0,365,0.011538462,0,0,25.28,0.0574999999999999,0
7,7,37,24,355,-0.046153846,0,0,25.0975,0.0574999999999999,0
0,0,0,0,1270,2.165384615,1,1,26.595,0.37,3
0,0,0,0,365,0.019230769,0,0,25.1575,0.0574999999999999,0
0,0,0,0,360,-0.026923077,0,0,25.1425,0.0625,0
0,0,0,0,390,-0.757692308,0,0,25.485,0.06,0
0,0,0,0,345,-0.103846154,0,0,25.25,0.065,0
0,0,0,0,360,-0.053846154,0,0,25.1425,0.0625,0
123,35,57,44,425,1.176923077,0,0,25.11,0.3925,1
10,10,48,32,360,-0.065384615,0,0,25.175,0.065,0
149,234,185,10,970,2.069230769,0,1,26.19,0.2725,3
165,254,275,70,880,1.042307692,0,1,26.39,0.23,3
10,11,56,41,460,-2.184615385,0,0,26.0775,0.065,0
114,24,177,10,775,1.361538462,0,1,26.015,0.1125,2
0,0,0,0,365,-0.242307692,0,0,25.315,0.07,0
10,11,49,35,355,0.0,0,0,25.19,0.0725,0
0,0,4,2,345,0.0,0,0,24.9525,0.07,0
10,10,50,36,445,-1.05,0,0,26.0625,0.0625,0
0,0,0,0,360,-0.038461538,0,0,25.1575,0.0675,0
159,245,216,65,665,0.707692308,1,0,26.4525,0.4199999999999999,2
114,24,177,10,765,1.2,1,1,26.0325,0.5475,2
115,19,180,7,995,-1.169230769,1,1,26.1275,0.93,2
6,7,35,23,360,-0.007692308,0,0,25.0825,0.06,0
149,238,180,11,820,1.188461538,1,0,26.08,0.06,3
0,0,1,1,355,-0.065384615,0,0,25.05,0.0575,0
0,0,0,0,755,-2.088461538,0,0,25.7825,0.0725,0
0,0,0,0,845,0.923076923,0,0,25.94,0.0675,0
0,0,0,0,1030,0.334615385,0,0,26.1425,0.06,0
10,11,49,34,360,0.161538462,0,0,25.175,0.06,0
0,0,0,0,495,-1.492307692,0,0,25.5625,0.06,0
10,11,48,33,355,0.0,0,0,25.14,0.075,0
12,15,60,45,355,0.0,0,0,25.6125,0.0849999999999999,0
0,0,0,0,355,-0.038461538,0,0,25.095,0.06,0
155,248,72,54,385,0.192307692,0,1,25.625,0.5175000000000001,2
0,0,0,0,385,-0.3,0,0,25.4225,0.0675,0
0,0,0,0,370,-0.080769231,0,0,25.3625,0.06,0
147,232,173,20,810,-0.415384615,1,1,25.9875,0.3399999999999999,2
0,0,0,0,360,-0.273076923,0,0,25.3,0.0675,0
7,7,36,24,355,-0.219230769,0,0,24.9825,0.0725,0
123,38,70,50,375,0.261538462,0,0,25.55,0.1375,1
142,227,5,7,845,-0.3,1,1,25.97,0.2225,2
0,0,0,0,400,-0.565384615,0,0,25.485,0.0575,0
10,11,49,34,355,0.0,0,0,25.1575,0.075,0
0,0,0,0,365,-0.288461538,0,0,25.315,0.0675,0
10,10,48,33,355,-0.046153846,0,0,25.1275,0.0625,0
117,19,184,7,1055,2.107692308,0,0,26.2675,0.45,2
0,0,0,0,355,-0.046153846,0,0,25.1575,0.06,0
0,0,0,0,750,-2.253846154,0,0,25.7825,0.0575,0
0,0,0,0,355,0.0,0,0,24.9675,0.0574999999999999,0
0,0,0,0,380,-0.276923077,0,0,25.4225,0.0574999999999999,0
2,2,11,7,350,0.0,0,0,24.9675,0.07,0
0,0,0,0,355,0.146153846,0,0,25.4225,0.075,0
11,12,59,43,520,-0.507692308,0,0,26.11,0.0625,0
112,34,76,49,595,-3.526923077,0,0,25.9225,0.4674999999999999,1
123,35,59,45,420,1.234615385,1,0,25.1125,0.235,1
155,237,71,55,500,1.707692308,1,1,25.4225,0.2775,2
0,0,0,0,360,-0.069230769,0,0,25.1725,0.06,0
10,13,55,35,370,1.107692308,0,0,25.5975,0.505,3
0,0,0,0,415,-1.026923077,0,0,25.455,0.0725,0
0,0,0,0,890,-2.776923077,0,0,25.925,0.0575,0
0,0,0,0,350,0.138461538,0,0,25.5325,0.0725,0
14,16,64,45,360,0.088461538,0,0,25.2675,0.06,0
123,35,58,44,410,0.903846154,0,0,25.08,0.19,1
0,0,0,0,375,0.0,0,0,25.3775,0.06,0
163,248,229,70,815,6.361538462,1,1,26.44,2.405,3
0,0,0,0,380,0.0,0,0,25.4225,0.06,0
0,0,0,0,355,0.219230769,0,0,25.5175,0.0725,0
115,20,24,16,535,0.980769231,0,0,26.17,0.065,1
0,0,0,0,715,-1.576923077,0,0,25.7025,0.0675,0
0,0,0,0,355,0.0,0,0,25.3475,0.065,0
3,3,16,11,355,0.003846154,0,0,24.985,0.065,0
10,10,54,34,375,0.161538462,0,0,25.75,0.175,3
0,0,0,0,395,-1.669230769,0,0,25.4075,0.065,0
160,246,75,55,490,3.042307692,0,0,25.83,0.16,2
150,236,180,10,1105,2.215384615,0,1,26.315,0.5549999999999999,3
5,7,34,23,355,0.161538462,0,0,25.5975,0.0675,0
0,0,0,0,350,0.073076923,0,0,25.5475,0.0725,0
0,0,0,0,365,0.0,0,0,25.315,0.0675,0
9,10,45,30,355,-0.053846154,0,0,25.1125,0.0625,0
0,0,0,0,385,-0.111538462,0,0,25.4225,0.0574999999999999,0
0,0,0,0,350,-0.211538462,0,0,25.5175,0.075,0
0,0,0,0,375,-0.038461538,0,0,25.3475,0.06,0
156,244,79,60,615,0.923076923,1,0,26.0475,0.3125,2
17,20,73,53,355,0.0,0,0,25.4225,0.075,0
115,24,181,13,730,1.461538462,0,1,25.985,1.245,2
2,2,14,9,360,0.05,0,0,24.97,0.06,0
5,5,29,20,350,0.0,0,0,25.0,0.0675,0
17,20,73,53,355,0.0,0,0,25.4675,0.0775,0
0,0,0,0,350,-0.019230769,0,0,25.5475,0.125,0
0,0,0,0,355,-0.038461538,0,0,25.455,0.075,0
0,0,0,0,365,0.073076923,0,0,25.25,0.0625,0
0,0,0,0,695,-1.323076923,0,0,25.75,0.06,0
0,0,0,0,355,0.0,0,0,25.425,0.0775,0
156,243,71,57,590,1.996153846,0,0,25.9225,0.1875,2
163,249,229,70,810,3.288461538,1,1,26.455,0.98,3
6,7,35,24,350,-0.030769231,0,0,25.6275,0.0725,0
0,0,0,0,355,-0.053846154,0,0,25.5175,0.07,0
15,17,67,49,355,0.0,0,0,25.2975,0.075,0
13,14,58,41,355,0.0,0,0,25.2825,0.1,0
0,0,0,0,365,-0.042307692,0,0,25.22,0.0625,0
0,0,0,0,380,-0.288461538,0,0,25.4075,0.0575,0
120,34,70,44,580,-1.284615385,0,0,25.94,0.6774999999999999,1
150,237,187,11,790,1.342307692,0,1,26.11,0.1475,3
148,234,178,10,995,4.330769231,0,1,26.2825,1.37,3
0,0,0,0,355,0.084615385,0,0,25.4375,0.0775,0
119,24,37,27,465,1.523076923,1,0,26.155,0.1425,1
0,0,0,0,450,-1.923076923,0,0,25.5,0.0574999999999999,0
0,0,0,0,360,0.0,0,0,25.1875,0.0574999999999999,0
114,19,180,7,1040,0.046153846,0,0,26.1725,0.31,2
17,20,73,53,355,0.0,0,0,25.4375,0.0725,0
0,0,0,0,345,0.0,0,0,25.1875,0.0725,0
10,11,49,34,355,0.0,0,0,25.1425,0.07,0
0,0,0,0,350,0.030769231,0,0,25.5325,0.2625,0
0,0,0,0,825,-1.465384615,0,0,25.8125,0.0575,0
11,13,53,38,355,0.0,0,0,25.22,0.0725,0
118,20,19,19,535,0.434615385,1,1,26.17,0.495,1
124,37,64,49,445,0.857692308,0,0,25.2175,0.5775,1
114,24,176,10,770,1.326923077,1,1,26.015,0.3099999999999999,2
0,0,0,0,1020,-4.542307692,0,0,26.0475,0.065,0
162,254,83,62,435,-1.773076923,0,0,25.845,0.7274999999999999,2
0,0,0,0,360,0.065384615,0,0,24.9675,0.0625,0
124,39,71,52,375,0.242307692,0,0,25.55,0.0625,1
0,0,0,0,360,-0.184615385,0,0,25.28,0.06,0
0,0,0,0,350,0.057692308,0,0,25.5025,0.0725,0
0,0,0,0,355,0.0,0,0,25.3775,0.075,0
0,0,0,0,880,-3.507692308,0,0,25.875,0.0575,0
0,0,0,0,365,-0.061538462,0,0,25.28,0.0625,0
0,0,0,0,345,0.0,0,0,25.02,0.065,0
17,20,75,54,355,0.0,0,0,25.3775,0.075,0
149,237,181,24,785,1.519230769,1,0,25.9225,0.2125,3
118,28,50,28,605,0.376923077,0,0,25.92,0.065,1
1,1,9,5,345,0.0,0,0,24.9675,0.0675,0
0,0,0,0,355,-0.080769231,0,0,25.3,0.0625,0
0,0,0,0,865,-3.423076923,0,0,25.8925,0.0575,0
141,226,7,7,850,-0.107692308,1,0,25.9875,0.2425,2
0,0,0,0,380,-0.192307692,0,0,25.4225,0.06,0
7,8,37,27,355,-0.030769231,0,0,25.6125,0.0725,0
8,8,40,26,360,7.7e-19,0,0,25.0475,0.0675,0
12,14,56,40,355,0.0,0,0,25.235,0.075,0
18,22,79,57,355,0.0,0,0,25.5325,0.08,0
1,1,7,5,350,0.0,0,0,25.565,0.07,0
18,21,78,56,355,0.0,0,0,25.5325,0.07,0
0,0,0,0,680,-2.073076923,0,0,25.6575,0.065,0
119,33,65,41,565,-0.861538462,1,0,25.9225,0.085,1
0,0,0,0,370,0.0,0,0,25.3775,0.055,0
0,0,0,0,435,-1.923076923,0,0,25.4525,0.0675,0
0,0,0,0,850,0.992307692,0,0,25.955,0.065,0
10,12,50,35,360,0.188461538,0,0,25.205,0.065,0
163,253,268,70,885,1.426923077,1,1,26.44,1.2075,2
14,15,71,52,565,-3.296153846,0,0,26.19,0.065,0
4,4,29,16,675,3.511538462,0,0,25.875,0.295,3
0,0,0,0,400,-1.442307692,0,0,25.485,0.0549999999999999,0
116,25,39,22,620,0.35,0,0,25.9225,0.1425,1
0,0,0,0,350,-0.092307692,0,0,25.4875,0.0675,0
0,0,0,0,825,-0.580769231,0,0,25.88,0.0625,0
0,0,0,0,370,0.0,0,0,25.36,0.0675,0
0,0,0,0,345,0.0,0,0,25.19,0.07,0
3,4,19,13,350,-0.034615385,0,0,25.6125,0.12,0
164,253,270,70,860,0.880769231,0,1,26.47,0.1075,3
10,12,52,38,355,0.0,0,0,25.5975,0.0725,0
11,12,53,36,360,0.107692308,0,0,25.19,0.0625,0
6,7,33,22,345,0.0,0,0,25.0475,0.0675,0
15,16,73,53,630,-0.473076923,0,0,26.25,0.065,0
0,0,0,0,375,-0.246153846,0,0,25.375,0.0625,0
0,0,0,0,700,-2.053846154,0,0,25.72,0.0574999999999999,0
0,0,0,0,660,-2.480769231,0,0,25.6425,0.065,0
3,3,15,11,350,-0.107692308,0,0,25.6125,0.075,0
17,20,75,54,355,0.0,0,0,25.4075,0.0675,0
0,0,0,0,355,-0.161538462,0,0,24.9675,0.065,0
0,0,0,0,365,-0.138461538,0,0,25.3475,0.06,0
0,0,0,0,355,-0.165384615,0,0,25.095,0.0574999999999999,0
0,0,0,0,355,-0.003846154,0,0,25.44,0.065,0
165,255,277,72,875,1.107692308,0,1,26.345,0.1875,3
5,5,25,17,345,0.0,0,0,24.97,0.0675,0
0,0,0,0,355,-0.280769231,0,0,25.2975,0.065,0
160,248,80,59,495,3.1,0,0,25.815,0.5425000000000001,2
0,0,0,0,360,0.0,0,0,25.0825,0.065,0
14,14,69,50,645,-0.115384615,0,0,26.1875,0.08,0
5,5,26,18,360,0.088461538,0,0,24.9675,0.0625,0
114,19,180,7,1040,-0.446153846,0,0,26.205,0.075,2
115,20,21,14,535,0.561538462,0,0,26.17,0.0675,1
0,0,0,0,345,0.0,0,0,25.155,0.0675,0
159,246,221,66,695,2.319230769,1,1,26.5475,0.8400000000000001,3
150,239,182,11,1215,0.361538462,1,1,26.6875,0.645,3
119,29,54,34,595,1.057692308,0,0,25.905,0.155,1
0,0,0,0,480,-1.346153846,0,0,25.5825,0.065,0
0,0,0,0,360,0.0,0,0,25.05,0.06,0
0,0,0,0,365,0.0,0,0,25.33,0.055,0
0,0,0,0,370,-0.234615385,0,0,25.33,0.06,0
5,5,28,20,355,-0.169230769,0,0,25.5975,0.2475,0
0,0,0,0,910,-3.611538462,0,0,25.9075,0.06,0
0,0,0,0,390,-0.742307692,0,0,25.44,0.0574999999999999,0
0,0,0,0,350,0.042307692,0,0,25.5175,0.0725,0
151,239,182,11,1210,1.030769231,0,1,26.6875,0.3575,3
120,26,49,35,420,-1.823076923,0,0,26.0925,0.12,1
117,23,189,11,700,2.511538462,0,0,26.0,0.7775,2
149,235,178,10,1015,2.653846154,1,1,26.235,1.3775,3
0,0,0,0,355,-0.057692308,0,0,25.4225,0.075,0
0,0,0,0,355,0.05,0,0,25.5025,0.07,0
118,22,28,20,505,1.396153846,0,0,26.1875,0.5974999999999999,1
0,0,0,0,490,-1.446153846,0,0,25.565,0.065,0
2,3,12,10,760,1.819230769,1,1,25.9075,0.6275,3
13,16,65,47,355,0.0,0,0,25.5975,0.0725,0
0,0,0,0,670,-2.615384615,0,0,25.6725,0.07,0
123,38,71,51,365,0.288461538,1,0,25.4375,0.2875,1
0,0,0,0,355,0.0,0,0,25.345,0.0725,0
16,20,72,52,355,0.0,0,0,25.3925,0.0775,0
150,236,186,10,880,2.984615385,1,0,26.1575,0.3475,3
157,241,68,53,450,0.623076923,1,0,25.3475,0.91,2
18,22,80,57,355,0.0,0,0,25.5325,0.07,0
9,10,45,32,355,0.0,0,0,25.6125,0.0675,0
0,0,0,0,365,-0.134615385,0,0,25.3925,0.0625,0
10,11,48,33,355,0.0,0,0,25.14,0.0725,0
13,14,65,47,540,0.223076923,0,0,26.11,0.565,0
3,3,17,12,360,0.042307692,0,0,25.0325,0.0575,0
0,0,0,0,360,0.0,0,0,25.19,0.0625,0
122,36,65,47,370,0.269230769,1,0,25.4675,0.395,1
10,10,52,32,370,0.0,0,1,25.705,0.2825,3
2,2,14,8,345,0.0,0,0,24.97,0.065,0
0,0,2,2,355,-0.007692308,0,0,24.9675,0.0625,0
14,15,64,45,360,0.15,0,0,25.2825,0.0625,0
0,0,0,0,345,0.0,0,0,25.0025,0.0675,0
157,248,72,54,390,0.388461538,1,0,25.6725,0.6050000000000001,2
0,0,0,0,345,0.0,0,0,24.9675,0.065,0
0,0,0,0,370,0.0,0,0,25.3275,0.065,0
14,15,63,45,360,0.1,0,0,25.2675,0.0625,0
150,237,186,11,780,2.034615385,0,1,26.11,0.155,3
0,0,0,0,345,0.0,0,0,25.095,0.0725,0
0,0,0,0,350,0.065384615,0,0,25.485,0.07,0
0,0,0,0,355,-0.192307692,0,0,25.095,0.06,0
0,0,0,0,355,0.076923077,0,0,25.4875,0.0675,0
17,21,95,59,835,-5.938461538,0,0,26.1275,0.0625,0
114,19,179,7,1040,-0.403846154,1,0,26.1875,0.105,2
164,253,272,71,860,1.403846154,1,1,26.4525,0.3849999999999999,3
0,0,0,0,350,0.126923077,0,0,25.5025,0.075,0
0,0,0,0,360,0.180769231,0,0,25.065,0.0574999999999999,0
0,0,2,1,345,0.0,0,0,24.9375,0.0675,0
0,0,0,0,1060,-4.484615385,0,0,26.095,0.0575,0
13,16,79,49,600,-3.592307692,0,0,25.9225,0.065,0
5,5,28,19,360,0.0,0,0,25.05,0.0575,0
5,5,29,20,350,0.0,0,0,24.97,0.0775,0
0,0,0,0,360,-0.073076923,0,0,25.265,0.06,0
11,12,51,35,355,0.0,0,0,25.22,0.0725,0
11,13,54,40,355,0.0,0,0,25.5825,0.0725,0
4,5,24,16,350,0.026923077,0,0,25.5975,0.07,0
8,8,40,26,360,-0.026923077,0,0,25.065,0.065,0
14,17,64,45,355,0.0,0,0,25.3,0.0725,0
11,11,59,43,485,-1.911538462,0,0,26.1075,0.06,0
6,6,32,21,350,0.0,0,0,25.0675,0.0725,0
150,234,186,10,1000,2.384615385,0,0,26.205,0.1925,3
0,0,0,0,355,0.0,0,0,25.5,0.075,0
148,234,177,10,975,4.3,0,0,26.2675,1.1525,3
0,0,0,0,355,0.0,0,0,25.1875,0.0725,0
10,12,56,35,370,0.353846154,0,1,25.5175,0.2375,3
6,6,33,22,350,0.0,0,0,25.035,0.0725,0
15,19,73,53,355,0.0,0,0,25.5975,0.0725,0
0,0,0,0,350,0.0,0,0,25.565,0.08,0
0,0,0,0,355,0.126923077,0,0,25.5175,0.075,0
0,0,0,0,360,0.038461538,0,0,25.265,0.06,0
0,0,4,3,350,0.0,0,0,25.565,0.0725,0
0,0,0,0,350,-0.019230769,0,0,25.44,0.07,0
0,0,0,0,350,-0.05,0,0,25.0975,0.07,0
0,0,0,0,485,-1.446153846,0,0,25.5975,0.0625,0
0,0,0,0,360,-0.042307692,0,0,25.1575,0.06,0
0,0,0,0,375,-0.042307692,0,0,25.345,0.0625,0
165,254,250,71,845,-0.4,1,1,26.39,0.36,2
0,0,1,1,355,0.003846154,0,0,24.9675,0.0625,0
0,0,0,0,370,0.0,0,0,25.3125,0.0574999999999999,0
0,0,0,0,360,0.088461538,0,0,25.0025,0.0625,0
118,22,32,22,490,0.784615385,1,0,26.155,0.1275,1
16,19,70,50,355,0.0,0,0,25.3925,0.0725,0
122,35,58,44,410,0.915384615,0,0,25.0975,0.295,1
165,254,277,70,880,0.980769231,1,1,26.39,0.5175000000000001,3
0,0,0,0,350,-0.011538462,0,0,25.565,0.075,0
114,24,176,10,790,1.688461538,0,1,26.0,1.0175,2
6,6,32,20,360,0.0,0,0,24.9525,0.0574999999999999,0
0,0,0,0,360,0.0,0,0,25.1425,0.0675,0
0,0,0,0,355,0.092307692,0,0,25.5175,0.075,0
165,255,277,72,930,2.226923077,1,0,26.4075,0.76,3
4,4,27,14,695,2.707692308,1,1,25.875,0.0725,3
0,0,0,0,360,-0.038461538,0,0,25.1275,0.0625,0
0,0,0,0,750,-1.576923077,0,0,25.72,0.065,0
119,24,38,28,465,1.55,0,0,26.155,0.06,1
0,0,0,0,365,0.0,0,0,25.3475,0.0575,0
10,11,49,35,355,0.0,0,0,25.19,0.0675,0
120,25,45,34,425,0.753846154,0,0,26.125,0.065,1
17,21,94,58,775,-2.503846154,0,0,26.065,0.07,0
159,246,214,66,645,0.4,1,1,26.405,0.5675,3
0,0,0,0,350,0.0,0,0,25.5175,0.0725,0
118,28,49,29,595,0.134615385,0,0,25.9375,0.075,1
119,33,66,42,565,-0.434615385,0,0,25.9375,0.1025,1
0,0,0,0,355,-0.103846154,0,0,25.485,0.07,0
0,0,0,0,350,-0.053846154,0,0,25.44,0.0725,0
0,0,0,0,540,-1.684615385,0,0,25.6125,0.0574999999999999,0
4,5,23,15,355,0.019230769,0,0,24.9675,0.0625,0
11,12,53,37,360,-0.076923077,0,0,25.1725,0.0574999999999999,0
0,0,0,0,740,-2.042307692,0,0,25.8,0.0625,0
0,0,0,0,360,0.0,0,0,25.28,0.0574999999999999,0
5,5,29,20,360,0.0,0,0,24.9675,0.065,0
0,0,0,0,345,0.0,0,0,25.235,0.07,0
16,20,76,54,355,0.0,0,0,25.5825,0.075,0
164,253,272,71,860,1.084615385,1,1,26.455,0.5625,3
0,0,0,0,425,-1.403846154,0,0,25.5,0.06,0
0,0,0,0,375,0.0,0,0,25.345,0.0574999999999999,0
0,0,0,0,355,-0.015384615,0,0,25.455,0.07,0
162,253,83,63,440,-1.242307692,0,0,25.8625,0.5775,2
0,0,0,0,385,-0.080769231,0,0,25.4225,0.0574999999999999,0
4,5,24,16,350,0.088461538,0,0,25.5975,0.075,0
8,8,40,27,355,0.0,0,0,25.0325,0.0675,0
13,14,59,42,355,-0.05,0,0,25.285,0.065,0
0,0,0,0,495,-1.780769231,0,0,25.515,0.09,0
0,0,0,0,365,-0.238461538,0,0,25.28,0.06,0
6,6,32,21,350,0.0,0,0,25.0325,0.075,0
149,238,180,10,1190,2.338461538,1,0,26.61,0.26,3
123,37,67,49,365,0.273076923,0,0,25.4375,0.2725,1
10,10,47,31,355,0.0,0,0,25.1425,0.0725,0
0,0,0,0,925,-3.042307692,0,0,25.9225,0.0675,0
0,0,0,0,355,0.2,0,0,25.5325,0.065,0
119,24,40,29,450,1.376923077,0,0,26.155,0.26,1
116,25,185,15,710,2.273076923,1,1,26.0,0.2925,2
0,0,0,0,1055,-4.784615385,0,0,26.11,0.06,0
0,0,0,0,360,-0.092307692,0,0,25.28,0.06,0
0,0,0,0,355,0.0,0,0,25.1575,0.0725,0
0,0,0,0,345,0.0,0,0,25.095,0.07,0
7,7,37,24,360,0.023076923,0,0,25.015,0.0625,0
114,19,180,7,1020,0.115384615,0,0,26.1425,0.1275,2
0,0,0,0,350,0.007692308,0,0,25.0975,0.0725,0
0,0,0,0,365,-0.138461538,0,0,25.3625,0.0574999999999999,0
0,0,0,0,685,-2.203846154,0,0,25.69,0.06,0
123,38,69,49,380,0.296153846,0,0,25.565,0.3475,1
151,232,75,58,570,2.230769231,1,1,25.5475,0.9425,2
14,16,64,45,360,0.05,0,0,25.2675,0.0625,0
0,0,1,1,350,0.023076923,0,0,25.5475,0.0725,0
0,0,0,0,355,0.0,0,0,24.9525,0.06,0
17,21,93,57,795,-2.153846154,0,0,26.0475,0.0725,0
3,3,16,12,360,0.026923077,0,0,24.9675,0.0625,0
6,6,34,22,360,0.0,0,0,24.9825,0.0675,0
163,251,272,74,955,1.892307692,0,0,26.47,0.1925,3
117,23,189,12,665,3.046153846,0,0,26.0175,0.72,2
10,11,48,34,355,0.0,0,0,25.125,0.07,0
161,249,83,61,585,2.192307692,0,0,26.2025,0.47,2
18,22,96,59,930,-1.226923077,0,0,26.205,0.06,0
0,0,0,0,370,-0.215384615,0,0,25.33,0.065,0
142,227,5,6,840,-0.673076923,1,1,25.97,0.3949999999999999,2
0,0,0,0,415,-1.242307692,0,0,25.5175,0.06,0
155,233,74,57,555,3.165384615,1,0,25.515,0.4525,2
0,0,0,0,350,-0.05,0,0,25.44,0.0725,0
3,3,15,10,355,0.026923077,0,0,24.97,0.06,0
0,0,0,0,735,-2.415384615,0,0,25.7525,0.06,0
0,0,0,0,355,-0.188461538,0,0,25.08,0.0575,0
9,11,45,33,355,0.0,0,0,25.5975,0.0675,0
0,0,0,0,670,-2.746153846,0,0,25.6425,0.0625,0
0,0,0,0,360,0.003846154,0,0,25.265,0.06,0
0,0,0,0,365,-0.011538462,0,0,25.2025,0.0625,0
147,231,175,21,800,0.630769231,0,0,25.955,0.1,2
0,0,0,0,365,-0.053846154,0,0,25.295,0.06,0
0,0,0,0,360,-0.119230769,0,0,24.955,0.065,0
0,0,0,0,445,-2.215384615,0,0,25.5325,0.065,0
3,4,20,13,720,2.461538462,0,1,25.8925,0.4624999999999999,3
163,251,87,65,570,3.55,0,0,26.14,1.1700000000000002,2
120,34,70,44,580,-1.426923077,0,0,25.94,0.195,1
157,244,75,58,595,2.226923077,0,0,26.045,0.0775,2
123,35,58,44,405,0.807692308,0,0,25.08,0.1425,1
0,0,0,0,350,-0.030769231,0,0,25.5175,0.08,0
0,0,0,0,1165,-4.746153846,0,0,26.2375,0.0675,0
121,26,49,36,420,-0.711538462,0,0,26.11,0.0875,1
2,2,14,9,360,-0.069230769,0,0,25.0325,0.0625,0
149,236,180,11,880,2.415384615,1,1,26.2675,1.3775000000000002,3
164,251,271,73,960,1.830769231,1,1,26.485,0.1725,3
5,6,29,20,350,-0.215384615,0,0,25.5975,0.07,0
150,235,186,11,825,1.834615385,0,0,26.11,0.275,3
0,0,0,0,355,0.215384615,0,0,25.4875,0.07,0
0,0,0,0,375,0.0,0,0,25.3775,0.065,0
5,5,28,19,360,0.0,0,0,25.065,0.0575,0
113,19,177,7,1035,-0.876923077,0,0,26.22,0.38,2
0,0,0,0,355,0.0,0,0,25.0,0.0775,0
5,5,24,16,360,0.146153846,0,0,24.9675,0.0625,0
0,0,0,0,355,0.173076923,0,0,25.5325,0.0725,0
7,8,36,26,350,-0.073076923,0,0,25.6275,0.0675,0
0,0,0,0,345,0.0,0,0,25.11,0.065,0
150,239,181,11,1220,1.330769231,0,0,26.6725,0.0675,3
146,231,174,20,805,-0.026923077,1,1,25.9875,0.2324999999999999,2
155,234,63,49,450,0.896153846,1,1,25.3625,0.7825000000000001,2
0,0,0,0,355,0.0,0,0,25.265,0.075,0
0,0,0,0,355,0.0,0,0,25.395,0.075,0
0,0,0,0,365,0.0,0,0,25.3625,0.065,0
0,0,0,0,355,-0.030769231,0,0,25.5025,0.0675,0
1,1,8,5,355,0.0,0,0,24.9525,0.0625,0
149,237,180,11,855,1.453846154,1,1,26.11,0.9775,3
11,13,54,39,355,-0.042307692,0,0,25.22,0.065,0
10,11,49,34,355,0.169230769,0,0,25.19,0.0675,0
16,20,72,52,355,0.0,0,0,25.36,0.0675,0
9,11,47,34,355,0.0,0,0,25.5975,0.0725,0
0,0,0,0,1025,0.673076923,0,0,26.11,0.0625,0
5,5,24,17,350,0.0,0,0,24.935,0.07,0
7,7,35,23,360,-0.034615385,0,0,25.0975,0.0625,0
18,22,80,57,355,0.0,0,0,25.5325,0.075,0
0,0,0,0,380,0.0,0,0,25.3925,0.0574999999999999,0
118,23,190,12,675,2.826923077,0,0,26.0,0.8075000000000001,2
13,14,65,47,540,0.334615385,0,0,26.1425,0.0775,0
0,0,0,0,535,-2.207692308,0,0,25.595,0.0725,0
0,0,0,0,350,-0.065384615,0,0,25.44,0.0725,0
0,0,0,0,825,-1.080769231,0,0,25.895,0.0675,0
114,24,175,10,795,2.296153846,0,1,26.015,0.065,2
6,6,31,21,345,0.0,0,0,25.0025,0.065,0
0,0,0,0,355,0.0,0,0,25.1125,0.07,0
0,0,0,0,380,-0.192307692,0,0,25.4075,0.0675,0
10,10,54,39,450,-1.442307692,0,0,26.0775,0.06,0
3,4,19,14,350,-0.057692308,0,0,25.6275,0.0725,0
14,16,64,45,360,0.080769231,0,0,25.285,0.065,0
0,0,0,0,360,0.0,0,0,25.11,0.0574999999999999,0
116,26,188,19,680,2.307692308,0,1,25.985,0.6825000000000001,2
7,8,37,24,355,0.0,0,0,25.0175,0.065,0
12,13,62,45,545,-1.065384615,0,0,26.1575,0.215,0
0,0,0,0,370,-0.046153846,0,0,25.33,0.06,0
18,22,98,60,900,-2.257692308,0,0,26.19,0.0625,0
16,19,70,50,355,0.0,0,0,25.4075,0.07,0
10,12,50,35,355,0.0,0,0,25.22,0.07,0
156,244,81,63,645,1.019230769,1,0,26.2375,0.54,2
10,10,45,31,360,0.092307692,0,0,25.1275,0.065,0
2,2,14,9,350,0.0,0,0,24.9375,0.07,0
18,22,79,57,355,0.0,0,0,25.5175,0.0675,0
0,0,0,0,360,0.046153846,0,0,25.095,0.0574999999999999,0
14,14,68,49,530,-3.984615385,1,0,26.125,0.3199999999999999,0
114,19,180,7,1040,0.476923077,1,0,26.1875,0.3025,2
0,0,0,0,725,-1.519230769,0,0,25.7025,0.065,0
0,0,0,0,365,-0.126923077,0,0,25.33,0.0625,0
10,12,49,35,355,0.0,0,0,25.6125,0.0725,0
0,0,0,0,355,-0.057692308,0,0,24.9375,0.0625,0
0,0,0,0,380,-0.296153846,0,0,25.3925,0.06,0
0,0,0,0,685,-1.976923077,0,0,25.705,0.0675,0
0,0,0,0,385,-0.126923077,0,0,25.425,0.0675,0
5,5,28,19,360,0.026923077,0,0,25.0,0.0625,0
0,0,0,0,375,-0.223076923,0,0,25.3775,0.0625,0
115,24,179,11,750,1.176923077,1,1,26.0175,0.7,2
0,0,0,0,845,-2.438461538,0,0,25.8425,0.06,0
6,6,32,21,360,0.0,0,0,24.9975,0.065,0
18,22,99,59,945,-0.519230769,0,0,26.22,0.1475,0
10,10,53,38,455,-1.403846154,0,0,26.0775,0.0574999999999999,0
6,6,32,21,345,0.0,0,0,25.0025,0.065,0
17,20,73,53,355,0.0,0,0,25.3925,0.075,0
0,0,0,0,355,-0.088461538,0,0,25.4875,0.075,0
148,235,178,11,890,2.642307692,1,0,26.44,0.33,3
149,236,185,11,780,2.669230769,1,1,26.0775,0.865,3
0,0,0,0,385,0.0,0,0,25.4225,0.065,0
0,0,0,0,355,0.088461538,0,0,25.05,0.0575,0
0,0,0,0,475,-1.55,0,0,25.5325,0.06,0
0,0,0,0,375,-0.296153846,0,0,25.3925,0.055,0
3,4,20,13,720,2.430769231,1,1,25.875,0.3174999999999999,3
142,227,5,7,830,-0.3,1,0,26.0,0.3925,2
116,22,186,10,735,2.653846154,0,0,26.015,0.8200000000000001,2
119,24,200,19,565,1.288461538,0,0,26.0,0.1225,2
0,0,0,0,365,-0.084615385,0,0,25.2975,0.0575,0
14,15,71,52,585,-2.615384615,0,0,26.1725,0.0675,0
17,20,75,53,355,0.0,0,0,25.3775,0.07,0
0,0,0,0,355,0.173076923,0,0,25.5325,0.07,0
123,35,57,44,390,-0.365384615,1,0,24.9825,0.195,1
123,35,58,45,395,0.061538462,0,0,25.05,0.07,1
0,0,0,0,500,-2.023076923,0,0,25.58,0.065,0
18,22,95,59,965,0.380769231,0,0,26.2825,0.0625,0
0,0,0,0,360,0.0,0,0,25.315,0.0675,0
14,15,62,45,355,0.0,0,0,25.285,0.0725,0
93,31,63,45,360,-0.042307692,1,1,25.33,0.405,1
0,0,0,0,355,0.0,0,0,25.2825,0.0725,0
0,0,2,1,355,0.046153846,0,0,25.58,0.07,0
119,29,54,34,595,0.892307692,0,0,25.905,0.0625,1
0,0,0,0,435,-2.153846154,0,0,25.47,0.0675,0
0,0,0,0,365,-0.007692308,0,0,25.1875,0.0625,0
9,10,45,30,355,0.069230769,0,0,25.0925,0.065,0
115,24,178,11,755,1.153846154,0,0,26.0,0.06,2
0,0,0,0,355,0.030769231,0,0,25.08,0.0574999999999999,0
0,0,0,0,345,0.0,0,0,25.125,0.07,0
150,239,188,12,760,1.073076923,1,1,26.0475,1.335,3
14,15,62,45,360,-0.053846154,0,0,25.3,0.0625,0
0,0,0,0,350,-0.092307692,0,0,25.5025,0.0725,0
5,5,24,16,360,0.0,0,0,25.0325,0.06,0
6,7,34,22,345,0.0,0,0,25.015,0.0625,0
160,250,81,61,390,0.380769231,0,1,25.72,1.2175,2
14,17,83,51,685,-2.088461538,0,0,25.97,0.07,0
123,35,58,44,415,0.961538462,0,0,25.095,0.0575,1
162,247,254,69,880,1.365384615,1,1,26.4525,1.54,3
0,0,0,0,360,0.069230769,0,0,25.065,0.06,0
0,0,0,0,350,-0.15,0,0,25.5025,0.075,0
0,0,0,0,375,-0.046153846,0,0,25.3775,0.06,0
0,0,0,0,390,-1.523076923,0,0,25.47,0.06,0
0,0,0,0,385,0.0,0,0,25.4225,0.0575,0
5,5,23,15,350,0.0,0,0,24.905,0.075,0
13,14,57,40,355,0.0,0,0,25.2675,0.07,0
0,0,0,0,830,-1.788461538,0,0,25.8275,0.0625,0
119,23,33,24,480,1.184615385,0,0,26.1725,0.07,1
0,0,0,0,840,0.419230769,0,0,25.94,0.0675,0
0,0,0,0,460,-0.988461538,0,0,25.515,0.0574999999999999,0
7,6,38,25,500,2.15,0,1,25.8125,0.1425,3
0,0,0,0,375,-0.084615385,0,0,25.39,0.0675,0
0,0,0,0,355,-0.026923077,0,0,24.9825,0.06,0
0,0,0,0,470,-1.353846154,0,0,25.53,0.0525,0
0,0,0,0,355,-0.092307692,0,0,25.11,0.06,0
1,1,10,6,350,0.0,0,0,25.595,0.0725,0
0,0,0,0,345,0.0,0,0,25.1575,0.0625,0
0,0,0,0,425,-1.584615385,0,0,25.47,0.065,0
0,0,0,0,355,0.0,0,0,25.47,0.075,0
0,0,0,0,380,-0.026923077,0,0,25.39,0.0574999999999999,0
14,14,67,49,615,-0.242307692,0,0,26.1725,0.0875,0
120,34,70,44,580,-1.157692308,0,0,25.925,0.06,1
0,0,0,0,355,0.203846154,0,0,25.485,0.07,0
1,1,7,5,350,0.0,0,0,25.5625,0.075,0
114,19,180,7,1025,0.480769231,1,0,26.1425,0.4025,2
5,5,24,17,350,0.015384615,0,0,25.6125,0.0725,0
11,14,55,40,355,0.0,0,0,25.6125,0.08,0
7,7,35,24,355,-0.215384615,0,0,24.9675,0.075,0
123,37,69,49,375,0.126923077,1,0,25.5025,0.2825,1
0,0,0,0,355,0.0,0,0,25.36,0.075,0
119,29,54,34,590,1.423076923,1,0,25.905,0.0675,1
0,0,4,2,360,-0.073076923,0,0,25.05,0.0574999999999999,0
0,0,0,0,370,0.0,0,0,25.295,0.0575,0
117,27,192,22,625,0.246153846,1,1,25.94,0.165,2
117,26,188,20,655,1.142307692,1,0,25.97,0.175,2
14,19,85,53,715,-2.519230769,0,0,26.0,0.06,0
161,253,82,61,460,1.238461538,1,0,25.83,0.5674999999999999,2
0,0,0,0,345,0.0,0,0,24.9675,0.0675,0
0,0,0,0,345,0.0,0,0,25.1875,0.0625,0
0,0,0,0,560,-1.934615385,0,0,25.565,0.0675,0
119,31,60,38,590,0.542307692,0,0,25.9225,0.1924999999999999,1
10,10,38,34,380,0.342307692,0,1,25.7525,0.0725,3
0,0,3,2,345,0.0,0,0,24.9675,0.07,0
165,256,278,72,870,-0.9,1,1,26.375,1.4675,3
12,15,60,44,355,0.0,0,0,25.6125,0.075,0
0,0,0,0,355,-0.061538462,0,0,25.44,0.0725,0
0,0,0,0,355,0.0,0,0,25.3625,0.0725,0
115,24,178,10,755,1.188461538,0,1,26.015,2.39,2
15,20,90,56,685,-2.742307692,0,0,25.9875,0.0625,0
0,0,0,0,375,-0.284615385,0,0,25.39,0.065,0
0,0,0,0,380,-0.042307692,0,0,25.39,0.07,0
14,19,85,52,730,-2.961538462,0,0,26.015,0.07,0
121,26,49,36,405,-0.957692308,0,0,26.125,0.0725,1
0,0,0,0,355,0.126923077,0,0,25.485,0.0725,0
8,9,41,28,360,-0.011538462,0,0,25.0475,0.0625,0
4,4,21,14,360,0.003846154,0,0,25.0175,0.06,0
155,233,74,56,560,2.653846154,1,0,25.5475,0.1974999999999999,2
0,0,0,0,345,0.0,0,0,25.05,0.0675,0
0,0,0,0,350,-0.123076923,0,0,25.4875,0.0775,0
0,0,3,2,350,0.0,0,0,25.5475,0.075,0
0,0,0,0,465,-1.330769231,0,0,25.53,0.0574999999999999,0
119,33,65,42,570,-0.376923077,1,0,25.9375,0.5125,1
3,4,20,13,720,2.457692308,0,1,25.8925,0.3925,3
0,0,0,0,385,-0.280769231,0,0,25.4075,0.0575,0
15,20,89,54,755,-3.919230769,0,0,26.065,0.06,0
159,249,76,55,420,1.426923077,0,0,25.795,0.2525,2
0,0,0,0,360,0.0,0,0,25.08,0.06,0
11,12,53,37,355,-0.053846154,0,0,25.175,0.065,0
6,7,35,23,360,-0.023076923,0,0,25.0325,0.065,0
2,3,15,10,755,1.657692308,0,1,25.9225,0.1375,3
0,0,6,4,350,0.0,0,0,24.985,0.07,0
12,14,60,44,355,0.0,0,0,25.6275,0.0725,0
0,0,1,1,355,0.019230769,0,0,24.985,0.065,0
7,7,36,24,355,-0.223076923,0,0,24.9525,0.075,0
0,0,0,0,385,-0.246153846,0,0,25.455,0.055,0
0,0,0,0,345,0.0,0,0,25.0175,0.0625,0
1,1,8,5,345,0.0,0,0,24.9375,0.065,0
0,0,0,0,380,-0.042307692,0,0,25.4075,0.06,0
0,0,0,0,360,-0.061538462,0,0,25.2675,0.06,0
0,0,0,0,950,-2.715384615,0,0,25.9725,0.0775,0
117,19,183,7,1055,2.142307692,1,1,26.235,0.7925,2
0,0,0,0,355,0.026923077,0,0,25.08,0.065,0
0,0,0,0,555,-2.057692308,0,0,25.595,0.06,0
118,22,185,9,750,-0.007692308,0,0,26.015,0.47,2
12,14,56,40,355,0.0,0,0,25.235,0.08,0
0,0,0,0,355,0.069230769,0,0,25.47,0.0725,0
0,0,0,0,360,-0.092307692,0,0,25.1275,0.0525,0
0,0,0,0,805,-1.65,0,0,25.8125,0.0625,0
150,234,186,10,1010,2.434615385,0,0,26.235,0.1675,3
0,0,0,0,355,0.203846154,0,0,25.44,0.0725,0
6,6,31,21,360,0.0,0,0,24.9675,0.0625,0
0,0,2,1,345,0.0,0,0,24.9675,0.0675,0
0,0,0,0,715,-1.638461538,0,0,25.7025,0.07,0
6,7,35,23,360,-0.026923077,0,0,25.015,0.065,0
149,239,185,25,785,1.607692308,1,0,25.925,0.095,3
14,16,65,45,360,0.153846154,0,0,25.2675,0.06,0
0,0,0,0,355,0.192307692,0,0,25.485,0.07,0
164,254,276,71,875,1.1,0,1,26.39,0.295,3
3,3,18,13,360,0.065384615,0,0,25.0175,0.055,0
2,2,10,7,350,-0.042307692,0,0,25.61,0.0675,0
0,0,0,0,350,-0.069230769,0,0,25.5025,0.0725,0
0,0,0,0,375,-0.234615385,0,0,25.3775,0.0574999999999999,0
0,0,0,0,425,-1.357692308,0,0,25.47,0.065,0
0,0,0,0,355,-0.092307692,0,0,24.955,0.065,0
5,5,24,18,350,0.046153846,0,0,25.5975,0.07,0
0,0,0,0,375,0.0,0,0,25.315,0.06,0
0,0,0,0,360,-0.026923077,0,0,25.0175,0.0574999999999999,0
0,0,0,0,505,-1.807692308,0,0,25.515,0.06,0
14,16,65,46,360,0.015384615,0,0,25.2825,0.065,0
0,0,0,0,360,0.046153846,0,0,25.095,0.06,0
0,0,0,0,360,-0.138461538,0,0,25.1575,0.0625,0
6,8,35,25,350,-0.246153846,0,0,25.5975,0.0725,0
0,0,0,0,485,-1.711538462,0,0,25.5,0.0675,0
0,0,4,2,355,-0.065384615,0,0,25.05,0.0625,0
0,0,3,2,350,-0.003846154,0,0,25.05,0.08,0
121,26,49,36,415,-0.376923077,1,0,26.125,0.1725,1
3,3,15,10,350,0.0,0,0,24.9525,0.0725,0
0,0,0,0,360,-0.119230769,0,0,25.28,0.0575,0
7,7,36,24,360,0.046153846,0,0,25.0325,0.1175,0
10,10,48,33,360,-0.003846154,0,0,25.175,0.065,0
6,6,31,21,345,0.0,0,0,24.97,0.07,0
0,0,0,0,355,-0.096153846,0,0,24.985,0.06,0
7,7,35,24,360,-0.038461538,0,0,25.015,0.0725,0
4,4,19,13,350,0.0,0,0,24.92,0.075,0
0,0,0,0,545,-2.130769231,0,0,25.565,0.065,0
0,0,0,0,350,-0.003846154,0,0,25.5025,0.07,0
0,0,0,0,360,0.0,0,0,25.08,0.055,0
10,12,51,37,355,0.0,0,0,25.5975,0.0725,0
0,0,5,3,355,0.0,0,0,24.9525,0.06,0
0,0,0,0,995,-1.103846154,0,0,26.0475,0.06,0
150,234,185,10,970,1.915384615,0,1,26.22,0.35,3
14,16,64,45,360,0.092307692,0,0,25.2825,0.0625,0
0,0,5,3,360,0.015384615,0,0,25.0175,0.0625,0
160,249,79,58,440,2.153846154,1,1,25.815,0.36,2
0,0,0,0,370,0.026923077,0,0,25.3625,0.06,0
12,14,54,39,355,0.0,1,0,25.205,0.0725,0
0,0,0,0,345,-0.046153846,0,0,25.25,0.065,0
0,0,0,0,370,-0.126923077,0,0,25.3775,0.06,0
0,0,0,0,355,0.057692308,0,0,25.455,0.0675,0
6,6,32,20,360,0.0,0,0,24.9825,0.0625,0
114,19,178,7,1040,-0.480769231,0,0,26.1875,0.0875,2
165,255,277,72,945,1.284615385,0,0,26.425,0.2075,3
0,0,0,0,860,-2.757692308,0,0,25.895,0.0625,0
0,0,5,4,355,0.134615385,0,0,25.05,0.0625,0
15,20,74,53,355,0.0,0,0,25.5975,0.0775,0
114,19,179,7,1035,0.084615385,1,0,26.1725,0.115,2
123,37,68,49,360,0.073076923,0,0,25.375,0.095,1
9,10,45,30,355,-0.076923077,0,0,25.095,0.0675,0
0,0,0,0,675,-2.434615385,0,0,25.6725,0.0625,0
116,20,20,14,535,0.503846154,1,0,26.185,0.285,1
0,0,0,0,365,0.0,0,0,25.3775,0.055,0
0,0,0,0,380,-0.288461538,0,0,25.39,0.0675,0
14,16,65,45,360,0.057692308,0,0,25.2825,0.07,0
14,19,70,51,355,0.0,0,0,25.6275,0.0725,0
7,7,37,24,355,-0.046153846,0,0,25.03,0.0725,0
149,234,179,10,1025,2.484615385,0,0,26.2675,0.3175,3
0,0,0,0,355,0.034615385,0,0,25.485,0.07,0
13,14,57,40,355,0.0,0,0,25.2825,0.07,0
0,0,0,0,360,0.007692308,0,0,25.1575,0.0574999999999999,0
17,20,75,54,355,0.0,0,0,25.4375,0.07,0
17,20,75,54,355,0.0,0,0,25.345,0.1275,0
0,0,0,0,360,-0.015384615,0,0,25.1425,0.06,0
14,15,70,51,660,2.373076923,0,0,26.25,0.0675,0
5,5,23,15,360,0.038461538,0,0,25.0475,0.06,0
157,242,69,54,450,0.538461538,0,1,25.36,0.3875,2
0,0,0,0,380,-0.261538462,0,0,25.4375,0.0574999999999999,0
